,,,,,,,,,,,,,,,,,,,,,,,,,,,,,,,,,,,,,,,,,,,,,,,,,,,,,,,,,,,,,,,,,,,,,,,,,,,,,,,,,,,,,,,,,,,,,,,,,,,,,,,,,,,,,,,,,,,,,,,,,,,,,,,,,,,,,,,,,,,,,,,,,,,,,,,,,,,,,,,,,,,,,,,,,,,,,,,,,,,,,,,,,,,,,,,
,,,,,,,,,,,,,,,,,,,,,,,,,,,,,,,,,,,,,,,,,,,,,,,,,,,,,,,,,,,,,,,,,,,,,,,,,,,,,,,,,,,,,,,,,,,,,,,,,,,,,,,,,,,,,,,,,,,,,,,,,,,,,,,,,,,,,,,,,,,,,,,,,,,,,,,,,,,,,,,,,,,,,,,,,,,,,,,,,,,,,,,,,,,,,,,
,,,,,,,,,,,,,,,,,,,,,,,,,,,,,,,,,,,,,,,,,,,,,,,,,,,,,,,,,,,,,,,,,,,,,,,,,,,,,,,,,,,,,,,,,,,,,,,,,,,,,,,,,,,,,,,,,,,,,,,,,,,,,,,,,,,,,,,,,,,,,,,,,,,,,,,,,,,,,,,,,,,,,,,,,,,,,,,,,,,,,,,,,,,,,,,
,,,,,,,,,,👾,👾,👾,👾,👾,👾,👾,👾,👾,👾,👾,👾,👾,👾,👾,👾,👾,👾,👾,👾,👾,👾,👾,👾,👾,👾,👾,👾,👾,👾,👾,👾,👾,👾,👾,👾,👾,👾,👾,👾,👾,👾,👾,👾,👾,👾,👾,👾,👾,👾,👾,👾,👾,👾,,,,,,,,,,,,,,,,,,,,,,,,,,,,,,,,,,,,,,,,,,,,,,,,,,,,,,,,,,,,,,,,,,,,,,,,,,,,,,,,,,,,,,,,,,,,,,,,,,,,,,,,,,,,,,,,,,,,,,,,,,,,,,⛰️,⛰️,🗻
,,,,,,,,,,👾,👾,👾,👾,👾,👾,👾,👾,👾,👾,👾,👾,👾,👾,👾,👾,👾,👾,👾,👾,👾,👾,👾,👾,👾,👾,👾,👾,👾,👾,👾,👾,👾,👾,👾,👾,👾,👾,👾,👾,👾,👾,👾,👾,👾,👾,👾,👾,👾,👾,👾,👾,👾,👾,,,,,,,,,,,,,,,,,,,,,,,,,,,,,,,,,,,,,,,,,,,,,,,,,,,,,,,,,,,,,,,,,,,,,,,,,,,,,,,,,,,,,,,,,,,,,,,,,,,,,,,,,,,,,,,,,,,,,,,,,,,,,,,🏔️,🗻
,,,,,,,,,,👾,👾,👾,👾,👾,👾,👾,👾,👾,👾,👾,👾,👾,👾,👾,👾,👾,👾,👾,👾,👾,👾,👾,👾,👾,👾,👾,👾,👾,👾,👾,👾,👾,👾,👾,👾,👾,👾,👾,👾,👾,👾,👾,👾,👾,👾,👾,👾,👾,👾,👾,👾,👾,👾,,,,,,,,,,,,,,,,,,,,,,,,,,,,,,,,,,,,,,,,,,,,,,,,,,,,,,,,,,,,,,,,,,,,,,,,,,,,,,,,,,,,,,,,,,,,,,,,,,,,,,,,,,,,,,,,,,,,,,,,,,,,,,🪨,🪨,🗻
,,,,,,,,,,👾,👾,👾,👾,👾,👾,👾,👾,👾,👾,👾,👾,👾,👾,👾,👾,👾,👾,👾,👾,👾,👾,👾,👾,👾,👾,👾,👾,👾,👾,👾,👾,👾,👾,👾,👾,👾,👾,👾,👾,👾,👾,👾,👾,👾,👾,👾,👾,👾,👾,👾,👾,👾,👾,,,,,,,,,,,,,,,,,,,,,,,,,,,,,,,,,,,,,,,,,,,,,,,,,,,,,,,,,,,,,,,,,,,,,,,,,,,,,,,,,,,,,,,,,,,,,,,,,,,,,,,,,,,,,,,,,,,,,,,,,,,,,,🗻,🗻,
,,,,,,,,,,👾,👾,👾,👾,👾,👾,👾,👾,👾,👾,👾,👾,👾,👾,👾,👾,👾,👾,👾,👾,👾,👾,👾,👾,👾,👾,👾,👾,👾,👾,👾,👾,👾,👾,👾,👾,👾,👾,👾,👾,👾,👾,👾,👾,👾,👾,👾,👾,👾,👾,👾,👾,👾,👾,,,,,,,,,,,,,,,,,,,,,,,,,,,,,,,,,,,,,,,,,,,,,,,,,,,,,,,,,,,,,,,,,,,,,,,,,,,,,,,,,,,,,,,,,,,,,,,,,,,,,,,,,,,,,,,,,,,,,,,,,,,,,,🗻,🗻,
,,,,,,,,,,👾,👾,👾,👾,👾,👾,👾,👾,👾,👾,👾,👾,👾,👾,👾,👾,👾,👾,👾,👾,👾,👾,👾,👾,👾,👾,👾,👾,👾,👾,👾,👾,👾,👾,👾,👾,👾,👾,👾,👾,👾,👾,👾,👾,👾,👾,👾,👾,👾,👾,👾,👾,👾,👾,,,,,,,,,,,,,,,,,,,,,,,,,,,,,,,,,,,,,,,,,,,,,,,,,,,,,,,,,,,,,,,,,,,,,,,,,,,,,,,,,,,,,,,,,,,,,,,,,,,,,,,,,,,,,,,,,,,,,,,,,,,,,,,🪨,🏔️
,,,👾,👾,👾,👾,👾,👾,👾,👾,👾,👾,👾,👾,👾,👾,👾,👾,👾,👾,👾,👾,👾,👾,👾,👾,👾,👾,👾,👾,👾,👾,👾,👾,👾,👾,👾,👾,👾,👾,👾,👾,👾,👾,👾,👾,👾,👾,👾,👾,👾,👾,👾,👾,👾,👾,👾,👾,👾,👾,👾,👾,👾,,,,,,,,,,,,,,,,,,,,,,,,,,,,,,,,,,,,,,,,,,,,,,,,,,,,,,,,,,,,,,,,,,,,,,,,,,,,,,,,,,,,,,,,,,,,,,,,,,,,,,,,,,,,,,,,,,,,,,,,,,,,,,,🏔️,🪨
,,,👾,👾,👾,👾,👾,👾,👾,👾,👾,👾,👾,👾,👾,👾,👾,👾,👾,👾,👾,👾,👾,👾,👾,👾,👾,👾,👾,👾,👾,👾,👾,👾,👾,👾,👾,👾,👾,👾,👾,👾,👾,👾,👾,👾,👾,👾,👾,👾,👾,👾,👾,👾,👾,👾,👾,👾,👾,👾,👾,👾,👾,,,,,,,,,,,,,,,,,,,,,,,,,,,,,,,,,,,,,,,,,,,,,,,,,,,,,,,,,,,,,,,,,,,,,,,,,,,,,,,,,,,,,,,,,,,,,,,,,,,,,,,,,,,,,,,,,,,,,,,,,,,,,,🪨,🪨,🪨
,,,👾,👾,👾,👾,👾,👾,👾,👾,👾,👾,👾,👾,👾,👾,👾,👾,👾,👾,👾,👾,👾,👾,👾,👾,👾,👾,👾,👾,👾,👾,👾,👾,👾,👾,👾,👾,👾,👾,👾,👾,👾,👾,👾,👾,👾,👾,👾,👾,👾,👾,👾,👾,👾,👾,👾,👾,👾,👾,👾,👾,👾,,,,,,,,,,,,,,,,,,,,,,,,,,,,,,,,,,,,,,,,,,,,,,,,,,,,,,,,,,,,,,,,,,,,,,,,,,,,,,,,,,,,,,,,,,,,,,,,,,,,,,,,,,,,,,,,,,,,,,,,,,,,,,🗻,⛰️,⛰️
,,,👾,👾,👾,👾,👾,👾,👾,👾,👾,👾,👾,👾,👾,👾,👾,👾,👾,👾,👾,👾,👾,👾,👾,👾,👾,👾,👾,👾,👾,👾,👾,👾,👾,👾,👾,👾,👾,👾,👾,👾,👾,👾,👾,👾,👾,👾,👾,👾,👾,👾,👾,👾,👾,👾,👾,👾,👾,👾,👾,👾,👾,,,,,,,,,,,,,,,,,,,,,,,,,,,,,,,,,,,,,,,,,,,,,,,,,,,,,,,,,,,,,,,,,,,,,,,,,,,,,,,,,,,,,,,,,,,,,,,,,,,,,,,,,,,,,,,,,,,,,,,,,,,,,,,⛰️,⛰️
,,,👾,👾,👾,👾,👾,👾,👾,👾,👾,👾,👾,👾,👾,👾,👾,👾,👾,👾,👹,👹,👹,👾,👾,👾,👾,👾,👾,👾,👾,👾,👾,👾,👾,👾,👾,👾,👾,👾,👾,👾,👾,👾,👾,👾,👾,👾,👾,👾,👾,👾,👾,👾,👾,👾,👾,👾,👾,👾,👾,👾,👾,,,,,,,,,,,,,,,,,,,,,,,,,,,,,,,,,,,,,,,,,,,,,,,,,,,,,,,,,,,,,,,,,,,,,,,,,,,,,,,,,,,,,,,,,,,,,,,,,,,,,,,,,,,,,,,,,,,,,,,,,,,,,,🏔️,🪨,🗻
,,,👾,👾,👾,👾,👾,👾,👾,👾,👾,👾,👾,👾,👾,👾,👾,👾,👾,👾,👹,👹,👹,👾,👾,👾,👾,👾,👾,👾,👾,👾,👾,👾,👾,👾,👾,👾,👾,👾,👾,👾,👾,👾,👾,👾,👾,👾,👾,👾,👾,👾,👾,👾,👾,👾,👾,👾,👾,👾,👾,👾,👾,,,,,,,,,,,,,,,,,,,,,,,,,,,,,,,,,,,,,,,,,,,,,,,,,,,,,,,,,,,,,,,,,,,,,,,,,,,,,,,,,,,,,,,,,,,,,,,,,,,,,,,,,,,,,,,,,,,,,,,,,,,,,,🪨,🗻,🪨
,,,👾,👾,👾,👾,👾,👾,👾,👾,👾,👾,👾,👾,👾,👾,👾,👾,👾,👾,👹,👹,👹,👾,👾,👾,👾,👾,👾,👾,👾,👾,👾,👾,👾,👾,👾,👾,👾,👾,👾,👾,👾,👾,👾,👾,👾,👾,👾,👾,👾,👾,👾,👾,👾,👾,👾,👾,👾,👾,👾,👾,👾,,,,,,,,,,,,,,,,,,,,,,,,,,,,,,,,,,,,,,,,,,,,,,,,,,,,,,,,,,,,,,,,,,,,,,,,,,,,,,,,,,,,,,,,,,,,,,,,,,,,,,,,,,,,,,,,,,,,,,,,,,,,,,,🗻,
,,,👾,👾,👾,👾,👾,👾,👾,👾,👾,👾,👾,👾,👾,👾,👾,👾,👾,👾,👾,👾,👾,👾,👾,👾,👾,👾,👾,👾,👾,👾,👾,👾,👾,👾,👾,👾,👾,👾,👾,👾,👾,👾,👾,👾,👾,👾,👾,👾,👾,👾,👾,👾,👾,👾,👾,👾,👾,👾,👾,👾,👾,,,,,,,,,,,,,,,,,,,,,,,,,,,,,,,,,,,,,,,,,,,,,,,,,,,,,,,,,,,,,,,,,,,,,,,,,,,,,,,,,,,,,,,,,,,,,,,,,,,,,,,,,,,,,,,,,,,,,,,,,,,,,,,🗻,🏔️
,,,👾,👾,👾,👾,👾,👾,👾,👾,👾,👾,👾,👾,👾,👾,👾,👾,👾,👾,👾,👾,👾,👾,👾,👾,👾,👾,👾,👾,👾,👾,👾,👾,👾,👾,👾,👾,👾,👾,👾,👾,👾,👾,👾,👾,👾,👾,👾,👾,👾,👾,👾,👾,👾,👾,👾,👾,👾,👾,👾,👾,👾,,,,,,,,,,,,,,,,,,,,,,,,,,,,,,,,,,,,,,,,,,,,,,,,,,,,,,,,,,,,,,,,,,,,,,,,,,,,,,,,,,,,,,,,,,,,,,,,,,,,,,,,,,,,,,,,,,,,,,,,,,,,,,⛰️,⛰️,
,,,👾,👾,👾,👾,👾,👾,👾,👾,👾,👾,👾,👾,👾,👾,👾,👾,👾,👾,👾,👾,👾,👾,👾,👾,👾,👾,👾,👾,👾,👾,👾,👾,👾,👾,👾,👾,👾,👾,👾,👾,👾,👾,👾,👾,👾,👾,👾,👾,👾,👾,👾,👾,👾,👾,👾,👾,👾,👾,👾,👾,👾,,,,,,,,,,,,,,,,,,,,,,,,,,,,,,,,,,,,,,,,,,,,,,,,,,,,,,,,,,,,,,,,,,,,,,,,,,,,,,,,,,,,,,,,,,,,,,,,,,,,,,,,,,,,,,,,,,,,,,,,,,,,,,,⛰️,🪨
,,,👾,👾,👾,👾,👾,👾,👾,👾,👾,👾,👾,👾,👾,👾,👾,👾,👾,👾,👾,👾,👾,👾,👾,👾,👾,👾,👾,👾,👾,👾,👾,👾,👾,👾,👾,👾,👾,👾,👾,👾,👾,👾,👾,👾,👾,👾,👾,👾,👾,👾,👾,👾,👾,👾,👾,👾,👾,👾,👾,👾,👾,,,,,,,,,,,,,,,,,,,,,,,,,,,,,,,,,,,,,,,,,,,,,,,,,,,,,,,,,,,,,,,,,,,,,,,,,,,,,,,,,,,,,,,,,,,,,,,,,,,,,,,,,,,,,,,,,,,,,,,,,,,,,,,,
,,,👾,👾,👾,👾,👾,👾,👾,👾,👾,👾,👾,👾,👾,👾,👾,👾,👾,👾,👾,👾,👾,👾,👾,👾,👾,👾,👾,👾,👾,👾,👾,👾,👾,👾,👾,👾,👾,👾,👾,👾,👾,👾,👾,👾,👾,👾,👾,👾,👾,👾,👾,👾,👾,👾,👾,👾,👾,👾,👾,👾,👾,,,,,,,,,,,,,,,,,,,,,,,,,,,,,,,,,,,,,,,,,,,,,,,,,,,,,,,,,,,,,,,,,,,,,,,,,,,,,,,,,,,,,,,,,,,,,,,,,,,,,,,,,,,,,,,,,,,,,,,,,,,,,,🗻,⛰️,🪨
,,,👾,👾,👾,👾,👾,👾,👾,👾,👾,👾,👾,👾,👾,👾,👾,👾,👾,👾,👾,👾,👾,👾,👾,👾,👾,👾,👾,👾,👾,👾,👾,👾,👾,👾,👾,👾,👾,👾,👾,👾,👾,👾,👾,👾,👾,👾,👾,👾,👾,👾,👾,👾,👾,👾,👾,👾,👾,👾,👾,👾,👾,,,,,,,,,,,,,,,,,,,,,,,,,,,,,,,,,,,,,,,,,,,,,,,,,,,,,,,,,,,,,,,,,,,,,,,,,,,,,,,,,,,,,,,,,,,,,,,,,,,,,,,,,,,,,,,,,,,,,,,,,,,,,,🗻,,🗻
,,,👾,👾,👾,👾,👾,👾,👾,👾,👾,👾,👾,👾,👾,👾,👾,👾,👾,👾,👾,👾,👾,👾,👾,👾,👾,👾,👾,👾,👾,👾,👾,👾,👾,👾,👾,👾,👾,👾,👾,👾,👾,👾,👾,👾,👾,👾,👾,👾,👾,👾,👾,👾,👾,👾,👾,👾,👾,👾,👾,👾,👾,,,,,,,,,,,,,,,,,,,,,,,,,,,,,,,,,,,,,,,,,,,,,,,,,,,,,,,,,,,,,,,,,,,,,,,,,,,,,,,,,,,,,,,,,,,,,,,,,,,,,,,,,,,,,,,,,,,,,,,,,,,,,,,🗻,⛰️
,,,👾,👾,👾,👾,👾,👾,👾,👾,👾,👾,👾,👾,👾,👾,👾,👾,👾,👾,👾,👾,👾,👾,👾,👾,👾,👾,👾,👾,👾,👾,👾,👾,👾,👾,👾,👾,👾,👾,👾,👾,👾,👾,👾,👾,👾,👾,👾,👾,👾,👾,👾,👾,👾,👾,👾,👾,👾,👾,👾,👾,👾,,,,,,,,,,,,,,,,,,,,,,,,,,,,,,,,,,,,,,,,,,,,,,,,,,,,,,,,,,,,,,,,,,,,,,,,,,,,,,,,,,,,,,,,,,,,,,,,,,,,,,,,,,,,,,,,,,,,,,,,,,,,,,🗻,🗻,🪨
,,,👾,👾,👾,👾,👾,👾,👾,👾,👾,👾,👾,👾,👾,👾,👾,👾,👾,👾,👾,👾,👾,👾,👾,👾,👾,👾,👾,👾,👾,👾,👾,👾,👾,👾,👾,👾,👾,👾,👾,👾,👾,👾,👾,👾,👾,👾,👾,👾,👾,👾,👾,👾,👾,👾,👾,👾,👾,👾,👾,👾,👾,,,,,,,,,,,,,,,,,,,,,,,,,,,,,,,,,,,,,,,,,,,,,,,,,,,,,,,,,,,,,,,,,,,,,,,,,,,,,,,,,,,,,,,,,,,,,,,,,,,,,,,,,,,,,,,,,,,,,,,,,,,,,,🏔️,,🪨
,,,👾,👾,👾,👾,👾,👾,👾,👾,👾,👾,👾,👾,👾,👾,👾,👾,👾,👾,👾,👾,👾,👾,👾,👾,👾,👾,👾,👾,👾,👾,👾,👾,👾,👾,👾,👾,👾,👾,👾,👾,👾,👾,👾,👾,👾,👾,👾,👾,👾,👾,👾,👾,👾,👾,👾,👾,👾,👾,👾,👾,👾,,,,,,,,,,,,,,,,,,,,,,,,,,,,,,,,,,,,,,,,,,,,,,,,,,,,,,,,,,,,,,,,,,,,,,,,,,,,,,,,,,,,,,,,,,,,,,,,,,,,,,,,,,,,,,,,,,,,,,,,,,,,,,🏔️,🏔️,🏔️
,,,👾,👾,👾,👾,👾,👾,👾,👾,👾,👾,👾,👾,👾,👾,👾,👾,👾,👾,👾,👾,👾,👾,👾,👾,👾,👾,👾,👾,👾,👾,👾,👾,👾,👾,👾,👾,👾,👾,👾,👾,👾,👾,👾,👾,👾,👾,👾,👾,👾,👾,👾,👾,👾,👾,👾,👾,👾,👾,👾,👾,👾,,,,,,,,,,,,,,,,,,,,,,,,,,,,,,,,,,,,,,,,,,,,,,,,,,,,,,,,,,,,,,,,,,,,,,,,,,,,,,,,,,,,,,,,,,,,,,,,,,,,,,,,,,,,,,,,,,,,,,,,,,,,,,🗻,🗻,🪨
,,,👾,👾,👾,👾,👾,👾,👾,👾,👾,👾,👾,👾,👾,👾,👾,👾,👾,👾,👾,👾,👾,👾,👾,👾,👾,👾,👾,👾,👾,👾,👾,👾,👾,👾,👾,👾,👾,👾,👾,👾,👾,👾,👾,👾,👾,👾,👾,👾,👾,👾,👾,👾,👾,👾,👾,👾,👾,👾,👾,👾,👾,,,,,,,,,,,,,,,,,,,,,,,,,,,,,,,,,,,,,,,,,,,,,,,,,,,,,,,,,,,,,,,,,,,,,,,,,,,,,,,,,,,,,,,,,,,,,,,,,,,,,,,,,,,,,,,,,,,,,,,,,,,,,,🏔️,🗻,
,,,👾,👾,👾,👾,👾,👾,👾,👾,👾,👾,👾,👾,👾,👾,👾,👾,👾,👾,👾,👾,👾,👾,👾,👾,👾,👾,👾,👾,👾,👾,👾,👾,👾,👾,👾,👾,👾,👾,👾,👾,👾,👾,👾,👾,👾,👾,👾,👾,👾,👾,👾,👾,👾,👾,👾,👾,👾,👾,👾,👾,👾,,,,,,,,,,,,,,,,,,,,,,,,,,,,,,,,,,,,,,,,,,,,,,,,,,,,,,,,,,,,,,,,,,,,,,,,,,,,,,,,,,,,,,,,,,,,,,,,,,,,,,,,,,,,,,,,,,,,,,,,,,,,,,⛰️,🪨,⛰️
,,,👾,👾,👾,👾,👾,👾,👾,👾,👾,👾,👾,👾,👾,👾,👾,👾,👾,👾,👾,👾,👾,👾,👾,👾,👾,👾,👾,👾,👾,👾,👾,👾,👾,👾,👾,👾,👾,👾,👾,👾,👾,👾,👾,👾,👾,👾,👾,👾,👾,👾,👾,👾,👾,👾,👾,👾,👾,👾,👾,👾,👾,,,,,,,,,,,,,,,,,,,,,,,,,,,,,,,,,,,,,,,,,,,,,,,,,,,,,,,,,,,,,,,,,,,,,,,,,,,,,,,,,,,,,,,,,,,,,,,,,,,,,,,,,,,,,,,,,,,,,,,,,,,,,,⛰️,🪨,🗻
,,,👾,👾,👾,👾,👾,👾,👾,👾,👾,👾,👾,👾,👾,👾,👾,👾,👾,👾,👾,👾,👾,👾,👾,👾,👾,👾,👾,👾,👾,👾,👾,👾,👾,👾,👾,👾,👾,👾,👾,👾,👾,👾,👾,👾,👾,👾,👾,👾,👾,👾,👾,👾,👾,👾,👾,👾,👾,👾,👾,👾,👾,,,,,,,,,,,,,,,,,,,,,,,,,,,,,,,,,,,,,,,,,,,,,,,,,,,,,,,,,,,,,,,,,,,,,,,,,,,,,,,,,,,,,,,,,,,,,,,,,,,,,,,,,,,,,,,,,,,,,,,,,,,,,,,🏔️,
,,,👾,👾,👾,👾,👾,👾,👾,👾,👾,👾,👾,👾,👾,👾,👾,👾,👾,👾,👾,👾,👾,👾,👾,👾,👾,👾,👾,👾,👾,👾,👾,👾,👾,👾,👾,👾,👾,👾,👾,👾,👾,👾,👾,👾,👾,👾,👾,👾,👾,👾,👾,👾,👾,👾,👾,👾,👾,👾,👾,👾,👾,,,,,,,,,,,,,,,,,,,,,,,,,,,,,,,,,,,,,,,,,,,,,,,,,,,,,,,,,,,,,,,,,,,,,,,,,,,,,,,,,,,,,,,,,,,,,,,,,,,,,,,,,,,,,,,,,,,,,,,,,,,,,,🗻,🏔️,🏔️
,,,👾,👾,👾,👾,👾,👾,👾,👾,👾,👾,👾,👾,👾,👾,👾,👾,👾,👾,👾,👾,👾,👾,👾,👾,👾,👾,👾,👾,👾,👾,👾,👾,👾,👾,👾,👾,👾,👾,👾,👾,👾,👾,👾,👾,👾,👾,👾,👾,👾,👾,👾,👾,👾,👾,👾,👾,👾,👾,👾,👾,👾,,,,,,,,,,,,,,,,,,,,,,,,,,,,,,,,,,,,,,,,,,,,,,,,,,,,,,,,,,,,,,,,,,,,,,,,,,,,,,,,,,,,,,,,,,,,,,,,,,,,,,,,,,,,,,,,,,,,,,,,,,,,,,🗻,🏔️,🏔️
,,,,,,,,,,,,,,,,,,,,,,,,,,,,,,,,,,,,,,,,,,,,,,,,,,,,,,,,,,,,,,,,,,,,,,,,,,,,,,,,,,,,,,,,,,,,,,,,,,,,,,,,,,,,,,,,,,,,,,,,,,,,,,,,,,,,,,,,,,,,,,,,,,,,,,,,,,,,,,,,,,,,,,,,,,,,,,,,,,,,,,,,,,,,,⛰️,🗻,
,,,,,,,,,,,,,,,,,,,,,,,,,,,,,,,,,,,,,,,,,,,,,,,,,,,,,,,,,,,,,,,,,,,,,,,,,,,,,,,,,,,,,,,,,,,,,,,,,,,,,,,,,,,,,,,,,,,,,,,,,,,,,,,,,,,,,,,,,,,,,,,,,,,,,,,,,,,,,,,,,,,,,,,,,,,,,,,,,,,,,,,,,,,,,🪨,,🏔️
,,,,,,,,,,,,,,,,,,,,,,,,,,,,,,,,,,,,,,,,,,,,,,,,,,,,,,,,,,,,,,,,,,,,,,,,,,,,,,,,,,,,,,,,,,,,,,,,,,,,,,,,,,,,,,,,,,,,,,,,,,,,,,,,,,,,,,,,,,,,,,,,,,,,,,,,,,,,,,,,,,,,,,,,,,,,,,,,,,,,,,,,,,,,,⛰️,⛰️,🗻
,,,,,,,,,,,,,,,,,,,,,,,,,,,,,,,,,,,,,,,,,,,,,,,,,,,,,,,,,,,,,,,,,,,,,,,,,,,,,,,,,,,,,,,,,,,,,,,,,,,,,,,,,,,,,,,,,,,,,,,,,,,,,,,,,,,,,,,,,,,,,,,,,,,,,,,,,,,,,,,,,,,,,,,,,,,,,,,,,,,,,,,,,,,,,⛰️,🪨,🏔️
,,,,,,,,,,,,,,,,,,,,,,,,,,,,,,,,,,,,,,,,,,,,,,,,,,,,,,,,,,,,,,,,,,,,,,,,,,,,,,,,,,,,,,,,,,,,,,,,,,,,,,,,,,,,,,,,,,,,,,,,,,,,,,,,,,,,,,,,,,,,,,,,,,,,,,,,,,,,,,,,,,,,,,,,,,,,,,,,,,,,,,,,,,,,,,,
,,,,,,,,,,,,,,,,,,,,,,,,,,,,,,,,,,,,,,,,,,,,,,,,,,,,,,,,,,,,,,,,,,,,,,,,,,,,,,,,,,,,,,,,,,,,,,,,,,,,,,,,,,,,,,,,,,,,,,,,,,,,,,,,,,,,,,,,,,,,,,,,,,,,,,,,,,,,,,,,,,,,,,,,,,,,,,,,,,,,,,,,,,,,,,⛰️,
,,,,,,,,,,,,,,,,,,,,,,,,,,,,,,,,,,,,,,,,,,,,,,,,,,,,,,,,,,,,,,,,,,,,,,,,,,,,,,,,,,,,,,,,,,,,,,,,,,,,,,,,,,,,,,,,,,,,,,,,,,,,,,,,,,,,,,,,,,,,,,,,,,,,,,,,,,,,,,,,,,,,,,,,,,,,,,,,,,,,,,,,,,,,,⛰️,⛰️,🪨
,,,,,,,,,,,,,,,,,,,,,,,,,,,,,,,,,,,,,,,,,,,,,,,,,,,,,,,,,,,,,,,,,,,,,,,,,,,,,,,,,,,,,,,,,,,,,,,,,,,,,,,,,,,,,,,,,,,,,,,,,,,,,,,,,,,,,,,,,,,,,,,,,,,,,,,,,,,,,,,,,,,,,,,,,,,,,,,,,,,,,,,,,,,,,⛰️,🗻,
,,,,,,,,,,,,,,,,,,,,,,,,,,,,,,,,,,,,,,,,,,,,,,,,,,,,,,,,,,,,,,,,,,,,,,,,,,,,,,,,,,,,,,,,,,,,,,,,,,,,,,,,,,,,,,,,,,,,,,,,,,,,,,,,,,,,,,,,,,,,,,,,,,,,,,,,,,,,,,,,,,,,,,,,,,,,,,,,,,,,,,,,,,,,,⛰️,🗻,
,,,,,,,,,,,,,,,,,,,,,,,,,,,,,,,,,,,,,,,,,,,,,,,,,,,,,,,,,,,,,,,,,,,,,,,,,,,,,,,,,,,,,,,,,,,,,,,,,,,,,,,,,,,,,,,,,,,,,,,,,,,,,,,,,,,,,,,,,,,,,,,,,,,,,,,,,,,,,,,,,,,,,,,,,,,,,,,,,,,,,,,,,,,,,,🪨,⛰️
,,,,,,,,,,,,,,,,,,,,,,,,,,,,,,,,,,,,,,,,,,,,,,,,,,,,,,,,,,,,,,,,,,,,,,,,,,,,,,,,,,,,,,,,,,,,,,,,,,,,,,,,,,,,,,,,,,,,,,,,,,,,,,,,,,,,,,,,,,,,,,,,,,,,,,,,,,,,,,,,,,,,,,,,,,,,,,,,,,,,,,,,,,,,,⛰️,🪨,🪨
,,,,,,,,,,,,,,,,,,,,,,,,,,,,,,,,,,,,,,,,,,,,,,,,,,,,,,,,,,,,,,,,,,,,,,,,,,,,,,,,,,,,,,,,,,,,,,,,,,,,,,,,,,,,,,,,,,,,,,,,,,,,,,,,,,,,,,,,,,,,,,,,,,,,,,,,,,,,,,,,,,,,,,,,,,,,,,,,,,,,,,,,,,,,,🪨,🏔️,🪨
,,,,,,,,,,,,,,,,,,,,,,,,,,,,,,,,,,,,,,,,,,,,,,,,,,,,,,,,,,,,,,,,,,,,,,,,,,,,,,,,,,,,,,,,,,,,,,,,,,,,,,,,,,,,,,,,,,,,,,,,,,,,,,,,,,,,,,,,,,,,,,,,,,,,,,,,,,,,,,,,,,,,,,,,,,,,,,,,,,,,,,,,,,,,,🗻,🗻,⛰️
,,,,,,,,,,,,,,,,,,,,,,,,,,,,,,,,,,,,,,,,,,,,,,,,,,,,,,,,,,,,,,,,,,,,,,,,,,,,,,,,,,,,,,,,,,,,,,,,,,,,,,,,,,,,,,,,,,,,,,,,,,,,,,,,,,,,,,,,,,,,,,,,,,,,,,,,,,,,,,,,,,,,,,,,,,,,,,,,,,,,,,,,,,,,,,🗻,🏔️
,,,,,,,,,,,,,,,,,,,,,,,,,,,,,,,,,,,,,,,,,,,,,,,,,,,,,,,,,,,,,,,,,,,,,,,,,,,,,,,,,,,,,,,,,,,,,,,,,,,,,,,,,,,,,,,,,,,,,,,,,,,,,,,,,,,,,,,,,,,,,,,,,,,,,,,,,,,,,,,,,,,,,,,,,,,,,,,,,,,,,,,,,,,,,,🪨,🏔️
,,,,,,,,,,,,,,,,,,,,,,,,,,,,,,,,,,,,,,,,,,,,,,,,,,,,,,,,,,,,,,,,,,,,,,,,,,,,,,,,,,,,,,,,,,,,,,,,,,,,,,,,,,,,,,,,,,,,,,,,,,,,,,,,,,,,,,,,,,,,,,,,,,,,,,,,,,,,,,,,,,,,,,,,,,,,,,,,,,,,,,,,,,,,,🏔️,,🗻
,,,,,,,,,,,,,,,,,,,,,,,,,,,,,,,,,,,,,,,,,,,,,,,,,,,,,,,,,,,,,,,,,,,,,,,,,,,,,,,,,,,,,,,,,,,,,,,,,,,,,,,,,,,,,,,,,,,,,,,,,,,,,,,,,,,,,,,,,,,,,,,,,,,,,,,,,,,,,,,,,,,,,,,,,,,,,,,,,,,,,,,,,,,,,🗻,🏔️,
,,,,,,,,,,,,,,,,,,,,,,,,,,,,,,,,,,,,,,,,,,,,,,,,,,,,,,,,,,,,,,,,,,,,,,,,,,,,,,,,,,,,,,,,,,,,,,,,,,,,,,,,,,,,,,,,,,,,,,,,,,,,,,,,,,,,,,,,,,,,,,,,,,,,,,,,,,,,,,,,,,,,,,,,,,,,,,,,,,,,,,,,,,,,,🗻,,
,,,,,,,,,,,,,,,,,,,,,,,,,,,,,,,,,,,,,,,,,,,,,,,,,,,,,,,,,,,,,,,,,,,,,,,,,,,,,,,,,,,,,,,,,,,,,,,,,,,,,,,,,,,,,,,,,,,,,,,,,,,,,,,,,,,,,,,,,,,,,,,,,,,,,,,,,,,,,,,,,,,,,,,,,,,,,,,,,,,,,,,,,,,,,🏔️,,🪨
,,,,,,,,,,,,,,,,,,,,,,,,,,,,,,,,,,,,,,,,,,,,,,,,,,,,,,,,,,,,,,,,,,,,,,,,,,,,,,,,,,,,,,,,,,,,,,,,,,,,,,,,,,,,,,,,,,,,,,,,,,,,,,,,,,,,,,,,,,,,,,,,,,,,,,,,,,,,,,,,,,,,,,,,,,,,,,,,,,,,,,,,,,,,,🪨,,⛰️
,,,,,,,,,,,,,,,,,,,,,,,,,,,,,,,,,,,,,,,,,,,,,,,,,,,,,,,,,,,,,,,,,,,,,,,,,,,,,,,,,,,,,,,,,,,,,,,,,,,,,,,,,,,,,,,,,,,,,,,,,,,,,,,,,,,,,,,,,,,,,,,,,,,,,,,,,,,,,,,,,,,,,,,,,,,,,,,,,,,,,,,,,,,,,,🏔️,🪨
,,,,,,,,,,,,,,,,,,,,,,,,,,,,,,,,,,,,,,,,,,,,,,,,,,,,,,,,,,,,,,,,,,,,,,,,,,,,,,,,,,,,,,,,,,,,,,,,,,,,,,,,,,,,,,,,,,,,,,,,,,,,,,,,,,,,,,,,,,,,,,,,,,,,,,,,,,,,,,,,,,,,,,,,,,,,,,,,,,,,,,,,,,,,,🗻,⛰️,⛰️
,,,,,,,,,,,,,,,,,,,,,,,,,,,,,,,,,,,,,,,,,,,,,,,,,,,,,,,,,,,,,,,,,,,,,,,,,,,,,,,,,,,,,,,,,,,,,,,,,,,,,,,,,,,,,,,,,,,,,,,,,,,,,,,,,,,,,,,,,,,,,,,,,,,,,,,,,,,,,,,,,,,,,,,,,,,,,,,,,,,,,,,,,,,,,🗻,⛰️,🪨
,,,,,,,,,,,,,,,,,,,,,,,,,,,,,,,,,,,,,,,,,,,,,,,,,,,,,,,,,,,,,,,,,,,,,,,,,,,,,,,,,,,,,,,,,,,,,,,,,,,,,,,,,,,,,,,,,,,,,,,,,,,,,,,,,,,,,,,,,,,,,,,,,,,,,,,,,,,,,,,,,,,,,,,,,,,,,,,,,,,,,,,,,,,,,,🪨,🏔️
,,,,,,,,,,,,,,,,,,,,,,,,,,,,,,,,,,,,,,,,,,,,,,,,,,,,,,,,,,,,,,,,,,,,,,,,,,,,,,,,,,,,,,,,,,,,,,,,,,,,,,,,,,,,,,,,,,,,,,,,,,,,,,,,,,,,,,,,,,,,,,,,,,,,,,,,,,,,,,,,,,,,,,,,,,,,,,,,,,,,,,,,,,,,,🪨,,🗻
,,,,,,,,,,,,,,,,,,,,,,,,,,,,,,,,,,,,,,,,,,,,,,,,,,,,,,,,,,,,,,,,,,,,,,,,,,,,,,,,,,,,,,,,,,,,,,,,,,,,,,,,,,,,,,,,,,,,,,,,,,,,,,,,,,,,,,,,,,,,,,,,,,,,,,,,,,,,,,,,,,,,,,,,,,,,,,,,,,,,,,,,,,,,,,🪨,🪨
,,,,,,,,,,,,,,,,,,,,,,,,,,,,,,,,,,,,,,,,,,,,,,,,,,,,,,,,,,,,,,,,,,,,,,,,,,,,,,,,,,,,,,,,,,,,,,,,,,,,,,,,,,,,,,,,,,,,,,,,,,,,,,,,,,,,,,,,,,,,,,,,,,,,,,,,,,,,,,,,,,,,,,,,,,,,,,,,,,,,,,,,,,,,,🏔️,🏔️,⛰️
,,,,,,,,,,,,,,,,,,,,,,,,,,,,,,,,,,,,,,,,,,,,,,,,,,,,,,,,,,,,,,,,,,,,,,,,,,,,,,,,,,,,,,,,,,,,,,,,,,,,,,,,,,,,,,,,,,,,,,,,,,,,,,,,,,,,,,,,,,,,,,,,,,,,,,,,,,,,,,,,,,,,,,,,,,,,,,,,,,,,,,,,,,,,,🗻,,🗻
,,,,,,,,,,,,,,,,,,,,,,,,,,,,,,,,,,,,,,,,,,,,,,,,,,,,,,,,,,,,,,,,,,,,,,,,,,,,,,,,,,,,,,,,,,,,,,,,,,,,,,,,,,,,,,,,,,,,,,,,,,,,,,,,,,,,,,,,,,,,,,,,,,,,,,,,,,,,,,,,,,,,,,,,,,,,,,,,,,,,,,,,,,,,,🪨,🏔️,
,,,,,,,,,,,,,,,,,,,,,,,,,,,,,,,,,,,,,,,,,,,,,,,,,,,,,,,,,,,,,,,,,,,,,,,,,,,,,,,,,,,,,,,,,,,,,,,,,,,,,,,,,,,,,,,,,,,,,,,,,,,,,,,,,,,,,,,,,,,,,,,,,,,,,,,,,,,,,,,,,,,,,,,,,,,,,,,,,,,,,,,,,,,,,⛰️,,🪨
,,,,,,,,,,,,,,,,,,,,,,,,,,,,,,,,,,,,,,,,,,,,,,,,,,,,,,,,,,,,,,,,,,,,,,,,,,,,,,,,,,,,,,,,,,,,,,,,,,,,,,,,,,,,,,,,,,,,,,,,,,,,,,,,,,,,,,,,,,,,,,,,,,,,,,,,,,,,,,,,,,,,,,,,,,,,,,,,,,,,,,,,,,,,,🪨,⛰️,🪨
,,,,,,,,,,,,,,,,,,,,,,,,,,,,,,,,,,,,,,,,,,,,,,,,,,,,,,,,,,,,,,,,,,,,,,,,,,,,,,,,,,,,,,,,,,,,,,,,,,,,,,,,,,,,,,,,,,,,,,,,,,,,,,,,,,,,,,,,,,,,,,,,,,,,,,,,,,,,,,,,,,,,,,,,,,,,,,,,,,,,,,,,,,,,,🪨,⛰️,⛰️
,,,,,,,,,,,,,,,,,,,,,,,,,,,,,,,,,,,,,,,,,,,,,,,,,,,,,,,,,,,,,,,,,,,,,,,,,,,,,,,,,,,,,,,,,,,,,,,,,,,,,,,,,,,,,,,,,,,,,,,,,,,,,,,,,,,,,,,,,,,,,,,,,,,,,,,,,,,,,,,,,,,,,,,,,,,,,,,,,,,,,,,,,,,,,🪨,🗻,
,,,,,,,,,,,,,,,,,,,,,,,,,,,,,,,,,,,,,,,,,,,,,,,,,,,,,,,,,,,,,,,,,,,,,,,,,,,,,,,,,,,,,,,,,,,,,,,,,,,,,,,,,,,,,,,,,,,,,,,,,,,,,,,,,,,,,,,,,,,,,,,,,,,,,,,,,,,,,,,,,,,,,,,,,,,,,,,,,,,,,,,,,,,,,⛰️,⛰️,🪨
,,,,,,,,,,,,,,,,,,,,,,,,,,,,,,,,,,,,,,,,,,,,,,,,,,,,,,,,,,,,,,,,,,,,,,,,,,,,,,,,,,,,,,,,,,,,,,,,,,,,,,,,,,,,,,,,,,,,,,,,,,,,,,,,,,,,,,,,,,,,,,,,,,,,,,,,,,,,,,,,,,,,,,,,,,,,,,,,,,,,,,,,,,,,,🗻,⛰️,🏔️
,,,,,,,,,,,,,,,,,,,,,,,,,,,,,,,,,,,,,,,,,,,,,,,,,,,,,,,,,,,,,,,,,,,,,,,,,,,,,,,,,,,,,,,,,,,,,,,,,,,,,,,,,,,,,,,,,,,,,,,,,,,,,,,,,,,,,,,,,,,,,,,,,,,,,,,,,,,,,,,,,,,,,,,,,,,,,,,,,,,,,,,,,,,,,🪨,⛰️,
,,,,,,,,,,,,,,,,,,,,,,,,,,,,,,,,,,,,,,,,,,,,,,,,,,,,,,,,,,,,,,,,,,,,,,,,,,,,,,,,,,,,,,,,,,,,,,,,,,,,,,,,,,,,,,,,,,,,,,,,,,,,,,,,,,,,,,,,,,,,,,,,,,,,,,,,,,,,,,,,,,,,,,,,,,,,,,,,,,,,,,,,,,,,,⛰️,⛰️,🗻
,,,,,,,,,,,,,,,,,,,,,,,,,,,,,,,,,,,,,,,,,,,,,,,,,,,,,,,,,,,,,,,,,,,,,,,,,,,,,,,,,,,,,,,,,,,,,,,,,,,,,,,,,,,,,,,,,,,,,,,,,,,,,,,,,,,,,,,,,,,,,,,,,,,,,,,,,,,,,,,,,,,,,,,,,,,,,,,,,,,,,,,,,,,,,🗻,🪨,🗻
,,,,,,,,,,,,,,,,,,,,,,,,,,,,,,,,,,,,,,,,,,,,,,,,,,,,,,,,,,,,,,,,,,,,,,,,,,,,,,,,,,,,,,,,,,,,,,,,,,,,,,,,,,,,,,,,,,,,,,,,,,,,,,,,,,,,,,,,,,,,,,,,,,,,,,,,,,,,,,,,,,,,,,,,,,,,,,,,,,,,,,,,,,,,,🗻,⛰️,🪨
,,,,,,,,,,,,,,,,,,,,,,,,,,,,,,,,,,,,,,,,,,,,,,,,,,,,,,,,,,,,,,,,,,,,,,,,,,,,,,,,,,,,,,,,,,,,,,,,,,,,,,,,,,,,,,,,,,,,,,,,,,,,,,,,,,,,,,,,,,,,,,,,,,,,,,,,,,,,,,,,,,,,,,,,,,,,,,,,,,,,,,,,,,,,,,🏔️,
,,,,,,,,,,,,,,,,,,,,,,,,,,,,,,,,,,,,,,,,,,,,,,,,,,,,,,,,,,,,,,,,,,,,,,,,,,,,,,,,,,,,,,,,,,,,,,,,,,,,,,,,,,,,,,,,,,,,,,,,,,,,,,,,,,,,,,,,,,,,,,,,,,,,,,,,,,,,,,,,,,,,,,,,,,,,,,,,,,,,,,,,,,,,,,🪨,🗻
,,,,,,,,,,,,,,,,,,,,,,,,,,,,,,,,,,,,,,,,,,,,,,,,,,,,,,,,,,,,,,,,,,,,,,,,,,,,,,,,,,,,,,,,,,,,,,,,,,,,,,,,,,,,,,,,,,,,,,,,,,,,,,,,,,,,,,,,,,,,,,,,,,,,,,,,,,,,,,,,,,,,,,,,,,,,,,,,,,,,,,,,,,,,,⛰️,🏔️,🗻
,,,,,,,,,,,,,,,,,,,,,,,,,,,,,,,,,,,,,,,,,,,,,,,,,,,,,,,,,,,,,,,,,,,,,,,,,,,,,,,,,,,,,,,,,,,,,,,,,,,,,,,,,,,,,,,,,,,,,,,,,,,,,,,,,,,,,,,,,,,,,,,,,,,,,,,,,,,,,,,,,,,,,,,,,,,,,,,,,,,,,,,,,,,,,🏔️,🏔️,🗻
,,,,,,,,,,,,,,,,,,,,,,,,,,,,,,,,,,,,,,,,,,,,,,,,,,,,,,,,,,,,,,,,,,,,,,,,,,,,,,,,,,,,,,,,,,,,,,,,,,,,,,,,,,,,,,,,,,,,,,,,,,,,,,,,,,,,,,,,,,,,,,,,,,,,,,,,,,,,,,,,,,,,,,,,,,,,,,,,,,,,,,,,,,,,,🪨,,🗻
,,,,,,,,,,,,,,,,,,,,,,,,,,,,,,,,,,,,,,,,,,,,,,,,,,,,,,,,,,,,,,,,,,,,,,,,,,,,,,,,,,,,,,,,,,,,,,,,,,,,,,,,,,,,,,,,,,,,,,,,,,,,,,,,,,,,,,,,,,,,,,,,,,,,,,,,,,,,,,,,,,,,,,,,,,,,,,,,,,,,,,,,,,,,,⛰️,🏔️,🗻
,,,,,,,,,,,,,,,,,,,,,,,,,,,,,,,,,,,,,,,,,,,,,,,,,,,,,,,,,,,,,,,,,,,,,,,,,,,,,,,,,,,,,,,,,,,,,,,,,,,,,,,,,,,,,,,,,,,,,,,,,,,,,,,,,,,,,,,,,,,,,,,,,,,,,,,,,,,,,,,,,,,,,,,,,,,,,,,,,,,,,,,,,,,,,🗻,🗻,🗻
,,,,,,,,,,,,,,,,,,,,,,,,,,,,,,,,,,,,,,,,,,,,,,,,,,,,,,,,,,,,,,,,,,,,,,,,,,,,,,,,,,,,,,,,,,,,,,,,,,,,,,,,,,,,,,,,,,,,,,,,,,,,,,,,,,,,,,,,,,,,,,,,,,,,,,,,,,,,,,,,,,,,,,,,,,,,,,,,,,,,,,,,,,,,,,🏔️,🗻
,,,,,,,,,,,,,,,,,,,,,,,,,,,,,,,,,,,,,,,,,,,,,,,,,,,,,,,,,,,,,,,,,,,,,,,,,,,,,,,,,,,,,,,,,,,,,,,,,,,,,,,,,,,,,,,,,,,,,,,,,,,,,,,,,,,,,,,,,,,,,,,,,,,,,,,,,,,,,,,,,,,,,,,,,,,,,,,,,,,,,,,,,,,,,🏔️,🏔️,🗻
,,,,,,,,,,,,,,,,,,,,,,,,,,,,,,,,,,,,,,,,,,,,,,,,,,,,,,,,,,,,,,,,,,,,,,,,,,,,,,,,,,,,,,,,,,,,,,,,,,,,,,,,,,,,,,,,,,,,,,,,,,,,,,,,,,,,,,,,,,,,,,,,,,,,,,,,,,,,,,,,,,,,,,,,,,,,,,,,,,,,,,,,,,,,,🪨,,🪨
,,,,,,,,,,,,,,,,,,,,,,,,,,,,,,,,,,,,,,,,,,,,,,,,,,,,,,,,,,,,,,,,,,,,,,,,,,,,,,,,,,,,,,,,,,,,,,,,,,,,,,,,,,,,,,,,,,,,,,,,,,,,,,,,,,,,,,,,,,,,,,,,,,,,,,,,,,,,,,,,,,,,,,,,,,,,,,,,,,,,,,,,,,,,,🗻,🪨,⛰️
,,,,,,,,,,,,,,,,,,,,,,,,,,,,,,,,,,,,,,,,,,,,,,,,,,,,,,,,,,,,,,,,,,,,,,,,,,,,,,,,,,,,,,,,,,,,,,,,,,,,,,,,,,,,,,,,,,,,,,,,,,,,,,,,,,,,,,,,,,,,,,,,,,,,,,,,,,,,,,,,,,,,,,,,,,,,,,,,,,,,,,,,,,,,,⛰️,🪨,⛰️
,,,,,,,,,,,,,,,,,,,,,,,,,,,,,,,,,,,,,,,,,,,,,,,,,,,,,,,,,,,,,,,,,,,,,,,,,,,,,,,,,,,,,,,,,,,,,,,,,,,,,,,,,,,,,,,,,,,,,,,,,,,,,,,,,,,,,,,,,,,,,,,,,,,,,,,,,,,,,,,,,,,,,,,,,,,,,,,,,,,,,,,,,,,,,⛰️,🏔️,🏔️
,,,,,,,,,,,,,,,,,,,,,,,,,,,,,,,,,,,,,,,,,,,,,,,,,,,,,,,,,,,,,,,,,,,,,,,,,,,,,,,,,,,,,,,,,,,,,,,,,,,,,,,,,,,,,,,,,,,,,,,,,,,,,,,,,,,,,,,,,,,,,,,,,,,,,,,,,,,,,,,,,,,,,,,,,,,,,,,,,,,,,,,,,,,,,,,⛰️
,,,,,,,,,,,,,,,,,,,,,,,,,,,,,,,,,,,,,,,,,,,,,,,,,,,,,,,,,,,,,,,,,,,,,,,,,,,,,,,,,,,,,,,,,,,,,,,,,,,,,,,,,,,,,,,,,,,,,,,,,,,,,,,,,,,,,,,,,,,,,,,,,,,,,,,,,,,,,,,,,,,,,,,,,,,,,,,,,,,,,,,,,,,,,🗻,🗻,🏔️
,,,,,,,,,,,,,,,,,,,,,,,,,,,,,,,,,,,,,,,,,,,,,,,,,,,,,,,,,,,,,,,,,,,,,,,,,,,,,,,,,,,,,,,,,,,,,,,,,,,,,,,,,,,,,,,,,,,,,,,,,,,,,,,,,,,,,,,,,,,,,,,,,,,,,,,,,,,,,,,,,,,,,,,,,,,,,,,,,,,,,,,,,,,,,,🪨,🗻
,,,,,,,,,,,,,,,,,,,,,,,,,,,,,,,,,,,,,,,,,,,,,,,,,,,,,,,,,,,,,,,,,,,,,,,,,,,,,,,,,,,,,,,,,,,,,,,,,,,,,,,,,,,,,,,,,,,,,,,,,,,,,,,,,,,,,,,,,,,,,,,,,,,,,,,,,,,,,,,,,,,,,,,,,,,,,,,,,,,,,,,,,,,,,⛰️,🗻,
,,,,,,,,,,,,,,,,,,,,,,,,,,,,,,,,,,,,,,,,,,,,,,,,,,,,,,,,,,,,,,,,,,,,,,,,,,,,,,,,,,,,,,,,,,,,,,,,,,,,,,,,,,,,,,,,,,,,,,,,,,,,,,,,,,,,,,,,,,,,,,,,,,,,,,,,,,,,,,,,,,,,,,,,,,,,,,,,,,,,,,,,,,,,,,,🗻
,,,,,,,,,,,,,,,,,,,,,,,,,,,,,,,,,,,,,,,,,,,,,,,,,,,,,,,,,,,,,,,,,,,,,,,,,,,,,,,,,,,,,,,,,,,,,,,,,,,,,,,,,,,,,,,,,,,,,,,,,,,,,,,,,,,,,,,,,,,,,,,,,,,,,,,,,,,,,,,,,,,,,,,,,,,,,,,,,,,,,,,,,,,,,,🪨,🏔️
,,,,,,,,,,,,,,,,,,,,,,,,,,,,,,,,,,,,,,,,,,,,,,,,,,,,,,,,,,,,,,,,,,,,,,,,,,,,,,,,,,,,,,,,,,,,,,,,,,,,,,,,,,,,,,,,,,,,,,,,,,,,,,,,,,,,,,,,,,,,,,,,,,,,,,,,,,,,,,,,,,,,,,,,,,,,,,,,,,,,,,,,,,,,,,,🏔️
,,,,,,,,,,,,,,,,,,,,,,,,,,,,,,,,,,,,,,,,,,,,,,,,,,,,,,,,,,,,,,,,,,,,,,,,,,,,,,,,,,,,,,,,,,,,,,,,,,,,,,,,,,,,,,,,,,,,,,,,,,,,,,,,,,,,,,,,,,,,,,,,,,,,,,,,,,,,,,,,,,,,,,,,,,,,,,,,,,,,,,,,,,,,,🪨,,⛰️
,,,,,,,,,,,,,,,,,,,,,,,,,,,,,,,,,,,,,,,,,,,,,,,,,,,,,,,,,,,,,,,,,,,,,,,,,,,,,,,,,,,,,,,,,,,,,,,,,,,,,,,,,,,,,,,,,,,,,,,,,,,,,,,,,,,,,,,,,,,,,,,,,,,,,,,,,,,,,,,,,,,,,,,,,,,,,,,,,,,,,,,,,,,,,🪨,🏔️,🪨
,,,,,,,,,,,,,,,,,,,,,,,,,,,,,,,,,,,,,,,,,,,,,,,,,,,,,,,,,,,,,,,,,,,,,,,,,,,,,,,,,,,,,,,,,,,,,,,,,,,,,,,,,,,,,,,,,,,,,,,,,,,,,,,,,,,,,,,,,,,,,,,,,,,,,,,,,,,,,,,,,,,,,,,,,,,,,,,,,,,,,,,,,,,,,⛰️,🪨,🏔️
,,,,,,,,,,,,,,,,,,,,,,,,,,,,,,,,,,,,,,,,,,,,,,,,,,,,,,,,,,,,,,,,,,,,,,,,,,,,,,,,,,,,,,,,,,,,,,,,,,,,,,,,,,,,,,,,,,,,,,,,,,,,,,,,,,,,,,,,,,,,,,,,,,,,,,,,,,,,,,,,,,,,,,,,,,,,,,,,,,,,,,,,,,,,,⛰️,,⛰️
,,,,,,,,,,,,,,,,,,,,,,,,,,,,,,,,,,,,,,,,,,,,,,,,,,,,,,,,,,,,,,,,,,,,,,,,,,,,,,,,,,,,,,,,,,,,,,,,,,,,,,,,,,,,,,,,,,,,,,,,,,,,,,,,,,,,,,,,,,,,,,,,,,,,,,,,,,,,,,,,,,,,,,,,,,,,,,,,,,,,,,,,,,,,,🪨,⛰️,⛰️
,,,,,,,,,,,,,,,,,,,,,,,,,,,,,,,,,,,,,,,,,,,,,,,,,,,,,,,,,,,,,,,,,,,,,,,,,,,,,,,,,,,,,,,,,,,,,,,,,,,,,,,,,,,,,,,,,,,,,,,,,,,,,,,,,,,,,,,,,,,,,,,,,,,,,,,,,,,,,,,,,,,,,,,,,,,,,,,,,,,,,,,,,,,,,🗻,🗻,🪨
,,,,,,,,,,,,,,,,,,,,,,,,,,,,,,,,,,,,,,,,,,,,,,,,,,,,,,,,,,,,,,,,,,,,,,,,,,,,,,,,,,,,,,,,,,,,,,,,,,,,,,,,,,,,,,,,,,,,,,,,,,,,,,,,,,,,,,,,,,,,,,,,,,,,,,,,,,,,,,,,,,,,,,,,,,,,,,,,,,,,,,,,,,,,,🗻,🗻,🗻
,,,,,,,,,,,,,,,,,,,,,,,,,,,,,,,,,,,,,,,,,,,,,,,,,,,,,,,,,,,,,,,,,,,,,,,,,,,,,,,,,,,,,,,,,,,,,,,,,,,,,,,,,,,,,,,,,,,,,,,,,,,,,,,,,,,,,,,,,,,,,,,,,,,,,,,,,,,,,,,,,,,,,,,,,,,,,,,,,,,,,,,,,,,,,🗻,⛰️,🏔️
,,,,,,,,,,,,,,,,,,,,,,,,,,,,,,,,,,,,,,,,,,,,,,,,,,,,,,,,,,,,,,,,,,,,,,,,,,,,,,,,,,,,,,,,,,,,,,,,,,,,,,,,,,,,,,,,,,,,,,,,,,,,,,,,,,,,,,,,,,,,,,,,,,,,,,,,,,,,,,,,,,,,,,,,,,,,,,,,,,,,,,,,,,,,,🗻,🏔️,⛰️
,,,,,,,,,,,,,,,,,,,,,,,,,,,,,,,,,,,,,,,,,,,,,,,,,,,,,,,,,,,,,,,,,,,,,,,,,,,,,,,,,,,,,,,,,,,,,,,,,,,,,,,,,,,,,,,,,,,,,,,,,,,,,,,,,,,,,,,,,,,,,,,,,,,,,,,,,,,,,,,,,,,,,,,,,,,,,,,,,,,,,,,,,,,,,🗻,,🪨
,,,,,,,,,,,,,,,,,,,,,,,,,,,,,,,,,,,,,,,,,,,,,,,,,,,,,,,,,,,,,,,,,,,,,,,,,,,,,,,,,,,,,,,,,,,,,,,,,,,,,,,,,,,,,,,,,,,,,,,,,,,,,,,,,,,,,,,,,,,,,,,,,,,,,,,,,,,,,,,,,,,,,,,,,,,,,,,,,,,,,,,,,,,,,,⛰️,
,,,,,,,,,,,,,,,,,,,,,,,,,,,,,,,,,,,,,,,,,,,,,,,,,,,,,,,,,,,,,,,,,,,,,,,,,,,,,,,,,,,,,,,,,,,,,,,,,,,,,,,,,,,,,,,,,,,,,,,,,,,,,,,,,,,,,,,,,,,,,,,,,,,,,,,,,,,,,,,,,,,,,,,,,,,,,,,,,,,,,,,,,,,,,,🏔️,
,,,,,,,,,,,,,,,,,,,,,,,,,,,,,,,,,,,,,,,,,,,,,,,,,,,,,,,,,,,,,,,,,,,,,,,,,,,,,,,,,,,,,,,,,,,,,,,,,,,,,,,,,,,,,,,,,,,,,,,,,,,,,,,,,,,,,,,,,,,,,,,,,,,,,,,,,,,,,,,,,,,,,,,,,,,,,,,,,,,,,,,,,,,,,🪨,,
,,,🪨,🏔️,,🏔️,🗻,,🪨,⛰️,⛰️,⛰️,🏔️,🪨,⛰️,🪨,🏔️,,🗻,⛰️,⛰️,🗻,,🪨,⛰️,,🏔️,,🗻,⛰️,🏔️,⛰️,,⛰️,,🗻,⛰️,🏔️,🪨,,,🗻,🗻,🏔️,🗻,🪨,🏔️,,⛰️,⛰️,,,🗻,🗻,⛰️,🗻,🪨,⛰️,,⛰️,,🏔️,⛰️,,⛰️,🏔️,⛰️,,🪨,🪨,,🗻,🗻,🪨,⛰️,🏔️,🗻,⛰️,🏔️,🗻,🪨,🗻,,⛰️,🪨,,🪨,🪨,🪨,🏔️,🗻,⛰️,⛰️,⛰️,🗻,🗻,🪨,⛰️,🏔️,🪨,🗻,🏔️,🪨,🗻,⛰️,🪨,🗻,,,,,🏔️,🏔️,🗻,,,,,,🏔️,⛰️,⛰️,🏔️,,,,,,,,,,,,,🏔️,,,🏔️,🏔️,,⛰️,🪨,🗻,,,,🪨,⛰️,,⛰️,🏔️,🪨,🪨,🪨,🪨,,,,,,,🪨,🗻,,,,,,,,,,,,,,,,,,,,,,,,,🪨,,⛰️
,,,🏔️,🪨,🗻,🪨,🗻,⛰️,🪨,⛰️,🪨,🪨,,,,🗻,⛰️,🪨,,🏔️,⛰️,⛰️,🗻,,🏔️,🗻,🏔️,,🗻,🗻,🗻,🏔️,🏔️,🗻,🗻,🏔️,⛰️,🏔️,🏔️,⛰️,🏔️,,🏔️,🪨,🪨,,,,,🗻,🏔️,⛰️,🪨,🏔️,,⛰️,⛰️,,🏔️,🪨,⛰️,⛰️,,🗻,,🗻,,🪨,🗻,🪨,🗻,🏔️,,🗻,🗻,🗻,🗻,🏔️,⛰️,🗻,🗻,🏔️,🏔️,⛰️,🪨,⛰️,🪨,⛰️,🏔️,🪨,,,⛰️,🗻,⛰️,🏔️,🗻,🗻,,🏔️,⛰️,🪨,🗻,⛰️,,🗻,,,⛰️,🗻,,🏔️,⛰️,🏔️,⛰️,🗻,,🏔️,🗻,⛰️,🗻,🪨,⛰️,,⛰️,🏔️,⛰️,🏔️,⛰️,🏔️,🏔️,🗻,⛰️,🪨,⛰️,🪨,🗻,🪨,🗻,🗻,,🏔️,🪨,,🏔️,⛰️,🗻,⛰️,🪨,,⛰️,,🪨,🪨,⛰️,⛰️,⛰️,🗻,🪨,,🏔️,,🏔️,🪨,,🪨,🪨,🏔️,,,🗻,🗻,🗻,🪨,⛰️,⛰️,🪨,🏔️,,⛰️,🪨,,🪨,🏔️,🪨,🪨,⛰️,🗻,🗻,🏔️,🗻
,,,🗻,🪨,,🏔️,🪨,🗻,⛰️,🪨,🪨,🪨,,🪨,,⛰️,🗻,🗻,,🏔️,🪨,,🏔️,⛰️,⛰️,,🪨,,🪨,,🏔️,🪨,🪨,🏔️,⛰️,🪨,,,,🪨,🗻,🪨,🏔️,⛰️,⛰️,🗻,🗻,🗻,⛰️,,🪨,,🏔️,⛰️,,🏔️,🗻,,⛰️,🪨,🪨,🏔️,⛰️,🏔️,🗻,🏔️,🏔️,,,,🏔️,⛰️,🏔️,🏔️,🏔️,⛰️,🏔️,🪨,🏔️,🗻,,,⛰️,,🪨,🏔️,🪨,,,🗻,⛰️,🏔️,🏔️,,🪨,🗻,,🗻,🗻,⛰️,🪨,⛰️,⛰️,⛰️,🏔️,🏔️,⛰️,🪨,🗻,🪨,🏔️,,🗻,🪨,⛰️,🏔️,⛰️,🗻,🪨,⛰️,,🏔️,🏔️,🗻,🗻,🏔️,,🗻,🗻,🪨,,⛰️,,🏔️,🪨,⛰️,🗻,🪨,🪨,,🪨,🗻,⛰️,⛰️,🗻,🗻,🏔️,🗻,🗻,🏔️,🪨,🗻,⛰️,🏔️,,,🗻,🪨,🗻,🗻,,⛰️,🪨,🏔️,🏔️,🏔️,🏔️,⛰️,,⛰️,🗻,🪨,🪨,🏔️,🏔️,,⛰️,,🏔️,🏔️,🗻,⛰️,🗻,🏔️,🗻,🪨,🪨,🏔️,🪨,🗻,🏔️