#001a00,#001a00,#001a00,#001a00,#001a00,#001a00,#001a00,#001a00,#001a00,#001a00,#001a00,#001a00,#001a00,#001a00,#001a00,#001a00,#001a00,#001a00,#001a00,#001a00,#001a00,#001a00,#001a00,#001a00,#001a00,#001a00,#001a00,#001a00,#001a00,#001a00,#001a00,#001a00,#001a00,#001a00,#001a00,#001a00,#001a00,#001a00,#001a00,#001a00,#001a00,#001a00,#001a00,#001a00,#001a00,#001a00,#001a00,#001a00,#001a00,#001a00,#001a00,#001a00,#001a00,#001a00,#001a00,#001a00,#001a00,#001a00,#001a00,#001a00,#001a00,#001a00,#001a00,,,,,,,,,,,,,,,,,,,,,,,,,,,,,,,,,,,,,,,,,,,,,,,,,,,,,,,,,,,,,,,,,,,,,,,,,,,,,,,,,,,,,,,,,,,,,,,,,,,,,,,,,,,,,,,,,,,,,,,,,,,,,,,,,
#001a00,#001a00,#001a00,#001a00,#001a00,#001a00,#001a00,#001a00,#001a00,#001a00,#001a00,#001a00,#001a00,#001a00,#001a00,#001a00,#001a00,#001a00,#001a00,#001a00,#001a00,#001a00,#001a00,#001a00,#001a00,#001a00,#001a00,#001a00,#001a00,#001a00,#001a00,#001a00,#001a00,#001a00,#001a00,#001a00,#001a00,#001a00,#001a00,#001a00,#001a00,#001a00,#001a00,#001a00,#001a00,#001a00,#001a00,#001a00,#001a00,#001a00,#001a00,#001a00,#001a00,#001a00,#001a00,#001a00,#001a00,#001a00,#001a00,#001a00,#001a00,#001a00,#001a00,,,,,,,,,,,,,,,,,,,,,,,,,,,,,,,,,,,,,,,,,,,,,,,,,,,,,,,,,,,,,,,,,,,,,,,,,,,,,,,,,,,,,,,,,,,,,,,,,,,,,,,,,,,,,,,,,,,,,,,,,,,,,,,,,
#001a00,#001a00,#001a00,#001a00,#001a00,#001a00,#001a00,#001a00,#001a00,#001a00,#001a00,#001a00,#001a00,#001a00,#001a00,#001a00,#001a00,#001a00,#001a00,#001a00,#001a00,#001a00,#001a00,#001a00,#001a00,#001a00,#001a00,#001a00,#001a00,#001a00,#001a00,#001a00,#001a00,#001a00,#001a00,#001a00,#001a00,#001a00,#001a00,#001a00,#001a00,#001a00,#001a00,#001a00,#001a00,#001a00,#001a00,#001a00,#001a00,#001a00,#001a00,#001a00,#001a00,#001a00,#001a00,#001a00,#001a00,#001a00,#001a00,#001a00,#001a00,#001a00,#001a00,,,,,,,,,,,,,,,,,,,,,,,,,,,,,,,,,,,,,,,,,,,,,,,,,,,,,,,,,,,,,,,,,,,,,,,,,,,,,,,,,,,,,,,,,,,,,,,,,,,,,,,,,,,,,,,,,,,,,,,,,,,,,,,,,
#001a00,#001a00,#001a00,,,,,,,,#001a00,#001a00,#001a00,#001a00,#001a00,#001a00,#001a00,#001a00,#001a00,#001a00,#001a00,#001a00,#001a00,#001a00,#001a00,#001a00,#001a00,#001a00,#001a00,#001a00,#001a00,#001a00,#001a00,#001a00,#001a00,#001a00,#001a00,#001a00,#001a00,#001a00,#001a00,#001a00,#001a00,#001a00,#001a00,#001a00,#001a00,#001a00,#001a00,#001a00,#001a00,#001a00,#001a00,#001a00,#001a00,#001a00,#001a00,#001a00,#001a00,#001a00,#001a00,#001a00,#001a00,,,,,,,,,,,,,,,,,,,,,,,,,,,,,,,,,,,,,,,,,,,,,,,,,,,,,,,,,,,,,,,,,,,,,,,,,,,,,,,,,,,,,,,,,,,,,,,,,,,,,,,,,,,,,,,,,,,,,,,,,,,,,,,,,
#001a00,#001a00,#001a00,,#443300,#443300,#443300,#443300,#443300,,#001a00,#001a00,#001a00,#001a00,#001a00,#001a00,#001a00,#001a00,#001a00,#001a00,#001a00,#001a00,#001a00,#001a00,#001a00,#001a00,#001a00,#001a00,#001a00,#001a00,#001a00,#001a00,#001a00,#001a00,#001a00,#001a00,#001a00,#001a00,#001a00,#001a00,#001a00,#001a00,#001a00,#001a00,#001a00,#001a00,#001a00,#001a00,#001a00,#001a00,#001a00,#001a00,#001a00,#001a00,#001a00,#001a00,#001a00,#001a00,#001a00,#001a00,#001a00,#001a00,#001a00,,,,,,,,,,,,,,,,,,,,,,,,,,,,,,,,,,,,,,,,,,,,,,,,,,,,,,,,,,,,,,,,,,,,,,,,,,,,,,,,,,,,,,,,,,,,,,,,,,,,,,,,,,,,,,,,,,,,,,,,,,,,,,,,,
#001a00,#001a00,#001a00,,#443300,#443300,#443300,#443300,#443300,,#001a00,#001a00,#001a00,#001a00,#001a00,#001a00,#001a00,#001a00,#001a00,#001a00,#001a00,#001a00,#001a00,#001a00,#001a00,#001a00,#001a00,#001a00,#001a00,#001a00,#001a00,#001a00,#001a00,#001a00,#001a00,#001a00,#001a00,#001a00,#001a00,#001a00,#001a00,#001a00,#001a00,#001a00,#001a00,#001a00,#001a00,#001a00,#001a00,#001a00,#001a00,#001a00,#001a00,#001a00,#001a00,#001a00,#001a00,#001a00,#001a00,#001a00,#001a00,#001a00,#001a00,,,,,,,,,,,,,,,,,,,,,,,,,,,,,,,,,,,,,,,,,,,,,,,,,,,,,,,,,,,,,,,,,,,,,,,,,,,,,,,,,,,,,,,,,,,,,,,,,,,,,,,,,,,,,,,,,,,,,,,,,,,,,,,,,
#001a00,#001a00,#001a00,,#443300,#443300,#443300,#443300,#443300,,#001a00,#001a00,#001a00,#001a00,#001a00,#001a00,#001a00,#001a00,#001a00,#001a00,#001a00,#001a00,#001a00,#001a00,#001a00,#001a00,#001a00,#001a00,#001a00,#001a00,#001a00,#001a00,#001a00,#001a00,#001a00,#001a00,#001a00,#001a00,#001a00,#001a00,#001a00,#001a00,#001a00,#001a00,#001a00,#001a00,#001a00,#001a00,#001a00,#001a00,#001a00,#001a00,#001a00,#001a00,#001a00,#001a00,#001a00,#001a00,#001a00,#001a00,#001a00,#001a00,#001a00,,,,,,,,,,,,,,,,,,,,,,,,,,,,,,,,,,,,,,,,,,,,,,,,,,,,,,,,,,,,,,,,,,,,,,,,,,,,,,,,,,,,,,,,,,,,,,,,,,,,,,,,,,,,,,,,,,,,,,,,,,,,,,,,,
#001a00,#001a00,#001a00,,,#443300,#443300,#443300,,,#001a00,#001a00,#001a00,#001a00,#001a00,#001a00,#001a00,#001a00,#001a00,#001a00,#001a00,#001a00,#001a00,#001a00,#001a00,#001a00,#001a00,#001a00,#001a00,#001a00,#001a00,#001a00,#001a00,#001a00,#001a00,#001a00,#001a00,#001a00,#001a00,#001a00,#001a00,#001a00,#001a00,#001a00,#001a00,#001a00,#001a00,#001a00,#001a00,#001a00,#001a00,#001a00,#001a00,#001a00,#001a00,#001a00,#001a00,#001a00,#001a00,#001a00,#001a00,#001a00,#001a00,,,,,,,,,,,,,,,,,,,,,,,,,,,,,,,,,,,,,,,,,,,,,,,,,,,,,,,,,,,,,,,,,,,,,,,,,,,,,,,,,,,,,,,,,,,,,,,,,,,,,,,,,,,,,,,,,,,,,,,,,,,,,,,,,
#001a00,#001a00,#001a00,#001a00,#001a00,#443300,#443300,#443300,#001a00,#001a00,#001a00,#001a00,#001a00,#001a00,#001a00,#001a00,#001a00,#001a00,#001a00,#001a00,#001a00,#001a00,#001a00,#001a00,#001a00,#001a00,#001a00,#001a00,#001a00,#001a00,#001a00,#001a00,#001a00,#001a00,#001a00,#001a00,#001a00,#001a00,#001a00,#001a00,#001a00,#001a00,#001a00,#001a00,#001a00,#001a00,#001a00,#001a00,#001a00,#001a00,#001a00,#001a00,#001a00,#001a00,#001a00,#001a00,#001a00,#001a00,#001a00,#001a00,#001a00,#001a00,#001a00,,,,,,,,,,,,,,,,,,,,,,,,,,,,,,,,,,,,,,,,,,,,,,,,,,,,,,,,,,,,,,,,,,,,,,,,,,,,,,,,,,,,,,,,,,,,,,,,,,,,,,,,,,,,,,,,,,,,,,,,,,,,,,,,,
#001a00,#001a00,#001a00,#001a00,#001a00,#001a00,#001a00,#001a00,#001a00,#001a00,#001a00,#001a00,#001a00,#001a00,#001a00,#001a00,#001a00,#001a00,#001a00,#001a00,#001a00,#001a00,#001a00,#001a00,#001a00,#001a00,#001a00,#001a00,#001a00,#001a00,#001a00,#001a00,#001a00,#001a00,#001a00,#001a00,#001a00,#001a00,#001a00,#001a00,#001a00,#001a00,#001a00,#001a00,#001a00,#001a00,#001a00,#001a00,#001a00,#001a00,#001a00,#001a00,#001a00,#001a00,#001a00,#001a00,#001a00,#001a00,#001a00,#001a00,#001a00,#001a00,#001a00,,,,,,,,,,,,,,,,,,,,,,,,,,,,,,,,,,,,,,,,,,,,,,,,,,,,,,,,,,,,,,,,,,,,,,,,,,,,,,,,,,,,,,,,,,,,,,,,,,,,,,,,,,,,,,,,,,,,,,,,,,,,,,,,,
#001a00,#001a00,#001a00,#001a00,#001a00,#001a00,#001a00,#001a00,#001a00,#001a00,#001a00,#001a00,#001a00,#001a00,#001a00,#001a00,#001a00,#001a00,#001a00,#001a00,#001a00,#001a00,#001a00,#001a00,#001a00,#001a00,#001a00,#001a00,#001a00,#001a00,#001a00,#001a00,#001a00,#001a00,#001a00,#001a00,#001a00,#001a00,#001a00,#001a00,#001a00,#001a00,#001a00,#001a00,#001a00,#001a00,#001a00,#001a00,#001a00,#001a00,#001a00,#001a00,#001a00,#001a00,#001a00,#001a00,#001a00,#001a00,#001a00,#001a00,#001a00,#001a00,#001a00,,,,,,,,,,,,,,,,,,,,,,,,,,,,,,,,,,,,,,,,,,,,,,,,,,,,,,,,,,,,,,,,,,,,,,,,,,,,,,,,,,,,,,,,,,,,,,,,,,,,,,,,,,,,,,,,,,,,,,,,,,,,,,,,,
#001a00,#001a00,#001a00,#001a00,#001a00,#001a00,#001a00,#001a00,#001a00,#001a00,#001a00,#001a00,#001a00,#001a00,#001a00,#001a00,#001a00,#001a00,#001a00,#001a00,#001a00,#001a00,#001a00,#001a00,#001a00,#001a00,#001a00,#001a00,#001a00,#001a00,#001a00,#001a00,#001a00,#001a00,#001a00,#001a00,#001a00,#001a00,#001a00,#001a00,#001a00,#001a00,#001a00,#001a00,#001a00,#001a00,#001a00,#001a00,#001a00,#001a00,#001a00,#001a00,#001a00,#001a00,#001a00,#001a00,#001a00,#001a00,#001a00,#001a00,#001a00,#001a00,#001a00,,,,,,,,,,,,,,,,,,,,,,,,,,,,,,,,,,,,,,,,,,,,,,,,,,,,,,,,,,,,,,,,,,,,,,,,,,,,,,,,,,,,,,,,,,,,,,,,,,,,,,,,,,,,,,,,,,,,,,,,,,,,,,,,,
#001a00,#001a00,#001a00,#001a00,#001a00,#001a00,#001a00,#001a00,#001a00,#001a00,#001a00,#001a00,#001a00,#001a00,#001a00,#001a00,#001a00,#001a00,#001a00,#001a00,#001a00,#001a00,#001a00,#001a00,#001a00,#001a00,#001a00,#001a00,#001a00,#001a00,#001a00,#001a00,#001a00,#001a00,#001a00,#001a00,#001a00,#001a00,#001a00,#001a00,#001a00,#001a00,#001a00,#001a00,#001a00,#001a00,#001a00,#001a00,#001a00,#001a00,#001a00,#001a00,#001a00,#001a00,#001a00,#001a00,#001a00,#001a00,#001a00,#001a00,#001a00,#001a00,#001a00,,,,,,,,,,,,,,,,,,,,,,,,,,,,,,,,,,,,,,,,,,,,,,,,,,,,,,,,,,,,,,,,,,,,,,,,,,,,,,,,,,,,,,,,,,,,,,,,,,,,,,,,,,,,,,,,,,,,,,,,,,,,,,,,,
#001a00,#001a00,#001a00,#001a00,#001a00,#001a00,#001a00,#001a00,#001a00,#001a00,#001a00,#001a00,#001a00,#001a00,#001a00,#001a00,#001a00,#001a00,#001a00,#001a00,#001a00,#443300,#443300,#443300,#001a00,#001a00,#001a00,#001a00,#001a00,#001a00,#001a00,#001a00,#001a00,#001a00,#001a00,#001a00,#001a00,#001a00,#001a00,#001a00,#001a00,#001a00,#001a00,#001a00,#001a00,#001a00,#001a00,#001a00,#001a00,#001a00,#001a00,#001a00,#001a00,#001a00,#001a00,#001a00,#001a00,#001a00,#001a00,#001a00,#001a00,#001a00,#001a00,,,,,,,,,,,,,,,,,,,,,,,,,,,,,,,,,,,,,,,,,,,,,,,,,,,,,,,,,,,,,,,,,,,,,,,,,,,,,,,,,,,,,,,,,,,,,,,,,,,,,,,,,,,,,,,,,,,,,,,,,,,,,,,,,
#001a00,#001a00,#001a00,#001a00,#001a00,#001a00,#001a00,#001a00,#001a00,#001a00,#001a00,#001a00,#001a00,#001a00,#001a00,#001a00,#001a00,#001a00,#001a00,#001a00,#001a00,#443300,#443300,#443300,#001a00,#001a00,#001a00,#001a00,#001a00,#001a00,#001a00,#001a00,#001a00,#001a00,#001a00,#001a00,#001a00,#001a00,#001a00,#001a00,#001a00,#001a00,#001a00,#001a00,#001a00,#001a00,#001a00,#001a00,#001a00,#001a00,#001a00,#001a00,#001a00,#001a00,#001a00,#001a00,#001a00,#001a00,#001a00,#001a00,#001a00,#001a00,#001a00,,,,,,,,,,,,,,,,,,,,,,,,,,,,,,,,,,,,,,,,,,,,,,,,,,,,,,,,,,,,,,,,,,,,,,,,,,,,,,,,,,,,,,,,,,,,,,,,,,,,,,,,,,,,,,,,,,,,,,,,,,,,,,,,,
#001a00,#001a00,#001a00,#001a00,#001a00,#001a00,#001a00,#001a00,#001a00,#001a00,#001a00,#001a00,#001a00,#001a00,#001a00,#001a00,#001a00,#001a00,#001a00,#001a00,#001a00,#443300,#443300,#443300,#001a00,#001a00,#001a00,#001a00,#001a00,#001a00,#001a00,#001a00,#001a00,#001a00,#001a00,#001a00,#001a00,#001a00,#001a00,#001a00,#001a00,#001a00,#001a00,#001a00,#001a00,#001a00,#001a00,#001a00,#001a00,#001a00,#001a00,#001a00,#001a00,#001a00,#001a00,#001a00,#001a00,#001a00,#001a00,#001a00,#001a00,#001a00,#001a00,,,,,,,,,,,,,,,,,,,,,,,,,,,,,,,,,,,,,,,,,,,,,,,,,,,,,,,,,,,,,,,,,,,,,,,,,,,,,,,,,,,,,,,,,,,,,,,,,,,,,,,,,,,,,,,,,,,,,,,,,,,,,,,,,
#001a00,#001a00,#001a00,#001a00,#001a00,#001a00,#001a00,#001a00,#001a00,#001a00,#001a00,#001a00,#001a00,#001a00,#001a00,#001a00,#001a00,#001a00,#001a00,#001a00,#001a00,#001a00,#001a00,#001a00,#001a00,#001a00,#001a00,#001a00,#001a00,#001a00,#001a00,#001a00,#001a00,#001a00,#001a00,#001a00,#001a00,#001a00,#001a00,#001a00,#001a00,#001a00,#001a00,#001a00,#001a00,#001a00,#001a00,#001a00,#001a00,#001a00,#001a00,#001a00,#001a00,#001a00,#001a00,#001a00,#001a00,#001a00,#001a00,#001a00,#001a00,#001a00,#001a00,,,,,,,,,,,,,,,,,,,,,,,,,,,,,,,,,,,,,,,,,,,,,,,,,,,,,,,,,,,,,,,,,,,,,,,,,,,,,,,,,,,,,,,,,,,,,,,,,,,,,,,,,,,,,,,,,,,,,,,,,,,,,,,,,
#001a00,#001a00,#001a00,#001a00,#001a00,#001a00,#001a00,#001a00,#001a00,#001a00,#001a00,#001a00,#001a00,#001a00,#001a00,#001a00,#001a00,#001a00,#001a00,#001a00,#001a00,#001a00,#001a00,#001a00,#001a00,#001a00,#001a00,#001a00,#001a00,#001a00,#001a00,#001a00,#001a00,#001a00,#001a00,#001a00,#001a00,#001a00,#001a00,#001a00,#001a00,#001a00,#001a00,#001a00,#001a00,#001a00,#001a00,#001a00,#001a00,#001a00,#001a00,#001a00,#001a00,#001a00,#001a00,#001a00,#001a00,#001a00,#001a00,#001a00,#001a00,#001a00,#001a00,,,,,,,,,,,,,,,,,,,,,,,,,,,,,,,,,,,,,,,,,,,,,,,,,,,,,,,,,,,,,,,,,,,,,,,,,,,,,,,,,,,,,,,,,,,,,,,,,,,,,,,,,,,,,,,,,,,,,,,,,,,,,,,,,
#001a00,#001a00,#001a00,#001a00,#001a00,#001a00,#001a00,#001a00,#001a00,#001a00,#001a00,#001a00,#001a00,#001a00,#001a00,#001a00,#001a00,#001a00,#001a00,#001a00,#001a00,#001a00,#001a00,#001a00,#001a00,#001a00,#001a00,#001a00,#001a00,#001a00,#001a00,#001a00,#001a00,#001a00,#001a00,#001a00,#001a00,#001a00,#001a00,#001a00,#001a00,#001a00,#001a00,#001a00,#001a00,#001a00,#001a00,#001a00,#001a00,#001a00,#001a00,#001a00,#001a00,#001a00,#001a00,#001a00,#001a00,#001a00,#001a00,#001a00,#001a00,#001a00,#001a00,,,,,,,,,,,,,,,,,,,,,,,,,,,,,,,,,,,,,,,,,,,,,,,,,,,,,,,,,,,,,,,,,,,,,,,,,,,,,,,,,,,,,,,,,,,,,,,,,,,,,,,,,,,,,,,,,,,,,,,,,,,,,,,,,
#001a00,#001a00,#001a00,#001a00,#001a00,#001a00,#001a00,#001a00,#001a00,#001a00,#001a00,#001a00,#001a00,#001a00,#001a00,#001a00,#001a00,#001a00,#001a00,#001a00,#001a00,#001a00,#001a00,#001a00,#001a00,#001a00,#001a00,#001a00,#001a00,#001a00,#001a00,#001a00,#001a00,#001a00,#001a00,#001a00,#001a00,#001a00,#001a00,#001a00,#001a00,#001a00,#001a00,#001a00,#001a00,#001a00,#001a00,#001a00,#001a00,#001a00,#001a00,#001a00,#001a00,#001a00,#001a00,#001a00,#001a00,#001a00,#001a00,#001a00,#001a00,#001a00,#001a00,,,,,,,,,,,,,,,,,,,,,,,,,,,,,,,,,,,,,,,,,,,,,,,,,,,,,,,,,,,,,,,,,,,,,,,,,,,,,,,,,,,,,,,,,,,,,,,,,,,,,,,,,,,,,,,,,,,,,,,,,,,,,,,,,
#001a00,#001a00,#001a00,#001a00,#001a00,#001a00,#001a00,#001a00,#001a00,#001a00,#001a00,#001a00,#001a00,#001a00,#001a00,#001a00,#001a00,#001a00,#001a00,#001a00,#001a00,#001a00,#001a00,#001a00,#001a00,#001a00,#001a00,#001a00,#001a00,#001a00,#001a00,#001a00,#001a00,#001a00,#001a00,#001a00,#001a00,#001a00,#001a00,#001a00,#001a00,#001a00,#001a00,#001a00,#001a00,#001a00,#001a00,#001a00,#001a00,#001a00,#001a00,#001a00,#001a00,#001a00,#001a00,#001a00,#001a00,#001a00,#001a00,#001a00,#001a00,#001a00,#001a00,,,,,,,,,,,,,,,,,,,,,,,,,,,,,,,,,,,,,,,,,,,,,,,,,,,,,,,,,,,,,,,,,,,,,,,,,,,,,,,,,,,,,,,,,,,,,,,,,,,,,,,,,,,,,,,,,,,,,,,,,,,,,,,,,
#001a00,#001a00,#001a00,#001a00,#001a00,#001a00,#001a00,#001a00,#001a00,#001a00,#001a00,#001a00,#001a00,#001a00,#001a00,#001a00,#001a00,#001a00,#001a00,#001a00,#001a00,#001a00,#001a00,#001a00,#001a00,#001a00,#001a00,#001a00,#001a00,#001a00,#001a00,#001a00,#001a00,#001a00,#001a00,#001a00,#001a00,#001a00,#001a00,#001a00,#001a00,#001a00,#001a00,#001a00,#001a00,#001a00,#001a00,#001a00,#001a00,#001a00,#001a00,#001a00,#001a00,#001a00,#001a00,#001a00,#001a00,#001a00,#001a00,#001a00,#001a00,#001a00,#001a00,,,,,,,,,,,,,,,,,,,,,,,,,,,,,,,,,,,,,,,,,,,,,,,,,,,,,,,,,,,,,,,,,,,,,,,,,,,,,,,,,,,,,,,,,,,,,,,,,,,,,,,,,,,,,,,,,,,,,,,,,,,,,,,,,
#001a00,#001a00,#001a00,#001a00,#001a00,#001a00,#001a00,#001a00,#001a00,#001a00,#001a00,#001a00,#001a00,#001a00,#001a00,#001a00,#001a00,#001a00,#001a00,#001a00,#001a00,#001a00,#001a00,#001a00,#001a00,#001a00,#001a00,#001a00,#001a00,#001a00,#001a00,#001a00,#001a00,#001a00,#001a00,#001a00,#001a00,#001a00,#001a00,#001a00,#001a00,#001a00,#001a00,#001a00,#001a00,#001a00,#001a00,#001a00,#001a00,#001a00,#001a00,#001a00,#001a00,#001a00,#001a00,#001a00,#001a00,#001a00,#001a00,#001a00,#001a00,#001a00,#001a00,,,,,,,,,,,,,,,,,,,,,,,,,,,,,,,,,,,,,,,,,,,,,,,,,,,,,,,,,,,,,,,,,,,,,,,,,,,,,,,,,,,,,,,,,,,,,,,,,,,,,,,,,,,,,,,,,,,,,,,,,,,,,,,,,
#001a00,#001a00,#001a00,#001a00,#001a00,#001a00,#001a00,#001a00,#001a00,#001a00,#001a00,#001a00,#001a00,#001a00,#001a00,#001a00,#001a00,#001a00,#001a00,#001a00,#001a00,#001a00,#001a00,#001a00,#001a00,#001a00,#001a00,#001a00,#001a00,#001a00,#001a00,#001a00,#001a00,#001a00,#001a00,#001a00,#001a00,#001a00,#001a00,#001a00,#001a00,#001a00,#001a00,#001a00,#001a00,#001a00,#001a00,#001a00,#001a00,#001a00,#001a00,#001a00,#001a00,#001a00,#001a00,#001a00,#001a00,#001a00,#001a00,#001a00,#001a00,#001a00,#001a00,,,,,,,,,,,,,,,,,,,,,,,,,,,,,,,,,,,,,,,,,,,,,,,,,,,,,,,,,,,,,,,,,,,,,,,,,,,,,,,,,,,,,,,,,,,,,,,,,,,,,,,,,,,,,,,,,,,,,,,,,,,,,,,,,
#001a00,#001a00,#001a00,#001a00,#001a00,#001a00,#001a00,#001a00,#001a00,#001a00,#001a00,#001a00,#001a00,#001a00,#001a00,#001a00,#001a00,#001a00,#001a00,#001a00,#001a00,#001a00,#001a00,#001a00,#001a00,#001a00,#001a00,#001a00,#001a00,#001a00,#001a00,#001a00,#001a00,#001a00,#001a00,#001a00,#001a00,#001a00,#001a00,#001a00,#001a00,#001a00,#001a00,#001a00,#001a00,#001a00,#001a00,#001a00,#001a00,#001a00,#001a00,#001a00,#001a00,#001a00,#001a00,#001a00,#001a00,#001a00,#001a00,#001a00,#001a00,#001a00,#001a00,,,,,,,,,,,,,,,,,,,,,,,,,,,,,,,,,,,,,,,,,,,,,,,,,,,,,,,,,,,,,,,,,,,,,,,,,,,,,,,,,,,,,,,,,,,,,,,,,,,,,,,,,,,,,,,,,,,,,,,,,,,,,,,,,
#001a00,#001a00,#001a00,#001a00,#001a00,#001a00,#001a00,#001a00,#001a00,#001a00,#001a00,#001a00,#001a00,#001a00,#001a00,#001a00,#001a00,#001a00,#001a00,#001a00,#001a00,#001a00,#001a00,#001a00,#001a00,#001a00,#001a00,#001a00,#001a00,#001a00,#001a00,#001a00,#001a00,#001a00,#001a00,#001a00,#001a00,#001a00,#001a00,#001a00,#001a00,#001a00,#001a00,#001a00,#001a00,#001a00,#001a00,#001a00,#001a00,#001a00,#001a00,#001a00,#001a00,#001a00,#001a00,#001a00,#001a00,#001a00,#001a00,#001a00,#001a00,#001a00,#001a00,,,,,,,,,,,,,,,,,,,,,,,,,,,,,,,,,,,,,,,,,,,,,,,,,,,,,,,,,,,,,,,,,,,,,,,,,,,,,,,,,,,,,,,,,,,,,,,,,,,,,,,,,,,,,,,,,,,,,,,,,,,,,,,,,
#001a00,#001a00,#001a00,#001a00,#001a00,#001a00,#001a00,#001a00,#001a00,#001a00,#001a00,#001a00,#001a00,#001a00,#001a00,#001a00,#001a00,#001a00,#001a00,#001a00,#001a00,#001a00,#001a00,#001a00,#001a00,#001a00,#001a00,#001a00,#001a00,#001a00,#001a00,#001a00,#001a00,#001a00,#001a00,#001a00,#001a00,#001a00,#001a00,#001a00,#001a00,#001a00,#001a00,#001a00,#001a00,#001a00,#001a00,#001a00,#001a00,#001a00,#001a00,#001a00,#001a00,#001a00,#001a00,#001a00,#001a00,#001a00,#001a00,#001a00,#001a00,#001a00,#001a00,,,,,,,,,,,,,,,,,,,,,,,,,,,,,,,,,,,,,,,,,,,,,,,,,,,,,,,,,,,,,,,,,,,,,,,,,,,,,,,,,,,,,,,,,,,,,,,,,,,,,,,,,,,,,,,,,,,,,,,,,,,,,,,,,
#001a00,#001a00,#001a00,#001a00,#001a00,#001a00,#001a00,#001a00,#001a00,#001a00,#001a00,#001a00,#001a00,#001a00,#001a00,#001a00,#001a00,#001a00,#001a00,#001a00,#001a00,#001a00,#001a00,#001a00,#001a00,#001a00,#001a00,#001a00,#001a00,#001a00,#001a00,#001a00,#001a00,#001a00,#001a00,#001a00,#001a00,#001a00,#001a00,#001a00,#001a00,#001a00,#001a00,#001a00,#001a00,#001a00,#001a00,#001a00,#001a00,#001a00,#001a00,#001a00,#001a00,#001a00,#001a00,#001a00,#001a00,#001a00,#001a00,#001a00,#001a00,#001a00,#001a00,,,,,,,,,,,,,,,,,,,,,,,,,,,,,,,,,,,,,,,,,,,,,,,,,,,,,,,,,,,,,,,,,,,,,,,,,,,,,,,,,,,,,,,,,,,,,,,,,,,,,,,,,,,,,,,,,,,,,,,,,,,,,,,,,
#001a00,#001a00,#001a00,#001a00,#001a00,#001a00,#001a00,#001a00,#001a00,#001a00,#001a00,#001a00,#001a00,#001a00,#001a00,#001a00,#001a00,#001a00,#001a00,#001a00,#001a00,#001a00,#001a00,#001a00,#001a00,#001a00,#001a00,#001a00,#001a00,#001a00,#001a00,#001a00,#001a00,#001a00,#001a00,#001a00,#001a00,#001a00,#001a00,#001a00,#001a00,#001a00,#001a00,#001a00,#001a00,#001a00,#001a00,#001a00,#001a00,#001a00,#001a00,#001a00,#001a00,#001a00,#001a00,#001a00,#001a00,#001a00,#001a00,#001a00,#001a00,#001a00,#001a00,,,,,,,,,,,,,,,,,,,,,,,,,,,,,,,,,,,,,,,,,,,,,,,,,,,,,,,,,,,,,,,,,,,,,,,,,,,,,,,,,,,,,,,,,,,,,,,,,,,,,,,,,,,,,,,,,,,,,,,,,,,,,,,,,
#001a00,#001a00,#001a00,#001a00,#001a00,#001a00,#001a00,#001a00,#001a00,#001a00,#001a00,#001a00,#001a00,#001a00,#001a00,#001a00,#001a00,#001a00,#001a00,#001a00,#001a00,#001a00,#001a00,#001a00,#001a00,#001a00,#001a00,#001a00,#001a00,#001a00,#001a00,#001a00,#001a00,#001a00,#001a00,#001a00,#001a00,#001a00,#001a00,#001a00,#001a00,#001a00,#001a00,#001a00,#001a00,#001a00,#001a00,#001a00,#001a00,#001a00,#001a00,#001a00,#001a00,#001a00,#001a00,#001a00,#001a00,#001a00,#001a00,#001a00,#001a00,#001a00,#001a00,,,,,,,,,,,,,,,,,,,,,,,,,,,,,,,,,,,,,,,,,,,,,,,,,,,,,,,,,,,,,,,,,,,,,,,,,,,,,,,,,,,,,,,,,,,,,,,,,,,,,,,,,,,,,,,,,,,,,,,,,,,,,,,,,
#001a00,#001a00,#001a00,#001a00,#001a00,#001a00,#001a00,#001a00,#001a00,#001a00,#001a00,#001a00,#001a00,#001a00,#001a00,#001a00,#001a00,#001a00,#001a00,#001a00,#001a00,#001a00,#001a00,#001a00,#001a00,#001a00,#001a00,#001a00,#001a00,#001a00,#001a00,#001a00,#001a00,#001a00,#001a00,#001a00,#001a00,#001a00,#001a00,#001a00,#001a00,#001a00,#001a00,#001a00,#001a00,#001a00,#001a00,#001a00,#001a00,#001a00,#001a00,#001a00,#001a00,#001a00,#001a00,#001a00,#001a00,#001a00,#001a00,#001a00,#001a00,#001a00,#001a00,,,,,,,,,,,,,,,,,,,,,,,,,,,,,,,,,,,,,,,,,,,,,,,,,,,,,,,,,,,,,,,,,,,,,,,,,,,,,,,,,,,,,,,,,,,,,,,,,,,,,,,,,,,,,,,,,,,,,,,,,,,,,,,,,
#001a00,#001a00,#001a00,#001a00,#001a00,#001a00,#001a00,#001a00,#001a00,#001a00,#001a00,#001a00,#001a00,#001a00,#001a00,#001a00,#001a00,#001a00,#001a00,#001a00,#001a00,#001a00,#001a00,#001a00,#001a00,#001a00,#001a00,#001a00,#001a00,#001a00,#001a00,#001a00,#001a00,#001a00,#001a00,#001a00,#001a00,#001a00,#001a00,#001a00,#001a00,#001a00,#001a00,#001a00,#001a00,#001a00,#001a00,#001a00,#001a00,#1a1a00,#1a1a00,#1a1a00,#1a1a00,#1a1a00,#1a1a00,#1a1a00,#1a1a00,#1a1a00,#1a1a00,#001a00,#001a00,#001a00,#001a00,,,,,,,,,,,,,,,,,,,,,,,,,,,,,,,,,,,,,,,,,,,,,,,,,,,,,,,,,,,,,,,,,,,,,,,,,,,,,,,,,,,,,,,,,,,,,,,,,,,,,,,,,,,,,,,,,,,,,,,,,,,,,,,,,
#001a00,#001a00,#001a00,#001a00,#001a00,#001a00,#001a00,#001a00,#001a00,#001a00,#001a00,#001a00,#001a00,#001a00,#001a00,#001a00,#001a00,#001a00,#001a00,#001a00,#001a00,#001a00,#001a00,#001a00,#001a00,#001a00,#001a00,#001a00,#001a00,#001a00,#001a00,#001a00,#001a00,#001a00,#001a00,#001a00,#001a00,#001a00,#001a00,#001a00,#001a00,#001a00,#001a00,#001a00,#001a00,#001a00,#001a00,#001a00,#001a00,#1a1a00,#1a1a00,#1a1a00,#1a1a00,#1a1a00,#1a1a00,#1a1a00,#1a1a00,#1a1a00,#1a1a00,#001a00,#001a00,#001a00,#001a00,,,,,,,,,,,,,,,,,,,,,,,,,,,,,,,,,,,,,,,,,,,,,,,,,,,,,,,,,,,,,,,,,,,,,,,,,,,,,,,,,,,,,,,,,,,,,,,,,,,,,,,,,,,,,,,,,,,,,,,,,,,,,,,,,
#001a00,#001a00,#001a00,#001a00,#001a00,#001a00,#001a00,#001a00,#001a00,#001a00,#001a00,#001a00,#001a00,#001a00,#001a00,#001a00,#001a00,#001a00,#001a00,#001a00,#001a00,#001a00,#001a00,#001a00,#001a00,#001a00,#001a00,#001a00,#001a00,#001a00,#001a00,#001a00,#001a00,#001a00,#001a00,#001a00,#001a00,#001a00,#001a00,#001a00,#001a00,#001a00,#001a00,#001a00,#001a00,#001a00,#001a00,#001a00,#001a00,#1a1a00,#1a1a00,#1a1a00,#1a1a00,#1a1a00,#1a1a00,#1a1a00,#1a1a00,#1a1a00,#1a1a00,#001a00,#001a00,#001a00,#001a00,,,,,,,,,,,,,,,,,,,,,,,,,,,,,,,,,,,,,,,,,,,,,,,,,,,,,,,,,,,,,,,,,,,,,,,,,,,,,,,,,,,,,,,,,,,,,,,,,,,,,,,,,,,,,,,,,,,,,,,,,,,,,,,,,
#001a00,#001a00,#001a00,#001a00,#001a00,#001a00,#001a00,#001a00,#001a00,#001a00,#001a00,#001a00,#001a00,#001a00,#001a00,#001a00,#001a00,#001a00,#001a00,#001a00,#001a00,#001a00,#001a00,#001a00,#001a00,#001a00,#001a00,#001a00,#001a00,#001a00,#001a00,#001a00,#001a00,#001a00,#001a00,#001a00,#001a00,#001a00,#001a00,#001a00,#001a00,#001a00,#001a00,#001a00,#001a00,#001a00,#001a00,#001a00,#001a00,#1a1a00,#1a1a00,#1a1a00,#1a1a00,#1a1a00,#1a1a00,#1a1a00,#1a1a00,#1a1a00,#1a1a00,#001a00,#001a00,#001a00,#001a00,,,,,,,,,,,,,,,,,,,,,,,,,,,,,,,,,,,,,,,,,,,,,,,,,,,,,,,,,,,,,,,,,,,,,,,,,,,,,,,,,,,,,,,,,,,,,,,,,,,,,,,,,,,,,,,,,,,,,,,,,,,,,,,,,
#001a00,#001a00,#001a00,#001a00,#001a00,#001a00,#001a00,#001a00,#001a00,#001a00,#001a00,#001a00,#001a00,#001a00,#001a00,#001a00,#001a00,#001a00,#001a00,#001a00,#001a00,#001a00,#001a00,#001a00,#001a00,#001a00,#001a00,#001a00,#001a00,#001a00,#001a00,#001a00,#001a00,#001a00,#001a00,#001a00,#001a00,#001a00,#001a00,#001a00,#001a00,#001a00,#001a00,#001a00,#001a00,#001a00,#001a00,#001a00,#001a00,#1a1a00,#1a1a00,#1a1a00,#1a1a00,#1a1a00,#1a1a00,#1a1a00,#1a1a00,#1a1a00,#1a1a00,#001a00,#001a00,#001a00,#001a00,,,,,,,,,,,,,,,,,,,,,,,,,,,,,,,,,,,,,,,,,,,,,,,,,,,,,,,,,,,,,,,,,,,,,,,,,,,,,,,,,,,,,,,,,,,,,,,,,,,,,,,,,,,,,,,,,,,,,,,,,,,,,,,,,
#001a00,#001a00,#001a00,#001a00,#001a00,#001a00,#001a00,#001a00,#001a00,#001a00,#001a00,#001a00,#001a00,#001a00,#001a00,#001a00,#001a00,#001a00,#001a00,#001a00,#001a00,#001a00,#001a00,#001a00,#001a00,#001a00,#001a00,#001a00,#001a00,#001a00,#001a00,#001a00,#001a00,#001a00,#001a00,#001a00,#001a00,#001a00,#001a00,#001a00,#001a00,#001a00,#001a00,#001a00,#001a00,#001a00,#001a00,#001a00,#001a00,#1a1a00,#1a1a00,#1a1a00,#1a1a00,#1a1a00,#1a1a00,#1a1a00,#1a1a00,#1a1a00,#1a1a00,#001a00,#001a00,#001a00,#001a00,,,,,,,,,,,,,,,,,,,,,,,,,,,,,,,,,,,,,,,,,,,,,,,,,,,,,,,,,,,,,,,,,,,,,,,,,,,,,,,,,,,,,,,,,,,,,,,,,,,,,,,,,,,,,,,,,,,,,,,,,,,,,,,,,
#001a00,#001a00,#001a00,#001a00,#001a00,#001a00,#001a00,#001a00,#001a00,#001a00,#001a00,#001a00,#001a00,#001a00,#001a00,#001a00,#001a00,#001a00,#001a00,#001a00,#001a00,#001a00,#001a00,#001a00,#001a00,#001a00,#001a00,#001a00,#001a00,#001a00,#001a00,#001a00,#001a00,#001a00,#001a00,#001a00,#001a00,#001a00,#001a00,#001a00,#001a00,#001a00,#001a00,#001a00,#001a00,#001a00,#001a00,#001a00,#001a00,#1a1a00,#1a1a00,#1a1a00,#1a1a00,#1a1a00,#1a1a00,#1a1a00,#1a1a00,#1a1a00,#1a1a00,#001a00,#001a00,#001a00,#001a00,,,,,,,,,,,,,,,,,,,,,,,,,,,,,,,,,,,,,,,,,,,,,,,,,,,,,,,,,,,,,,,,,,,,,,,,,,,,,,,,,,,,,,,,,,,,,,,,,,,,,,,,,,,,,,,,,,,,,,,,,,,,,,,,,
#001a00,#001a00,#001a00,#001a00,#001a00,#001a00,#001a00,#001a00,#001a00,#001a00,#001a00,#001a00,#001a00,#001a00,#001a00,#001a00,#001a00,#001a00,#001a00,#001a00,#001a00,#001a00,#001a00,#001a00,#001a00,#001a00,#001a00,#001a00,#001a00,#001a00,#001a00,#001a00,#001a00,#001a00,#001a00,#001a00,#001a00,#001a00,#001a00,#001a00,#001a00,#001a00,#001a00,#001a00,#001a00,#001a00,#001a00,#001a00,#001a00,#1a1a00,#1a1a00,#1a1a00,#1a1a00,#1a1a00,#1a1a00,#1a1a00,#1a1a00,#1a1a00,#1a1a00,#001a00,#001a00,#001a00,#001a00,,,,,,,,,,,,,,,,,,,,,,,,,,,,,,,,,,,,,,,,,,,,,,,,,,,,,,,,,,,,,,,,,,,,,,,,,,,,,,,,,,,,,,,,,,,,,,,,,,,,,,,,,,,,,,,,,,,,,,,,,,,,,,,,,
#001a00,#001a00,#001a00,#001a00,#001a00,#001a00,#001a00,#001a00,#001a00,#001a00,#001a00,#001a00,#001a00,#001a00,#001a00,#001a00,#001a00,#001a00,#001a00,#001a00,#001a00,#001a00,#001a00,#001a00,#001a00,#001a00,#001a00,#001a00,#001a00,#001a00,#001a00,#001a00,#001a00,#001a00,#001a00,#001a00,#001a00,#001a00,#001a00,#001a00,#001a00,#001a00,#001a00,#001a00,#001a00,#001a00,#001a00,#001a00,#001a00,#1a1a00,#1a1a00,#1a1a00,#1a1a00,#1a1a00,#1a1a00,#1a1a00,#1a1a00,#1a1a00,#1a1a00,#001a00,#001a00,#001a00,#001a00,,,,,,,,,,,,,,,,,,,,,,,,,,,,,,,,,,,,,,,,,,,,,,,,,,,,,,,,,,,,,,,,,,,,,,,,,,,,,,,,,,,,,,,,,,,,,,,,,,,,,,,,,,,,,,,,,,,,,,,,,,,,,,,,,
#001a00,#001a00,#001a00,#001a00,#001a00,#001a00,#001a00,#001a00,#001a00,#001a00,#001a00,#001a00,#001a00,#001a00,#001a00,#001a00,#001a00,#001a00,#001a00,#001a00,#001a00,#001a00,#001a00,#001a00,#001a00,#001a00,#001a00,#001a00,#001a00,#001a00,#001a00,#001a00,#001a00,#001a00,#001a00,#001a00,#001a00,#001a00,#001a00,#001a00,#001a00,#001a00,#001a00,#001a00,#001a00,#001a00,#001a00,#001a00,#001a00,#1a1a00,#1a1a00,#1a1a00,#1a1a00,#1a1a00,#1a1a00,#1a1a00,#1a1a00,#1a1a00,#1a1a00,#001a00,#001a00,#001a00,#001a00,,,,,,,,,,,,,,,,,,,,,,,,,,,,,,,,,,,,,,,,,,,,,,,,,,,,,,,,,,,,,,,,,,,,,,,,,,,,,,,,,,,,,,,,,,,,,,,,,,,,,,,,,,,,,,,,,,,,,,,,,,,,,,,,,
#001a00,#001a00,#001a00,#001a00,#001a00,#001a00,#001a00,#001a00,#001a00,#001a00,#001a00,#001a00,#001a00,#001a00,#001a00,#001a00,#001a00,#001a00,#001a00,#001a00,#001a00,#001a00,#001a00,#001a00,#001a00,#001a00,#001a00,#001a00,#001a00,#001a00,#001a00,#001a00,#001a00,#001a00,#001a00,#001a00,#001a00,#001a00,#001a00,#001a00,#001a00,#001a00,#001a00,#001a00,#001a00,#001a00,#001a00,#001a00,#001a00,#001a00,#001a00,#001a00,#001a00,#1a1a00,#1a1a00,#001a00,#001a00,#001a00,#001a00,#001a00,#001a00,#001a00,#001a00,,,,,,,,,,,,,,,,,,,,,,,,,,,,,,,,,,,,,,,,,,,,,,,,,,,,,,,,,,,,,,,,,,,,,,,,,,,,,,,,,,,,,,,,,,,,,,,,,,,,,,,,,,,,,,,,,,,,,,,,,,,,,,,,,
#001a00,#001a00,#001a00,#001a00,#001a00,#001a00,#001a00,#001a00,#001a00,#001a00,#001a00,#001a00,#001a00,#001a00,#001a00,#001a00,#001a00,#001a00,#001a00,#001a00,#001a00,#001a00,#001a00,#001a00,#001a00,#001a00,#001a00,#001a00,#001a00,#001a00,#001a00,#001a00,#001a00,#001a00,#001a00,#001a00,#001a00,#001a00,#001a00,#001a00,#001a00,#001a00,#001a00,#001a00,#001a00,#001a00,#001a00,#001a00,#001a00,#001a00,#001a00,#1a1a00,#1a1a00,#1a1a00,#1a1a00,#1a1a00,#1a1a00,#001a00,#001a00,#001a00,#001a00,#001a00,#001a00,,,,,,,,,,,,,,,,,,,,,,,,,,,,,,,,,,,,,,,,,,,,,,,,,,,,,,,,,,,,,,,,,,,,,,,,,,,,,,,,,,,,,,,,,,,,,,,,,,,,,,,,,,,,,,,,,,,,,,,,,,,,,,,,,
#001a00,#001a00,#001a00,#001a00,#001a00,#001a00,#001a00,#001a00,#001a00,#001a00,#001a00,#001a00,#001a00,#001a00,#001a00,#001a00,#001a00,#001a00,#001a00,#001a00,#001a00,#001a00,#001a00,#001a00,#001a00,#001a00,#001a00,#001a00,#001a00,#001a00,#001a00,#001a00,#001a00,#001a00,#001a00,#001a00,#001a00,#001a00,#001a00,#001a00,#001a00,#001a00,#001a00,#001a00,#001a00,#001a00,#001a00,#001a00,#001a00,#001a00,#001a00,#001a00,#1a1a00,#1a1a00,#1a1a00,#1a1a00,#001a00,#001a00,#001a00,#001a00,#001a00,#001a00,#001a00,,,,,,,,,,,,,,,,,,,,,,,,,,,,,,,,,,,,,,,,,,,,,,,,,,,,,,,,,,,,,,,,,,,,,,,,,,,,,,,,,,,,,,,,,,,,,,,,,,,,,,,,,,,,,,,,,,,,,,,,,,,,,,,,,
,,,,,,,,,,,,,,,,,,,,,,,,,,,,,,,,,,,,,,,,,,,,,,,,,,,,,,,,,,,,,,,,,,,,,,,,,,,,,,,,,,,,,,,,,,,,,,,,,,,,,,,,,,,,,,,,,,,,,,,,,,,,,,,,,,,,,,,,,,,,,,,,,,,,,,,,,,,,,,,,,,,,,,,,,,,,,,,,,,,,,,,,,,,,,,,
,,,,,,,,,,,,,,,,,,,,,,,,,,,,,,,,,,,,,,,,,,,,,,,,,,,,,,,,,,,,,,,,,,,,,,,,,,,,,,,,,,,,,,,,,,,,,,,,,,,,,,,,,,,,,,,,,,,,,,,,,,,,,,,,,,,,,,,,,,,,,,,,,,,,,,,,,,,,,,,,,,,,,,,,,,,,,,,,,,,,,,,,,,,,,,,
,,,,,,,,,,,,,,,,,,,,,,,,,,,,,,,,,,,,,,,,,,,,,,,,,,,,,,,,,,,,,,,,,,,,,,,,,,,,,,,,,,,,,,,,,,,,,,,,,,,,,,,,,,,,,,,,,,,,,,,,,,,,,,,,,,,,,,,,,,,,,,,,,,,,,,,,,,,,,,,,,,,,,,,,,,,,,,,,,,,,,,,,,,,,,,,
,,,,,,,,,,,,,,,,,,,,,,,,,,,,,,,,,,,,,,,,,,,,,,,,,,,,,,,,,,,,,,,,,,,,,,,,,,,,,,,,,,,,,,,,,,,,,,,,,,,,,,,,,,,,,,,,,,,,,,,,,,,,,,,,,,,,,,,,,,,,,,,,,,,,,,,,,,,,,,,,,,,,,,,,,,,,,,,,,,,,,,,,,,,,,,,
,,,,,,,,,,,,,,,,,,,,,,,,,,,,,,,,,,,,,,,,,,,,,,,,,,,,,,,,,,,,,,,,,,,,,,,,,,,,,,,,,,,,,,,,,,,,,,,,,,,,,,,,,,,,,,,,,,,,,,,,,,,,,,,,,,,,,,,,,,,,,,,,,,,,,,,,,,,,,,,,,,,,,,,,,,,,,,,,,,,,,,,,,,,,,,,
,,,,,,,,,,,,,,,,,,,,,,,,,,,,,,,,,,,,,,,,,,,,,,,,,,,,,,,,,,,,,,,,,,,,,,,,,,,,,,,,,,,,,,,,,,,,,,,,,,,,,,,,,,,,,,,,,,,,,,,,,,,,,,,,,,,,,,,,,,,,,,,,,,,,,,,,,,,,,,,,,,,,,,,,,,,,,,,,,,,,,,,,,,,,,,,
,,,,,,,,,,,,,,,,,,,,,,,,,,,,,,,,,,,,,,,,,,,,,,,,,,,,,,,,,,,,,,,,,,,,,,,,,,,,,,,,,,,,,,,,,,,,,,,,,,,,,,,,,,,,,,,,,,,,,,,,,,,,,,,,,,,,,,,,,,,,,,,,,,,,,,,,,,,,,,,,,,,,,,,,,,,,,,,,,,,,,,,,,,,,,,,
,,,,,,,,,,,,,,,,,,,,,,,,,,,,,,,,,,,,,,,,,,,,,,,,,,,,,,,,,,,,,,,,,,,,,,,,,,,,,,,,,,,,,,,,,,,,,,,,,,,,,,,,,,,,,,,,,,,,,,,,,,,,,,,,,,,,,,,,,,,,,,,,,,,,,,,,,,,,,,,,,,,,,,,,,,,,,,,,,,,,,,,,,,,,,,,
,,,,,,,,,,,,,,,,,,,,,,,,,,,,,,,,,,,,,,,,,,,,,,,,,,,,,,,,,,,,,,,,,,,,,,,,,,,,,,,,,,,,,,,,,,,,,,,,,,,,,,,,,,,,,,,,,,,,,,,,,,,,,,,,,,,,,,,,,,,,,,,,,,,,,,,,,,,,,,,,,,,,,,,,,,,,,,,,,,,,,,,,,,,,,,,
,,,,,,,,,,,,,,,,,,,,,,,,,,,,,,,,,,,,,,,,,,,,,,,,,,,,,,,,,,,,,,,,,,,,,,,,,,,,,,,,,,,,,,,,,,,,,,,,,,,,,,,,,,,,,,,,,,,,,,,,,,,,,,,,,,,,,,,,,,,,,,,,,,,,,,,,,,,,,,,,,,,,,,,,,,,,,,,,,,,,,,,,,,,,,,,
,,,,,,,,,,,,,,,,,,,,,,,,,,,,,,,,,,,,,,,,,,,,,,,,,,,,,,,,,,,,,,,,,,,,,,,,,,,,,,,,,,,,,,,,,,,,,,,,,,,,,,,,,,,,,,,,,,,,,,,,,,,,,,,,,,,,,,,,,,,,,,,,,,,,,,,,,,,,,,,,,,,,,,,,,,,,,,,,,,,,,,,,,,,,,,,
,,,,,,,,,,,,,,,,,,,,,,,,,,,,,,,,,,,,,,,,,,,,,,,,,,,,,,,,,,,,,,,,,,,,,,,,,,,,,,,,,,,,,,,,,,,,,,,,,,,,,,,,,,,,,,,,,,,,,,,,,,,,,,,,,,,,,,,,,,,,,,,,,,,,,,,,,,,,,,,,,,,,,,,,,,,,,,,,,,,,,,,,,,,,,,,
,,,,,,,,,,,,,,,,,,,,,,,,,,,,,,,,,,,,,,,,,,,,,,,,,,,,,,,,,,,,,,,,,,,,,,,,,,,,,,,,,,,,,,,,,,,,,,,,,,,,,,,,,,,,,,,,,,,,,,,,,,,,,,,,,,,,,,,,,,,,,,,,,,,,,,,,,,,,,,,,,,,,,,,,,,,,,,,,,,,,,,,,,,,,,,,
,,,,,,,,,,,,,,,,,,,,,,,,,,,,,,,,,,,,,,,,,,,,,,,,,,,,,,,,,,,,,,,,,,,,,,,,,,,,,,,,,,,,,,,,,,,,,,,,,,,,,,,,,,,,,,,,,,,,,,,,,,,,,,,,,,,,,,,,,,,,,,,,,,,,,,,,,,,,,,,,,,,,,,,,,,,,,,,,,,,,,,,,,,,,,,,
,,,,,,,,,,,,,,,,,,,,,,,,,,,,,,,,,,,,,,,,,,,,,,,,,,,,,,,,,,,,,,,,,,,,,,,,,,,,,,,,,,,,,,,,,,,,,,,,,,,,,,,,,,,,,,,,,,,,,,,,,,,,,,,,,,,,,,,,,,,,,,,,,,,,,,,,,,,,,,,,,,,,,,,,,,,,,,,,,,,,,,,,,,,,,,,
,,,,,,,,,,,,,,,,,,,,,,,,,,,,,,,,,,,,,,,,,,,,,,,,,,,,,,,,,,,,,,,,,,,,,,,,,,,,,,,,,,,,,,,,,,,,,,,,,,,,,,,,,,,,,,,,,,,,,,,,,,,,,,,,,,,,,,,,,,,,,,,,,,,,,,,,,,,,,,,,,,,,,,,,,,,,,,,,,,,,,,,,,,,,,,,
,,,,,,,,,,,,,,,,,,,,,,,,,,,,,,,,,,,,,,,,,,,,,,,,,,,,,,,,,,,,,,,,,,,,,,,,,,,,,,,,,,,,,,,,,,,,,,,,,,,,,,,,,,,,,,,,,,,,,,,,,,,,,,,,,,,,,,,,,,,,,,,,,,,,,,,,,,,,,,,,,,,,,,,,,,,,,,,,,,,,,,,,,,,,,,,
,,,,,,,,,,,,,,,,,,,,,,,,,,,,,,,,,,,,,,,,,,,,,,,,,,,,,,,,,,,,,,,,,,,,,,,,,,,,,,,,,,,,,,,,,,,,,,,,,,,,,,,,,,,,,,,,,,,,,,,,,,,,,,,,,,,,,,,,,,,,,,,,,,,,,,,,,,,,,,,,,,,,,,,,,,,,,,,,,,,,,,,,,,,,,,,
,,,,,,,,,,,,,,,,,,,,,,,,,,,,,,,,,,,,,,,,,,,,,,,,,,,,,,,,,,,,,,,,,,,,,,,,,,,,,,,,,,,,,,,,,,,,,,,,,,,,,,,,,,,,,,,,,,,,,,,,,,,,,,,,,,,,,,,,,,,,,,,,,,,,,,,,,,,,,,,,,,,,,,,,,,,,,,,,,,,,,,,,,,,,,,,
,,,,,,,,,,,,,,,,,,,,,,,,,,,,,,,,,,,,,,,,,,,,,,,,,,,,,,,,,,,,,,,,,,,,,,,,,,,,,,,,,,,,,,,,,,,,,,,,,,,,,,,,,,,,,,,,,,,,,,,,,,,,,,,,,,,,,,,,,,,,,,,,,,,,,,,,,,,,,,,,,,,,,,,,,,,,,,,,,,,,,,,,,,,,,,,
,,,,,,,,,,,,,,,,,,,,,,,,,,,,,,,,,,,,,,,,,,,,,,,,,,,,,,,,,,,,,,,,,,,,,,,,,,,,,,,,,,,,,,,,,,,,,,,,,,,,,,,,,,,,,,,,,,,,,,,,,,,,,,,,,,,,,,,,,,,,,,,,,,,,,,,,,,,,,,,,,,,,,,,,,,,,,,,,,,,,,,,,,,,,,,,
,,,,,,,,,,,,,,,,,,,,,,,,,,,,,,,,,,,,,,,,,,,,,,,,,,,,,,,,,,,,,,,,,,,,,,,,,,,,,,,,,,,,,,,,,,,,,,,,,,,,,,,,,,,,,,,,,,,,,,,,,,,,,,,,,,,,,,,,,,,,,,,,,,,,,,,,,,,,,,,,,,,,,,,,,,,,,,,,,,,,,,,,,,,,,,,
,,,,,,,,,,,,,,,,,,,,,,,,,,,,,,,,,,,,,,,,,,,,,,,,,,,,,,,,,,,,,,,,,,,,,,,,,,,,,,,,,,,,,,,,,,,,,,,,,,,,,,,,,,,,,,,,,,,,,,,,,,,,,,,,,,,,,,,,,,,,,,,,,,,,,,,,,,,,,,,,,,,,,,,,,,,,,,,,,,,,,,,,,,,,,,,
,,,,,,,,,,,,,,,,,,,,,,,,,,,,,,,,,,,,,,,,,,,,,,,,,,,,,,,,,,,,,,,,,,,,,,,,,,,,,,,,,,,,,,,,,,,,,,,,,,,,,,,,,,,,,,,,,,,,,,,,,,,,,,,,,,,,,,,,,,,,,,,,,,,,,,,,,,,,,,,,,,,,,,,,,,,,,,,,,,,,,,,,,,,,,,,
,,,,,,,,,,,,,,,,,,,,,,,,,,,,,,,,,,,,,,,,,,,,,,,,,,,,,,,,,,,,,,,,,,,,,,,,,,,,,,,,,,,,,,,,,,,,,,,,,,,,,,,,,,,,,,,,,,,,,,,,,,,,,,,,,,,,,,,,,,,,,,,,,,,,,,,,,,,,,,,,,,,,,,,,,,,,,,,,,,,,,,,,,,,,,,,
,,,,,,,,,,,,,,,,,,,,,,,,,,,,,,,,,,,,,,,,,,,,,,,,,,,,,,,,,,,,,,,,,,,,,,,,,,,,,,,,,,,,,,,,,,,,,,,,,,,,,,,,,,,,,,,,,,,,,,,,,,,,,,,,,,,,,,,,,,,,,,,,,,,,,,,,,,,,,,,,,,,,,,,,,,,,,,,,,,,,,,,,,,,,,,,
,,,,,,,,,,,,,,,,,,,,,,,,,,,,,,,,,,,,,,,,,,,,,,,,,,,,,,,,,,,,,,,,,,,,,,,,,,,,,,,,,,,,,,,,,,,,,,,,,,,,,,,,,,,,,,,,,,,,,,,,,,,,,,,,,,,,,,,,,,,,,,,,,,,,,,,,,,,,,,,,,,,,,,,,,,,,,,,,,,,,,,,,,,,,,,,
,,,,,,,,,,,,,,,,,,,,,,,,,,,,,,,,,,,,,,,,,,,,,,,,,,,,,,,,,,,,,,,,,,,,,,,,,,,,,,,,,,,,,,,,,,,,,,,,,,,,,,,,,,,,,,,,,,,,,,,,,,,,,,,,,,,,,,,,,,,,,,,,,,,,,,,,,,,,,,,,,,,,,,,,,,,,,,,,,,,,,,,,,,,,,,,
,,,,,,,,,,,,,,,,,,,,,,,,,,,,,,,,,,,,,,,,,,,,,,,,,,,,,,,,,,,,,,,,,,,,,,,,,,,,,,,,,,,,,,,,,,,,,,,,,,,,,,,,,,,,,,,,,,,,,,,,,,,,,,,,,,,,,,,,,,,,,,,,,,,,,,,,,,,,,,,,,,,,,,,,,,,,,,,,,,,,,,,,,,,,,,,
,,,,,,,,,,,,,,,,,,,,,,,,,,,,,,,,,,,,,,,,,,,,,,,,,,,,,,,,,,,,,,,,,,,,,,,,,,,,,,,,,,,,,,,,,,,,,,,,,,,,,,,,,,,,,,,,,,,,,,,,,,,,,,,,,,,,,,,,,,,,,,,,,,,,,,,,,,,,,,,,,,,,,,,,,,,,,,,,,,,,,,,,,,,,,,,
,,,,,,,,,,,,,,,,,,,,,,,,,,,,,,,,,,,,,,,,,,,,,,,,,,,,,,,,,,,,,,,,,,,,,,,,,,,,,,,,,,,,,,,,,,,,,,,,,,,,,,,,,,,,,,,,,,,,,,,,,,,,,,,,,,,,,,,,,,,,,,,,,,,,,,,,,,,,,,,,,,,,,,,,,,,,,,,,,,,,,,,,,,,,,,,
,,,,,,,,,,,,,,,,,,,,,,,,,,,,,,,,,,,,,,,,,,,,,,,,,,,,,,,,,,,,,,,,,,,,,,,,,,,,,,,,,,,,,,,,,,,,,,,,,,,,,,,,,,,,,,,,,,,,,,,,,,,,,,,,,,,,,,,,,,,,,,,,,,,,,,,,,,,,,,,,,,,,,,,,,,,,,,,,,,,,,,,,,,,,,,,
,,,,,,,,,,,,,,,,,,,,,,,,,,,,,,,,,,,,,,,,,,,,,,,,,,,,,,,,,,,,,,,,,,,,,,,,,,,,,,,,,,,,,,,,,,,,,,,,,,,,,,,,,,,,,,,,,,,,,,,,,,,,,,,,,,,,,,,,,,,,,,,,,,,,,,,,,,,,,,,,,,,,,,,,,,,,,,,,,,,,,,,,,,,,,,,
,,,,,,,,,,,,,,,,,,,,,,,,,,,,,,,,,,,,,,,,,,,,,,,,,,,,,,,,,,,,,,,,,,,,,,,,,,,,,,,,,,,,,,,,,,,,,,,,,,,,,,,,,,,,,,,,,,,,,,,,,,,,,,,,,,,,,,,,,,,,,,,,,,,,,,,,,,,,,,,,,,,,,,,,,,,,,,,,,,,,,,,,,,,,,,,
,,,,,,,,,,,,,,,,,,,,,,,,,,,,,,,,,,,,,,,,,,,,,,,,,,,,,,,,,,,,,,,,,,,,,,,,,,,,,,,,,,,,,,,,,,,,,,,,,,,,,,,,,,,,,,,,,,,,,,,,,,,,,,,,,,,,,,,,,,,,,,,,,,,,,,,,,,,,,,,,,,,,,,,,,,,,,,,,,,,,,,,,,,,,,,,
,,,,,,,,,,,,,,,,,,,,,,,,,,,,,,,,,,,,,,,,,,,,,,,,,,,,,,,,,,,,,,,,,,,,,,,,,,,,,,,,,,,,,,,,,,,,,,,,,,,,,,,,,,,,,,,,,,,,,,,,,,,,,,,,,,,,,,,,,,,,,,,,,,,,,,,,,,,,,,,,,,,,,,,,,,,,,,,,,,,,,,,,,,,,,,,
,,,,,,,,,,,,,,,,,,,,,,,,,,,,,,,,,,,,,,,,,,,,,,,,,,,,,,,,,,,,,,,,,,,,,,,,,,,,,,,,,,,,,,,,,,,,,,,,,,,,,,,,,,,,,,,,,,,,,,,,,,,,,,,,,,,,,,,,,,,,,,,,,,,,,,,,,,,,,,,,,,,,,,,,,,,,,,,,,,,,,,,,,,,,,,,
,,,,,,,,,,,,,,,,,,,,,,,,,,,,,,,,,,,,,,,,,,,,,,,,,,,,,,,,,,,,,,,,,,,,,,,,,,,,,,,,,,,,,,,,,,,,,,,,,,,,,,,,,,,,,,,,,,,,,,,,,,,,,,,,,,,,,,,,,,,,,,,,,,,,,,,,,,,,,,,,,,,,,,,,,,,,,,,,,,,,,,,,,,,,,,,
,,,,,,,,,,,,,,,,,,,,,,,,,,,,,,,,,,,,,,,,,,,,,,,,,,,,,,,,,,,,,,,,,,,,,,,,,,,,,,,,,,,,,,,,,,,,,,,,,,,,,,,,,,,,,,,,,,,,,,,,,,,,,,,,,,,,,,,,,,,,,,,,,,,,,,,,,,,,,,,,,,,,,,,,,,,,,,,,,,,,,,,,,,,,,,,
,,,,,,,,,,,,,,,,,,,,,,,,,,,,,,,,,,,,,,,,,,,,,,,,,,,,,,,,,,,,,,,,,,,,,,,,,,,,,,,,,,,,,,,,,,,,,,,,,,,,,,,,,,,,,,,,,,,,,,,,,,,,,,,,,,,,,,,,,,,,,,,,,,,,,,,,,,,,,,,,,,,,,,,,,,,,,,,,,,,,,,,,,,,,,,,
,,,,,,,,,,,,,,,,,,,,,,,,,,,,,,,,,,,,,,,,,,,,,,,,,,,,,,,,,,,,,,,,,,,,,,,,,,,,,,,,,,,,,,,,,,,,,,,,,,,,,,,,,,,,,,,,,,,,,,,,,,,,,,,,,,,,,,,,,,,,,,,,,,,,,,,,,,,,,,,,,,,,,,,,,,,,,,,,,,,,,,,,,,,,,,,
,,,,,,,,,,,,,,,,,,,,,,,,,,,,,,,,,,,,,,,,,,,,,,,,,,,,,,,,,,,,,,,,,,,,,,,,,,,,,,,,,,,,,,,,,,,,,,,,,,,,,,,,,,,,,,,,,,,,,,,,,,,,,,,,,,,,,,,,,,,,,,,,,,,,,,,,,,,,,,,,,,,,,,,,,,,,,,,,,,,,,,,,,,,,,,,
,,,,,,,,,,,,,,,,,,,,,,,,,,,,,,,,,,,,,,,,,,,,,,,,,,,,,,,,,,,,,,,,,,,,,,,,,,,,,,,,,,,,,,,,,,,,,,,,,,,,,,,,,,,,,,,,,,,,,,,,,,,,,,,,,,,,,,,,,,,,,,,,,,,,,,,,,,,,,,,,,,,,,,,,,,,,,,,,,,,,,,,,,,,,,,,
,,,,,,,,,,,,,,,,,,,,,,,,,,,,,,,,,,,,,,,,,,,,,,,,,,,,,,,,,,,,,,,,,,,,,,,,,,,,,,,,,,,,,,,,,,,,,,,,,,,,,,,,,,,,,,,,,,,,,,,,,,,,,,,,,,,,,,,,,,,,,,,,,,,,,,,,,,,,,,,,,,,,,,,,,,,,,,,,,,,,,,,,,,,,,,,
,,,,,,,,,,,,,,,,,,,,,,,,,,,,,,,,,,,,,,,,,,,,,,,,,,,,,,,,,,,,,,,,,,,,,,,,,,,,,,,,,,,,,,,,,,,,,,,,,,,,,,,,,,,,,,,,,,,,,,,,,,,,,,,,,,,,,,,,,,,,,,,,,,,,,,,,,,,,,,,,,,,,,,,,,,,,,,,,,,,,,,,,,,,,,,,
,,,,,,,,,,,,,,,,,,,,,,,,,,,,,,,,,,,,,,,,,,,,,,,,,,,,,,,,,,,,,,,,,,,,,,,,,,,,,,,,,,,,,,,,,,,,,,,,,,,,,,,,,,,,,,,,,,,,,,,,,,,,,,,,,,,,,,,,,,,,,,,,,,,,,,,,,,,,,,,,,,,,,,,,,,,,,,,,,,,,,,,,,,,,,,,
,,,,,,,,,,,,,,,,,,,,,,,,,,,,,,,,,,,,,,,,,,,,,,,,,,,,,,,,,,,,,,,,,,,,,,,,,,,,,,,,,,,,,,,,,,,,,,,,,,,,,,,,,,,,,,,,,,,,,,,,,,,,,,,,,,,,,,,,,,,,,,,,,,,,,,,,,,,,,,,,,,,,,,,,,,,,,,,,,,,,,,,,,,,,,,,
,,,,,,,,,,,,,,,,,,,,,,,,,,,,,,,,,,,,,,,,,,,,,,,,,,,,,,,,,,,,,,,,,,,,,,,,,,,,,,,,,,,,,,,,,,,,,,,,,,,,,,,,,,,,,,,,,,,,,,,,,,,,,,,,,,,,,,,,,,,,,,,,,,,,,,,,,,,,,,,,,,,,,,,,,,,,,,,,,,,,,,,,,,,,,,,
,,,,,,,,,,,,,,,,,,,,,,,,,,,,,,,,,,,,,,,,,,,,,,,,,,,,,,,,,,,,,,,,,,,,,,,,,,,,,,,,,,,,,,,,,,,,,,,,,,,,,,,,,,,,,,,,,,,,,,,,,,,,,,,,,,,,,,,,,,,,,,,,,,,,,,,,,,,,,,,,,,,,,,,,,,,,,,,,,,,,,,,,,,,,,,,
,,,,,,,,,,,,,,,,,,,,,,,,,,,,,,,,,,,,,,,,,,,,,,,,,,,,,,,,,,,,,,,,,,,,,,,,,,,,,,,,,,,,,,,,,,,,,,,,,,,,,,,,,,,,,,,,,,,,,,,,,,,,,,,,,,,,,,,,,,,,,,,,,,,,,,,,,,,,,,,,,,,,,,,,,,,,,,,,,,,,,,,,,,,,,,,
,,,,,,,,,,,,,,,,,,,,,,,,,,,,,,,,,,,,,,,,,,,,,,,,,,,,,,,,,,,,,,,,,,,,,,,,,,,,,,,,,,,,,,,,,,,,,,,,,,,,,,,,,,,,,,,,,,,,,,,,,,,,,,,,,,,,,,,,,,,,,,,,,,,,,,,,,,,,,,,,,,,,,,,,,,,,,,,,,,,,,,,,,,,,,,,
,,,,,,,,,,,,,,,,,,,,,,,,,,,,,,,,,,,,,,,,,,,,,,,,,,,,,,,,,,,,,,,,,,,,,,,,,,,,,,,,,,,,,,,,,,,,,,,,,,,,,,,,,,,,,,,,,,,,,,,,,,,,,,,,,,,,,,,,,,,,,,,,,,,,,,,,,,,,,,,,,,,,,,,,,,,,,,,,,,,,,,,,,,,,,,,
,,,,,,,,,,,,,,,,,,,,,,,,,,,,,,,,,,,,,,,,,,,,,,,,,,,,,,,,,,,,,,,,,,,,,,,,,,,,,,,,,,,,,,,,,,,,,,,,,,,,,,,,,,,,,,,,,,,,,,,,,,,,,,,,,,,,,,,,,,,,,,,,,,,,,,,,,,,,,,,,,,,,,,,,,,,,,,,,,,,,,,,,,,,,,,,
,,,,,,,,,,,,,,,,,,,,,,,,,,,,,,,,,,,,,,,,,,,,,,,,,,,,,,,,,,,,,,,,,,,,,,,,,,,,,,,,,,,,,,,,,,,,,,,,,,,,,,,,,,,,,,,,,,,,,,,,,,,,,,,,,,,,,,,,,,,,,,,,,,,,,,,,,,,,,,,,,,,,,,,,,,,,,,,,,,,,,,,,,,,,,,,
,,,,,,,,,,,,,,,,,,,,,,,,,,,,,,,,,,,,,,,,,,,,,,,,,,,,,,,,,,,,,,,,,,,,,,,,,,,,,,,,,,,,,,,,,,,,,,,,,,,,,,,,,,,,,,,,,,,,,,,,,,,,,,,,,,,,,,,,,,,,,,,,,,,,,,,,,,,,,,,,,,,,,,,,,,,,,,,,,,,,,,,,,,,,,,,
,,,,,,,,,,,,,,,,,,,,,,,,,,,,,,,,,,,,,,,,,,,,,,,,,,,,,,,,,,,,,,,,,,,,,,,,,,,,,,,,,,,,,,,,,,,,,,,,,,,,,,,,,,,,,,,,,,,,,,,,,,,,,,,,,,,,,,,,,,,,,,,,,,,,,,,,,,,,,,,,,,,,,,,,,,,,,,,,,,,,,,,,,,,,,,,
,,,,,,,,,,,,,,,,,,,,,,,,,,,,,,,,,,,,,,,,,,,,,,,,,,,,,,,,,,,,,,,,,,,,,,,,,,,,,,,,,,,,,,,,,,,,,,,,,,,,,,,,,,,,,,,,,,,,,,,,,,,,,,,,,,,,,,,,,,,,,,,,,,,,,,,,,,,,,,,,,,,,,,,,,,,,,,,,,,,,,,,,,,,,,,,
,,,,,,,,,,,,,,,,,,,,,,,,,,,,,,,,,,,,,,,,,,,,,,,,,,,,,,,,,,,,,,,,,,,,,,,,,,,,,,,,,,,,,,,,,,,,,,,,,,,,,,,,,,,,,,,,,,,,,,,,,,,,,,,,,,,,,,,,,,,,,,,,,,,,,,,,,,,,,,,,,,,,,,,,,,,,,,,,,,,,,,,,,,,,,,,
,,,,,,,,,,,,,,,,,,,,,,,,,,,,,,,,,,,,,,,,,,,,,,,,,,,,,,,,,,,,,,,,,,,,,,,,,,,,,,,,,,,,,,,,,,,,,,,,,,,,,,,,,,,,,,,,,,,,,,,,,,,,,,,,,,,,,,,,,,,,,,,,,,,,,,,,,,,,,,,,,,,,,,,,,,,,,,,,,,,,,,,,,,,,,,,
,,,,,,,,,,,,,,,,,,,,,,,,,,,,,,,,,,,,,,,,,,,,,,,,,,,,,,,,,,,,,,,,,,,,,,,,,,,,,,,,,,,,,,,,,,,,,,,,,,,,,,,,,,,,,,,,,,,,,,,,,,,,,,,,,,,,,,,,,,,,,,,,,,,,,,,,,,,,,,,,,,,,,,,,,,,,,,,,,,,,,,,,,,,,,,,
,,,,,,,,,,,,,,,,,,,,,,,,,,,,,,,,,,,,,,,,,,,,,,,,,,,,,,,,,,,,,,,,,,,,,,,,,,,,,,,,,,,,,,,,,,,,,,,,,,,,,,,,,,,,,,,,,,,,,,,,,,,,,,,,,,,,,,,,,,,,,,,,,,,,,,,,,,,,,,,,,,,,,,,,,,,,,,,,,,,,,,,,,,,,,,,
,,,,,,,,,,,,,,,,,,,,,,,,,,,,,,,,,,,,,,,,,,,,,,,,,,,,,,,,,,,,,,,,,,,,,,,,,,,,,,,,,,,,,,,,,,,,,,,,,,,,,,,,,,,,,,,,,,,,,,,,,,,,,,,,,,,,,,,,,,,,,,,,,,,,,,,,,,,,,,,,,,,,,,,,,,,,,,,,,,,,,,,,,,,,,,,
,,,,,,,,,,,,,,,,,,,,,,,,,,,,,,,,,,,,,,,,,,,,,,,,,,,,,,,,,,,,,,,,,,,,,,,,,,,,,,,,,,,,,,,,,,,,,,,,,,,,,,,,,,,,,,,,,,,,,,,,,,,,,,,,,,,,,,,,,,,,,,,,,,,,,,,,,,,,,,,,,,,,,,,,,,,,,,,,,,,,,,,,,,,,,,,
,,,,,,,,,,,,,,,,,,,,,,,,,,,,,,,,,,,,,,,,,,,,,,,,,,,,,,,,,,,,,,,,,,,,,,,,,,,,,,,,,,,,,,,,,,,,,,,,,,,,,,,,,,,,,,,,,,,,,,,,,,,,,,,,,,,,,,,,,,,,,,,,,,,,,,,,,,,,,,,,,,,,,,,,,,,,,,,,,,,,,,,,,,,,,,,