🗻,🗻,🗻,🗻,,,🪨,,🪨,🗻,,⛰️,🗻,⛰️,,🏔️,🗻,🗻,🪨,⛰️,🗻,🪨,🗻,,🏔️,🏔️,🪨,🗻,⛰️,🪨,⛰️,,🏔️,,🗻,🪨,⛰️,⛰️,,,🪨,⛰️,🗻,🏔️,⛰️,🏔️,⛰️,🪨,🏔️,🗻,⛰️,⛰️,🪨,🗻,⛰️,⛰️,🏔️,🪨,,🏔️,🪨,🗻,⛰️,🏔️,🏔️,🗻,🏔️,🪨,🗻,⛰️,🏔️,⛰️,🏔️,⛰️,⛰️,⛰️,🗻,🏔️,🏔️,,🪨,🏔️,,🗻,🪨,⛰️,🗻,🗻,🪨,🏔️,🪨,,⛰️,🪨,,,🏔️,🪨,🏔️,🗻,,,🪨,🏔️,⛰️,⛰️,🗻,🪨,🏔️,🗻,🗻,🏔️,🪨,,🏔️,🗻,🪨,🗻,,⛰️,🪨,⛰️,⛰️,🗻,🏔️,🪨,,⛰️,,🏔️,⛰️,🏔️,🏔️,,,⛰️,🪨,🏔️,🏔️,⛰️,🗻,🪨,🏔️,,⛰️,⛰️,,🪨,🏔️,🗻,🪨,🪨,🪨,⛰️,⛰️,⛰️,🏔️,,,🪨,⛰️,⛰️,,,🏔️,🗻,🏔️,🪨,⛰️,🪨,,⛰️,,🏔️,🪨,,🏔️,🏔️,,⛰️,,,⛰️,⛰️,🗻,🪨,⛰️,🗻,🗻,🪨,,🏔️
,⛰️,🏔️,🏔️,🏔️,🏔️,🪨,,🗻,🪨,⛰️,,⛰️,🏔️,🗻,⛰️,🪨,🗻,,🏔️,🏔️,,🪨,⛰️,🗻,🪨,⛰️,⛰️,🏔️,🪨,🗻,🗻,🪨,🏔️,🗻,,🗻,🪨,🪨,🏔️,⛰️,,🏔️,🗻,,,,🪨,⛰️,🗻,🏔️,⛰️,🏔️,🪨,🏔️,🗻,⛰️,⛰️,🪨,⛰️,🏔️,,⛰️,🏔️,🗻,🪨,⛰️,🪨,🪨,🏔️,⛰️,🪨,🗻,,,🪨,,,🏔️,🗻,,🗻,⛰️,,🏔️,🏔️,🪨,⛰️,🗻,,🪨,🪨,🗻,,🪨,,,🏔️,🏔️,⛰️,🪨,⛰️,🪨,,🗻,⛰️,🪨,,🪨,🪨,⛰️,🏔️,,🏔️,🏔️,🗻,,🗻,⛰️,⛰️,,🪨,🗻,🪨,⛰️,🪨,🏔️,,🪨,,,🪨,⛰️,🪨,🏔️,⛰️,,🏔️,⛰️,⛰️,🗻,,⛰️,⛰️,🪨,🏔️,,⛰️,🏔️,🗻,🪨,,🪨,🏔️,,⛰️,,⛰️,🗻,,🏔️,,🗻,⛰️,,🪨,🗻,🪨,🪨,,🪨,,,🏔️,🏔️,🏔️,🪨,⛰️,⛰️,⛰️,🗻,🏔️,🗻,🗻,🗻,🏔️,🏔️,⛰️,🗻,⛰️,🪨,🏔️
,⛰️,🪨,⛰️,🗻,⛰️,🏔️,🏔️,🏔️,⛰️,🏔️,🏔️,,🪨,🪨,🗻,🏔️,🪨,🏔️,🏔️,🗻,🗻,,,🏔️,⛰️,,🪨,⛰️,🪨,🏔️,⛰️,🗻,🗻,,🗻,,🗻,⛰️,🪨,🗻,⛰️,🪨,🗻,🪨,,🏔️,⛰️,🗻,⛰️,,,🗻,🗻,🗻,🏔️,🗻,🗻,🏔️,🪨,🪨,,,⛰️,🗻,⛰️,⛰️,⛰️,,⛰️,,🪨,⛰️,🏔️,⛰️,,⛰️,,🗻,🗻,,⛰️,🗻,🏔️,🪨,🪨,⛰️,,⛰️,⛰️,🪨,,⛰️,🏔️,,🗻,🪨,⛰️,🪨,🪨,⛰️,⛰️,🗻,,🪨,🏔️,🏔️,🏔️,🏔️,,,🗻,⛰️,🏔️,🗻,🗻,⛰️,🏔️,🏔️,🪨,,🪨,🗻,,🪨,🪨,🗻,🪨,🗻,🏔️,,🗻,,⛰️,🗻,🏔️,🗻,🪨,🗻,,⛰️,🏔️,🏔️,🏔️,🏔️,,🗻,🏔️,,🏔️,,🪨,⛰️,⛰️,🪨,🏔️,🪨,,🗻,🪨,🏔️,🪨,🏔️,⛰️,⛰️,🏔️,🪨,⛰️,🪨,🗻,🏔️,🪨,⛰️,🗻,🗻,🗻,🏔️,🗻,⛰️,🪨,🏔️,,⛰️,🪨,🗻,🪨,🏔️,,,🪨,🪨,🏔️
🗻,⛰️,🗻,🧱,🧱,🧱,🧱,🧱,🧱,🧱,,,,,,,,,,,,,,,,,,,,,,,,,,,,,,,,,,,,,,,,,,,,,,,,,,,,,,,,,,,,,,,,,,,,,,,,,,,,,,,,,,,,,,,,,,,,,,,,,,,,,,,,,,,,,,,,,,,,,,,,,,,,,,,,,,,,,,,,,,,,,,,,,,,,,,,,,,,,,,,,,,,,,,,,,,,,,,,,,,,,⛰️,⛰️,🗻
,,⛰️,🧱,,,🏠,,,🧱,,,,,,,,,,,,,,🌲,🌲,🌳,,,🌳,🌲,🌳,🌳,🌲,,,🌲,🌲,🌲,🌳,🌲,🌲,,,🌳,🌲,,,,,,,,,,,,,,,,,,,,,,,,,,,,,,,,,,,,,,,,,,,,,,,,,,,,,,,,,,,,,,,,,,,,,,,,,,,,,,,,,,,,,,,,,,,,,,,,,,,,,,,,,,,,,,,,,,,,,,,,,,,,,,,,,,,,,,,,,,,,,,,,,,🏔️,🗻
🪨,🗻,🏔️,🧱,🏕️,,,,🏡,🧱,,,,,,,,,🌲,,,🌲,🌲,🌳,🌲,🌳,🌳,🌳,🌲,🌲,🌳,🌲,🌳,,,🌳,🌳,🌳,🌲,🌲,🌳,🌳,🌳,🌳,,🌲,,,,,,,,,,,,,,,,,,,,,,,,,,,,,,,,,,,,,,,,,,,,,,,,,,,,,,,,,,,,,,,,,,,,,,,,,,,,,,,,,,,,,,,,,,,,,,,,,,,,,,,,,,,,,,,,,,,,,,,,,,,,,,,,,,,,,,,,,,,,,,,,🪨,🪨,🗻
⛰️,,🏔️,🧱,,,,,,🧱,,,,,🌲,🌳,🌳,🌲,🌲,🌳,,,🌳,🌲,🌳,🌲,🌳,🌲,,🌳,🌲,🌳,🌲,🌲,,🌲,🌳,🌲,,🌳,,🌳,,🌳,,,🌳,🌲,🌳,,,,,,,,,,,,,,,,,,,,,,,,,,,,,,,,,,,,,,,,,,,,,,,,,,,,,,,,,,,,,,,,,,,,,,,,,,,,,,,,,,,,,,,,,,,,,,,,,,,,,,,,,,,,,,,,,,,,,,,,,,,,,,,,,,,,,,,,,,,,,🗻,🗻,
,🗻,,🧱,🧱,,,,🧱,🧱,,,,,,🌲,🌳,🌳,🌳,🌲,,🌳,🌲,🌳,🌲,🌲,🌲,,,🌲,🌳,🌲,🌳,🌳,🌳,🌲,🌳,,,,,,🌲,🌳,,🌲,🌲,,🌳,,,🌳,,,,,,,,,,,,,,,,,,,,,,,,,,,,,,,,,,,,,,,,,,,,,,,,,,,,,,,,,,,,,,,,,,,,,,,,,,,,,,,,,,,,,,,,,,,,,,,,,,,,,,,,,,,,,,,,,,,,,,,,,,,,,,,,,,,,,,,,,,🗻,🗻,
🗻,🪨,,,🟫,,,,🟫,,🌳,🌳,🌳,🌲,🌳,,🌲,🌳,🌲,🌳,🌳,,🌳,🌲,,,,🌲,🌲,🌳,🌲,,🌲,🌳,🌳,🌳,🌲,🌳,🌲,,🌳,🌲,🌲,🌲,🌲,,🌳,🌳,🌳,,,,,,,,,,,,,,,,,,,,,,,,,,,,,,,,,,,,,,,,,,,,,,,,,,,,,,,,,,,,,,,,,,,,,,,,,,,,,,,,,,,,,,,,,,,,,,,,,,,,,,,,,,,,,,,,,,,,,,,,,,,,,,,,,,,,,,,,,,,,,,🪨,🏔️
🗻,🗻,🪨,,🟫,🟫,🟫,🟫,🟫,,🌲,,🌲,🌳,🌲,🌳,🌲,🌲,🌳,,🌳,🌳,,🌲,🌳,🌳,🌳,🌲,🌲,🌳,,🌳,,,,,,🌳,,,🌳,,🌲,,🌳,🌲,,🌳,🌲,🌲,🌲,,,🌳,🌲,🌲,🌳,🌲,🌲,,,,,,,,,,,,,,,,,,,,,,,,,,,,,,,,,,,,,,,,,,,,,,,,,,,,,,,,,,,,,,,,,,,,,,,,,,,,,,,,,,,,,,,,,,,,,,,,,,,,,,,,,,,,,,,,,,,,,,,,,,,,,,,,,,,,🏔️,🪨
🪨,⛰️,🏔️,,,,,,,🌳,,🌲,,🌳,🌳,🌲,🌲,🌳,🌳,,🌲,🌳,🌲,,🌳,,🌳,,,,🌲,🌲,🌲,🌳,🌳,🌳,,🌲,🌳,🌳,🌳,,,🌲,🌳,🌲,,🌲,,🌲,,🌲,🌲,🌲,🌳,🌲,,🌳,🌲,,,,,,,,,,,,,,,,,,,,,,,,,,,,,,,,,,,,,,,,,,,,,,,,,,,,,,,,,,,,,,,,,,,,,,,,,,,,,,,,,,,,,,,,,,,,,,,,,,,,,,,,,,,,,,,,,,,,,,,,,,,,,,,,,,,🪨,🪨,🪨
,🪨,🏔️,,,,,,,🌳,🌲,🌲,🌳,🌳,🌳,🌲,🌳,,,,,,,,,,🌳,🌳,🌲,🌳,🌳,🌳,🌲,🌳,🌲,🌲,,🌲,🌲,🌳,🌳,,🌳,🌲,,,🌳,🌳,,,🌲,🌳,🌲,🌲,🌳,,,,🌳,,,,,,,,,,,,,,,,,,,,,,,,,,,,,,,,,,,,,,,,,,,,,,,,,,,,,,,,,,,,,,,,,,,,,,,,,,,,,,,,,,,,,,,,,,,,,,,,,,,,,,,,,,,,,,,,,,,,,,,,,,,,,,,,,,,🗻,⛰️,⛰️
,🪨,🗻,,,,,,,,🌲,🌳,🌲,🌲,🌲,🌲,🌲,🌲,🌲,,🌳,🌳,,🌳,🌳,,,,,,🌳,🌲,,,🌳,🌳,🌳,,🌳,🌲,🌲,🌳,,🌳,,,🌲,,🌳,🌲,,🌲,🌲,,🌳,🌲,🌳,🌲,🌳,,,,,,,,,,,,,,,,,,,,,,,,,,,,,,,,,,,,,,,,,,,,,,,,,,,,,,,,,,,,,,,,,,,,,,,,,,,,,,,,,,,,,,,,,,,,,,,,,,,,,,,,,,,,,,,,,,,,,,,,,,,,,,,,,,,,⛰️,⛰️
⛰️,🗻,🗻,,,,,,,,,,,🌲,🌳,🌲,,,,,🌳,,,,🌳,,,🌳,,🌳,🌳,,🌲,,🌳,,,,🌳,,,🌲,🌲,,🌳,🌳,🌲,🌲,,🌳,🌲,,🌲,,🌲,🌲,,🌳,🌳,,,,,,,,,,,,,,,,,,,,,,,,,,,,,,,,,,,,,,,,,,,,,,,,,,,,,,,,,,,,,,,,,,,,,,,,,,,,,,,,,,,,,,,,,,,,,,,,,,,,,,,,,,,,,,,,,,,,,,,,,,,,,,,,,,,🏔️,🪨,🗻
🏔️,🪨,🏔️,,,,,,,,🌳,,,,🌳,,🌳,🌲,🌲,,,,,,,,,🌲,🌲,,,🌲,🌳,,🌲,🌲,,🌳,🌲,,,🌲,🌲,🌳,🌳,🌲,,,🌳,🌳,,🌲,🌳,🌳,,,,🌳,🌳,,🌳,,,,,,,,,,,,,,,,,,,,,,,,,,,,,,,,,,,,,,,,,,,,,,,,,,,,,,,,,,,,,,,,,,,,,,,,,,,,,,,,,,,,,,,,,,,,,,,,,,,,,,,,,,,,,,,,,,,,,,,,,,,,,,,,,🪨,🗻,🪨
🏔️,,,,,,,,,,🌲,🌲,,,,,,🌲,,,🌲,,,,🌳,,🌲,🌲,,🌳,🌳,🌲,🌲,🌳,,🌲,🌳,🌳,,,,🌲,,,,🌲,🌳,,,🌳,,,,🌲,,🌲,,🌳,🌳,🌲,,,🌳,,,,,,,,,,,,,,,,,,,,,,,,,,,,,,,,,,,,,,,,,,,,,,,,,,,,,,,,,,,,,,,,,,,,,,,,,,,,,,,,,,,,,,,,,,,,,,,,,,,,,,,,,,,,,,,,,,,,,,,,,,,,,,,,🗻,
⛰️,🪨,🏔️,🌳,,🌳,🌳,,,🌳,🌲,🌲,🌲,,🌳,,🌳,🌲,🌳,,🌲,🌳,,🌳,🌳,,,,🌲,🌳,🌳,,🌳,🌳,🌲,🌳,,,,,🌳,🌲,🌲,🌲,🌳,🌲,,🌳,🌳,,🌳,,🌲,🌲,🌳,🌲,🌲,🌲,🌲,,🌳,,,,,,,,,,,,,,,,,,,,,,,,,,,,,,,,,,,,,,,,,,,,,,,,,,,,,,,,,,,,,,,,,,,,,,,,,,,,,,,,,,,,,,,,,,,,,,,,,,,,,,,,,,,,,,,,,,,,,,,,,,,,,,,,,,🗻,🏔️
⛰️,⛰️,⛰️,,🌲,🌳,🌳,🌳,🌳,🌳,🌳,,,🌳,🌳,🌲,🌲,🌳,🌳,,,,,,,,,🌳,,🌳,,🌳,,🌳,,,,,🌳,,,,🌲,🌲,🌳,,🌳,🌲,🌳,,🌲,🌳,🌳,,🌳,,🌲,🌲,🌲,🌳,🌲,🌳,🌳,,,,,,,,,,,,,,,,,,,,,,,,,,,,,,,,,,,,,,,,,,,,,,,,,,,,,,,,,,,,,,,,,,,,,,,,,,,,,,,,,,,,,,,,,,,,,,,,,,,,,,,,,,,,,,,,,,,,,,,,,,,,,,,⛰️,⛰️,
⛰️,🏔️,🏔️,🌳,🌲,🌲,,🌳,🌳,🌲,🌳,🌲,🌳,🌳,🌳,,🌲,,🌲,🌲,,🌳,🌳,,🌳,,🌲,🌳,🌳,🌲,🌲,🌲,,,🌳,🌳,🌲,🌲,🌲,,,,,🌲,🌳,,,🌳,🌲,🌳,🌲,🌲,🌳,🌲,,,,,🌲,,,🌲,🌳,,,,,,,,,,,,,,,,,,,,,,,,,,,,,,,,,,,,,,,,,,,,,,,,,,,,,,,,,,,,,,,,,,,,,,,,,,,,,,,,,,,,,,,,,,,,,,,,,,,,,,,,,,,,,,,,,,,,,,,,,,,,,,,,⛰️,🪨
🗻,,🪨,,,🌳,🌳,,🌳,,,🌲,,,🌲,🌲,🌳,🌳,,🌲,,,🌳,🌳,🌲,,🌳,🌳,,🌲,🌳,🌲,🌲,🌲,🌲,,,,🌲,🌲,,,,🌲,🌳,,🌳,🌳,🌳,,🌲,🌳,🌳,,🌲,🌲,🌳,,🌲,🌲,,,🌲,,,,,,,,,,,,,,,,,,,,,,,,,,,,,,,,,,,,,,,,,,,,,,,,,,,,,,,,,,,,,,,,,,,,,,,,,,,,,,,,,,,,,,,,,,,,,,,,,,,,,,,,,,,,,,,,,,,,,,,,,,,,,,,,,
,⛰️,🗻,,,,🌲,🌲,🌳,🌳,🌲,🌲,,🌳,🌳,,,🌲,🌲,🌲,🌳,,🌳,,,🌲,🌲,🌳,🌳,🌳,🌲,🌲,🌳,🌳,,🌲,🌲,,,,🌲,🌲,,🌳,🌲,🌲,🌳,,,🌲,🌳,,🌳,🌲,🌳,🌳,🌲,🌳,,,🌳,,,,,,,,,,,,,,,,,,,,,,,,,,,,,,,,,,,,,,,,,,,,,,,,,,,,,,,,,,,,,,,,,,,,,,,,,,,,,,,,,,,,,,,,,,,,,,,,,,,,,,,,,,,,,,,,,,,,,,,,,,,,,,,,,🗻,⛰️,🪨
🏔️,🗻,🏔️,,,,🌳,🌳,🌳,🌲,🌲,🌳,🌳,,,,🌲,🌲,🌳,🌳,🌳,🌳,,🌲,🌲,🌲,🌲,,🌳,🌳,🌳,,🌲,🌲,🌲,🌳,🌲,🌳,,🌳,🌲,,🌳,🌳,🌲,🌳,,🌲,,🌳,🌲,🌲,🌳,🌲,,🌲,,🌳,,🌲,🌲,,,,,,,,,,,,,,,,,,,,,,,,,,,,,,,,,,,,,,,,,,,,,,,,,,,,,,,,,,,,,,,,,,,,,,,,,,,,,,,,,,,,,,,,,,,,,,,,,,,,,,,,,,,,,,,,,,,,,,,,,,,,,,,,,🗻,,🗻
🪨,,🪨,,,,,🌳,,🌳,🌲,🌳,,,🌲,🌲,,,,,,🌳,🌳,🌲,🌲,🌳,,,,🌳,🌳,🌳,🌲,,,,🌳,🌳,🌳,🌳,,🌳,,🌳,🌲,,,🌳,,,,🌳,🌳,,🌳,🌳,🌳,,🌳,🌳,🌳,🌳,,,,,,,,,,,,,,,,,,,,,,,,,,,,,,,,,,,,,,,,,,,,,,,,,,,,,,,,,,,,,,,,,,,,,,,,,,,,,,,,,,,,,,,,,,,,,,,,,,,,,,,,,,,,,,,,,,,,,,,,,,,,,,,,,🗻,⛰️
🗻,,⛰️,,,,🌳,,🌳,🌳,,🌲,🌳,,,🌳,,,🌲,,🌳,🌲,🌲,🌲,,🌲,🌲,🌲,🌲,🌳,,🌲,🌳,🌲,🌳,,🌳,,,🌲,🌲,,,🌲,🌲,🌳,🌳,,🌳,🌳,,,,,🌳,🌳,🌲,🌳,🌲,🌲,🌲,,,,,,,,,,,,,,,,,,,,,,,,,,,,,,,,,,,,,,,,,,,,,,,,,,,,,,,,,,,,,,,,,,,,,,,,,,,,,,,,,,,,,,,,,,,,,,,,,,,,,,,,,,,,,,,,,,,,,,,,,,,,,,,,,🗻,🗻,🪨
,⛰️,,,,,🌳,🌳,,🌳,🌲,🌲,🌲,🌲,🌲,🌲,,🌳,🌳,🌲,🌲,,🌳,🌳,🌲,,🌲,🌲,,🌳,🌲,🌲,🌲,🌲,🌳,🌲,🌳,🌳,🌳,,,🌳,,,,🌳,,🌲,🌲,🌲,🌲,🌲,🌲,,🌲,🌲,,🌳,🌳,🌳,🌲,,,,,,,,,,,,,,,,,,,,,,,,,,,,,,,,,,,,,,,,,,,,,,,,,,,,,,,,,,,,,,,,,,,,,,,,,,,,,,,,,,,,,,,,,,,,,,,,,,,,,,,,,,,,,,,,,,,,,,,,,,,,,,,,,🏔️,,🪨
🗻,🗻,🏔️,,,,,🌲,🌲,🌲,🌳,,🌳,🌳,,,,,,🌲,🌲,🌳,🌳,🌳,🌲,🌲,,🌳,🌳,,🌲,🌳,,🌳,🌳,,🌳,🌳,🌲,🌲,🌲,🌲,🌲,🌲,🌳,🌳,🌳,🌲,,,🌳,🌲,🌲,,🌲,🌲,🌳,,,🌳,,,,,,,,,,,,,,,,,,,,,,,,,,,,,,,,,,,,,,,,,,,,,,,,,,,,,,,,,,,,,,,,,,,,,,,,,,,,,,,,,,,,,,,,,,,,,,,,,,,,,,,,,,,,,,,,,,,,,,,,,,,,,,,,,,🏔️,🏔️,🏔️
⛰️,⛰️,🗻,,,🌲,🌳,🌲,,🌳,🌲,,🌲,,,,🌳,🌲,🌳,,🌲,🌳,,,,🌲,🌳,🌲,🌲,🌳,🌳,,🌳,🌲,🌳,,🌲,🌲,🌲,🌳,🌲,🌳,🌲,🌳,,,,,🌲,🌳,🌲,🌳,,🌳,🌲,🌳,,,,,,,,,,,,,,,,,,,,,,,,,,,,,,,,,,,,,,,,,,,,,,,,,,,,,,,,,,,,,,,,,,,,,,,,,,,,,,,,,,,,,,,,,,,,,,,,,,,,,,,,,,,,,,,,,,,,,,,,,,,,,,,,,,,,,,🗻,🗻,🪨
,🏔️,,,,🌳,🌳,,🌳,,,🌲,🌲,🌲,,,🌲,🌲,🌳,,🌳,🌲,,,🌲,🌳,🌳,🌲,🌳,,🌳,🌳,,🌲,🌳,🌳,🌲,🌲,🌳,🌳,🌳,🌲,🌳,🌲,,,🌳,🌳,🌲,🌲,🌲,🌳,🌲,🌲,,,,,,,,,,,,,,,,,,,,,,,,,,,,,,,,,,,,,,,,,,,,,,,,,,,,,,,,,,,,,,,,,,,,,,,,,,,,,,,,,,,,,,,,,,,,,,,,,,,,,,,,,,,,,,,,,,,,,,,,,,,,,,,,,,,,,,,,🏔️,🗻,
🪨,,⛰️,,🌳,🌳,,🌳,🌳,,🌳,,🌲,,🌲,🌳,🌳,🌳,,🌲,🌳,🌲,,,,🌲,,🌳,,🌲,🌳,🌳,,🌲,,🌳,🌲,🌳,,,,🌳,🌲,🌲,🌲,🌲,,🌲,🌳,🌲,🌲,,,,🌳,,🌳,🌳,,,,,,,,,,,,,,,,,,,,,,,,,,,,,,,,,,,,,,,,,,,,,,,,,,,,,,,,,,,,,,,,,,,,,,,,,,,,,,,,,,,,,,,,,,,,,,,,,,,,,,,,,,,,,,,,,,,,,,,,,,,,,,,,,,,,⛰️,🪨,⛰️
🪨,🗻,🪨,,🌳,,,🌳,🌲,🌳,🌲,🌲,,🌳,,,🌳,🌳,🌲,,🌲,,,🌳,🌲,🌲,🌲,🌲,🌳,🌲,🌲,🌳,🌳,🌲,🌲,🌳,,,,🌳,🌲,,🌲,🌲,,🌲,,🌲,🌲,🌲,🌳,🌳,🌲,🌳,🌲,,,,🌲,,,,,,,,,,,,,,,,,,,,,,,,,,,,,,,,,,,,,,,,,,,,,,,,,,,,,,,,,,,,,,,,,,,,,,,,,,,,,,,,,,,,,,,,,,,,,,,,,,,,,,,,,,,,,,,,,,,,,,,,,,,,,,,,,,,⛰️,🪨,🗻
⛰️,,🪨,,,,,🌳,🌲,,🌲,,🌳,🌲,,🌳,,,🌲,🌲,🌲,,🌳,🌲,,🌲,,,🌲,🌳,🌲,🌲,🌳,,🌲,🌲,🌲,🌳,🌲,🌳,🌳,🌳,🌲,,🌳,🌳,🌳,,🧱,🧱,🧱,🧱,🧱,🧱,🧱,🧱,🧱,🧱,🧱,🧱,,,,,,,,,,,,,,,,,,,,,,,,,,,,,,,,,,,,,,,,,,,,,,,,,,,,,,,,,,,,,,,,,,,,,,,,,,,,,,,,,,,,,,,,,,,,,,,,,,,,,,,,,,,,,,,,,,,,,,,,,,,,,,,,,,,🏔️,
,🗻,🗻,,,🌳,🌳,,🌳,,🌲,🌳,,,,,🌳,🌳,🌳,,🌲,🌲,,🌲,🌲,🌳,🌳,🌲,🌲,🌲,🌳,🌳,,,,🌳,🌳,,🌳,🌳,🌲,,,,,🌳,,🌲,🧱,,,,,,,,,,,🧱,,,,,,,,,,,,,,,,,,,,,,,,,,,,,,,,,,,,,,,,,,,,,,,,,,,,,,,,,,,,,,,,,,,,,,,,,,,,,,,,,,,,,,,,,,,,,,,,,,,,,,,,,,,,,,,,,,,,,,,,,,,,,,,,,,🗻,🏔️,🏔️
,⛰️,🗻,,,,,,,🌲,,,🌲,🌲,🌲,🌳,,,,,,,🌳,🌲,🌳,🌳,,🌳,,🌲,🌲,🌳,🌲,,🌳,,🌲,🌲,🌲,🌳,🌲,🌲,🌳,🌲,,🌳,🌳,,🧱,,,,,,,,,,,🧱,,,,,,,,,,,,,,,,,,,,,,,,,,,,,,,,,,,,,,,,,,,,,,,,,,,,,,,,,,,,,,,,,,,,,,,,,,,,,,,,,,,,,,,,,,,,,,,,,,,,,,,,,,,,,,,,,,,,,,,,,,,,,,,,,,🗻,🏔️,🏔️
🗻,🗻,🗻,,,,,,,🌳,🌳,🌳,🌳,🌳,🌳,🌲,🌳,,,🌳,🌳,,🌲,🌲,🌲,🌳,,🌳,🌳,,🌲,🌳,🌲,,🌲,,,,,🌲,,,🌳,,🌲,🌲,,,🧱,,,,,,,,,,,🧱,,,,,,,,,,,,,,,,,,,,,,,,,,,,,,,,,,,,,,,,,,,,,,,,,,,,,,,,,,,,,,,,,,,,,,,,,,,,,,,,,,,,,,,,,,,,,,,,,,,,,,,,,,,,,,,,,,,,,,,,,,,,,,,,,,⛰️,🗻,
🪨,🗻,🪨,,,,,,🌳,🌳,,,🌲,🌳,🌲,🌲,🌲,🌳,,🌲,,🌲,🌳,🌳,🌲,,🌲,🌲,🌳,,,,,,,🌳,🌲,,🌲,🌳,🌲,🌲,,,🌳,,🌲,,🧱,,,,,,,,,,,🧱,,,,,,,,,,,,,,,,,,,,,,,,,,,,,,,,,,,,,,,,,,,,,,,,,,,,,,,,,,,,,,,,,,,,,,,,,,,,,,,,,,,,,,,,,,,,,,,,,,,,,,,,,,,,,,,,,,,,,,,,,,,,,,,,,,🪨,,🏔️
⛰️,⛰️,🪨,,,,,,,,🌳,🌳,🌳,🌳,🌲,🌳,🌲,🌳,,🌳,🌳,🌳,🌲,,🌳,,,,,,🌲,,🌳,🌲,,,🌲,🌲,🌳,,,🌳,🌲,,,,🌳,🌲,🧱,,,,,,,,,,,🧱,,,,,,,,,,,,,,,,,,,,,,,,,,,,,,,,,,,,,,,,,,,,,,,,,,,,,,,,,,,,,,,,,,,,,,,,,,,,,,,,,,,,,,,,,,,,,,,,,,,,,,,,,,,,,,,,,,,,,,,,,,,,,,,,,,⛰️,⛰️,🗻
,⛰️,,,,,,,,,,,🌳,,,🌲,🌲,🌲,,🌲,🌲,,🌳,🌳,🌲,,🌳,🌲,🌳,🌲,,,🌳,,🌳,🌳,,,🌲,🌳,🌲,🌳,,🌲,,🌳,,🌲,🧱,,,,,,,,,,,🧱,,,,,,,,,,,,,,,,,,,,,,,,,,,,,,,,,,,,,,,,,,,,,,,,,,,,,,,,,,,,,,,,,,,,,,,,,,,,,,,,,,,,,,,,,,,,,,,,,,,,,,,,,,,,,,,,,,,,,,,,,,,,,,,,,,⛰️,🪨,🏔️
🪨,,⛰️,,,,,,,,,,,,,🌳,,🌲,🌳,🌲,🌳,,🌲,,🌳,,,🌲,,🌳,🌲,🌳,🌲,🌳,,🌲,🌳,🌳,🌳,🌳,🌳,🌲,🌲,🌲,,🌳,🌳,,🧱,,,,,,,,,,,🧱,,,,,,,,,,,,,,,,,,,,,,,,,,,,,,,,,,,,,,,,,,,,,,,,,,,,,,,,,,,,,,,,,,,,,,,,,,,,,,,,,,,,,,,,,,,,,,,,,,,,,,,,,,,,,,,,,,,,,,,,,,,,,,,,,,,,
,,,,,,,,,,,,,,,🌲,,🌲,,🌳,,,🌳,🌲,🌲,,,🌲,🌳,🌳,,🌲,,🌲,🌳,🌲,🌳,🌲,🌳,🌳,🌳,🌳,,🌳,,,,🌳,🧱,,,,,,,,,,,🧱,,,,,,,,,,,,,,,,,,,,,,,,,,,,,,,,,,,,,,,,,,,,,,,,,,,,,,,,,,,,,,,,,,,,,,,,,,,,,,,,,,,,,,,,,,,,,,,,,,,,,,,,,,,,,,,,,,,,,,,,,,,,,,,,,,,⛰️,
🗻,🪨,,,,,,,,,,,,,,,,,,,,🌳,🌲,🌳,🌳,,🌳,,🌲,🌲,,🌲,,,,🌳,,,,,,,,🌲,🌲,🌳,,🌲,🧱,,,,,,,,,,,🧱,,,,,,,,,,,,,,,,,,,,,,,,,,,,,,,,,,,,,,,,,,,,,,,,,,,,,,,,,,,,,,,,,,,,,,,,,,,,,,,,,,,,,,,,,,,,,,,,,,,,,,,,,,,,,,,,,,,,,,,,,,,,,,,,,,⛰️,⛰️,🪨
⛰️,⛰️,🗻,,,,,,,,,,,,,,,,,,,,,,,,,,🌳,🌲,🌳,,🌳,🌲,🌲,🌲,🌳,🌲,🌲,,🌳,🌲,,🌳,🌳,🌳,🌲,🌲,🧱,,,,,,,,,,,🧱,,,,,,,,,,,,,,,,,,,,,,,,,,,,,,,,,,,,,,,,,,,,,,,,,,,,,,,,,,,,,,,,,,,,,,,,,,,,,,,,,,,,,,,,,,,,,,,,,,,,,,,,,,,,,,,,,,,,,,,,,,,,,,,,,,⛰️,🗻,
🪨,🗻,🗻,,,,,,,,,,,,,,,,,,,,,,,,🌲,,🌲,,🌳,,🌲,🌳,,,,🌲,🌳,🌳,🌲,🌲,🌳,🌲,,🌲,🌲,🌳,🧱,🧱,🧱,🧱,🧱,,,🧱,🧱,🧱,🧱,🧱,,,,,,,,,,,,,,,,,,,,,,,,,,,,,,,,,,,,,,,,,,,,,,,,,,,,,,,,,,,,,,,,,,,,,,,,,,,,,,,,,,,,,,,,,,,,,,,,,,,,,,,,,,,,,,,,,,,,,,,,,,,,,,,,,,⛰️,🗻,
🗻,🗻,🗻,,,,,,,,,,,,,,,,,,,,,,,,,,,,,,,,,🌲,,🌲,🌲,🌳,,🌲,,,,,,,,,,,,,,,,,,,,,,,,,,,,,,,,,,,,,,,,,,,,,,,,,,,,,,,,,,,,,,,,,,,,,,,,,,,,,,,,,,,,,,,,,,,,,,,,,,,,,,,,,,,,,,,,,,,,,,,,,,,,,,,,,,,,,,,,,,,,,,,,,,,,,🪨,⛰️
🪨,🪨,⛰️,,,,,,,,,,,,,,,,,,,,,,,,,,,,,,,,,,,,,,,,,,,,,,,,,,,,,,,,,,,,,,,,,,,,,,,,,,,,,,,,,,,,,,,,,,,,,,,,,,,,,,,,,,,,,,,,,,,,,,,,,,,,,,,,,,,,,,,,,,,,,,,,,,,,,,,,,,,,,,,,,,,,,,,,,,,,,,,,,,,,,,,,,,,⛰️,🪨,🪨
,🏔️,🏔️,,,,,,,,,,,,,,,,,,,,,,,,,,,,,,,,,,,,,,,,,,,,,,,,,,,,,,,,,,,,,,,,,,,,,,,,,,,,,,,,,,,,,,,,,,,,,,,,,,,,,,,,,,,,,,,,,,,,,,,,,,,,,,,,,,,,,,,,,,,,,,,,,,,,,,,,,,,,,,,,,,,,,,,,,,,,,,,,,,,,,,,,,,,🪨,🏔️,🪨
⛰️,⛰️,🏔️,,,,,,,,,,,,,,,,,,,,,,,,,,,,,,,,,,,,,,,,,,,,,,,,,,,,,,,,,,,,,,,,,,,,,,,,,,,,,,,,,,,,,,,,,,,,,,,,,,,,,,,,,,,,,,,,,,,,,,,,,,,,,,,,,,,,,,,,,,,,,,,,,,,,,,,,,,,,,,,,,,,,,,,,,,,,,,,,,,,,,,,,,,,🗻,🗻,⛰️
,,,,,,,,,,,,,,,,,,,,,,,,,,,,,,,,,,,,,,,,,,,,,,,,,,,,,,,,,,,,,,,,,,,,,,,,,,,,,,,,,,,,,,,,,,,,,,,,,,,,,,,,,,,,,,,,,,,,,,,,,,,,,,,,,,,,,,,,,,,,,,,,,,,,,,,,,,,,,,,,,,,,,,,,,,,,,,,,,,,,,,,,,,,,,,🗻,🏔️
🏔️,🪨,🏔️,,,,,,,,,,,,,,,,,,,,,,,,,,,,,,,,,,,,,,,,,,,,,,,,,,,,,,,,,,,,,,,,,,,,,,,,,,,,,,,,,,,,,,,,,,,,,,,,,,,,,,,,,,,,,,,,,,,,,,,,,,,,,,,,,,,,,,,,,,,,,,,,,,,,,,,,,,,,,,,,,,,,,,,,,,,,,,,,,,,,,,,,,,,,🪨,🏔️
,,🪨,,,,,,,,,,,,,,,,,,,,,,,,,,,,,,,,,,,,,,,,,,,,,,,,,,,,,,,,,,,,,,,,,,,,,,,,,,,,,,,,,,,,,,,,,,,,,,,,,,,,,,,,,,,,,,,,,,,,,,,,,,,,,,,,,,,,,,,,,,,,,,,,,,,,,,,,,,,,,,,,,,,,,,,,,,,,,,,,,,,,,,,,,,,🏔️,,🗻
🗻,🗻,⛰️,,,,,,,,,,,,,,,,,,,,,,,,,,,,,,,,,,,,,,,,,,,,,,,,,,,,,,,,,,,,,,,,,,,,,,,,,,,,,,,,,,,,,,,,,,,,,,,,,,,,,,,,,,,,,,,,,,,,,,,,,,,,,,,,,,,,,,,,,,,,,,,,,,,,,,,,,,,,,,,,,,,,,,,,,,,,,,,,,,,,,,,,,,,🗻,🏔️,
🏔️,⛰️,⛰️,,,,,,,,,,,,,,,,,,,,,,,,,,,,,,,,,,,,,,,,,,,,,,,,,,,,,,,,,,,,,,,,,,,,,,,,,,,,,,,,,,,,,,,,,,,,,,,,,,,,,,,,,,,,,,,,,,,,,,,,,,,,,,,,,,,,,,,,,,,,,,,,,,,,,,,,,,,,,,,,,,,,,,,,,,,,,,,,,,,,,,,,,,,🗻,,
🏔️,🗻,,,,,,,,,,,,,,,,,,,,,,,,,,,,,,,,,,,,,,,,,,,,,,,,,,,,,,,,,,,,,,,,,,,,,,,,,,,,,,,,,,,,,,,,,,,,,,,,,,,,,,,,,,,,,,,,,,,,,,,,,,,,,,,,,,,,,,,,,,,,,,,,,,,,,,,,,,,,,,,,,,,,,,,,,,,,,,,,,,,,,,,,,,,,🏔️,,🪨
⛰️,⛰️,⛰️,,,,,,,,,,,,,,,,,,,,,,,,,,,,,,,,,,,,,,,,,,,,,,,,,,,,,,,,,,,,,,,,,,,,,,,,,,,,,,,,,,,,,,,,,,,,,,,,,,,,,,,,,,,,,,,,,,,,,,,,,,,,,,,,,,,,,,,,,,,,,,,,,,,,,,,,,,,,,,,,,,,,,,,,,,,,,,,,,,,,,,,,,,,🪨,,⛰️
⛰️,🏔️,,,,,,,,,,,,,,,,,,,,,,,,,,,,,,,,,,,,,,,,,,,,,,,,,,,,,,,,,,,,,,,,,,,,,,,,,,,,,,,,,,,,,,,,,,,,,,,,,,,,,,,,,,,,,,,,,,,,,,,,,,,,,,,,,,,,,,,,,,,,,,,,,,,,,,,,,,,,,,,,,,,,,,,,,,,,,,,,,,,,,,,,,,,,,🏔️,🪨
🏔️,,🏔️,,,,,,,,,,,,,,,,,,,,,,,,,,,,,,,,,,,,,,,,,,,,,,,,,,,,,,,,,,,,,,,,,,,,,,,,,,,,,,,,,,,,,,,,,,,,,,,,,,,,,,,,,,,,,,,,,,,,,,,,,,,,,,,,,,,,,,,,,,,,,,,,,,,,,,,,,,,,,,,,,,,,,,,,,,,,,,,,,,,,,,,,,,,🗻,⛰️,⛰️
🗻,🪨,🗻,,,,,,,,,,,,,,,,,,,,,,,,,,,,,,,,,,,,,,,,,,,,,,,,,,,,,,,,,,,,,,,,,,,,,,,,,,,,,,,,,,,,,,,,,,,,,,,,,,,,,,,,,,,,,,,,,,,,,,,,,,,,,,,,,,,,,,,,,,,,,,,,,,,,,,,,,,,,,,,,,,,,,,,,,,,,,,,,,,,,,,,,,,,🗻,⛰️,🪨
⛰️,⛰️,🏔️,,,,,,,,,,,,,,,,,,,,,,,,,,,,,,,,,,,,,,,,,,,,,,,,,,,,,,,,,,,,,,,,,,,,,,,,,,,,,,,,,,,,,,,,,,,,,,,,,,,,,,,,,,,,,,,,,,,,,,,,,,,,,,,,,,,,,,,,,,,,,,,,,,,,,,,,,,,,,,,,,,,,,,,,,,,,,,,,,,,,,,,,,,,,🪨,🏔️
🪨,⛰️,🏔️,,,,,,,,,,,,,,,,,,,,,,,,,,,,,,,,,,,,,,,,,,,,,,,,,,,,,,,,,,,,,,,,,,,,,,,,,,,,,,,,,,,,,,,,,,,,,,,,,,,,,,,,,,,,,,,,,,,,,,,,,,,,,,,,,,,,,,,,,,,,,,,,,,,,,,,,,,,,,,,,,,,,,,,,,,,,,,,,,,,,,,,,,,,🪨,,🗻
🗻,🏔️,🏔️,,,,,,,,,,,,,,,,,,,,,,,,,,,,,,,,,,,,,,,,,,,,,,,,,,,,,,,,,,,,,,,,,,,,,,,,,,,,,,,,,,,,,,,,,,,,,,,,,,,,,,,,,,,,,,,,,,,,,,,,,,,,,,,,,,,,,,,,,,,,,,,,,,,,,,,,,,,,,,,,,,,,,,,,,,,,,,,,,,,,,,,,,,,,🪨,🪨
🪨,🗻,⛰️,,,,,,,,,,,,,,,,,,,,,,,,,,,,,,,,,,,,,,,,,,,,,,,,,,,,,,,,,,,,,,,,,,,,,,,,,,,,,,,,,,,,,,,,,,,,,,,,,,,,,,,,,,,,,,,,,,,,,,,,,,,,,,,,,,,,,,,,,,,,,,,,,,,,,,,,,,,,,,,,,,,,,,,,,,,,,,,,,,,,,,,,,,,🏔️,🏔️,⛰️
🏔️,🗻,,,,,,,,,,,,,,,,,,,,,,,,,,,,,,,,,,,,,,,,,,,,,,,,,,,,,,,,,,,,,,,,,,,,,,,,,,,,,,,,,,,,,,,,,,,,,,,,,,,,,,,,,,,,,,,,,,,,,,,,,,,,,,,,,,,,,,,,,,,,,,,,,,,,,,,,,,,,,,,,,,,,,,,,,,,,,,,,,,,,,,,,,,,,🗻,,🗻
🗻,🗻,🗻,,,,,,,,,,,,,,,,,,,,,,,,,,,,,,,,,,,,,,,,,,,,,,,,,,,,,,,,,,,,,,,,,,,,,,,,,,,,,,,,,,,,,,,,,,,,,,,,,,,,,,,,,,,,,,,,,,,,,,,,,,,,,,,,,,,,,,,,,,,,,,,,,,,,,,,,,,,,,,,,,,,,,,,,,,,,,,,,,,,,,,,,,,,🪨,🏔️,
,🗻,🗻,,,,,,,,,,,,,,,,,,,,,,,,,,,,,,,,,,,,,,,,,,,,,,,,,,,,,,,,,,,,,,,,,,,,,,,,,,,,,,,,,,,,,,,,,,,,,,,,,,,,,,,,,,,,,,,,,,,,,,,,,,,,,,,,,,,,,,,,,,,,,,,,,,,,,,,,,,,,,,,,,,,,,,,,,,,,,,,,,,,,,,,,,,,⛰️,,🪨
🏔️,🏔️,⛰️,,,,,,,,,,,,,,,,,,,,,,,,,,,,,,,,,,,,,,,,,,,,,,,,,,,,,,,,,,,,,,,,,,,,,,,,,,,,,,,,,,,,,,,,,,,,,,,,,,,,,,,,,,,,,,,,,,,,,,,,,,,,,,,,,,,,,,,,,,,,,,,,,,,,,,,,,,,,,,,,,,,,,,,,,,,,,,,,,,,,,,,,,,,🪨,⛰️,🪨
,🏔️,,,,,,,,,,,,,,,,,,,,,,,,,,,,,,,,,,,,,,,,,,,,,,,,,,,,,,,,,,,,,,,,,,,,,,,,,,,,,,,,,,,,,,,,,,,,,,,,,,,,,,,,,,,,,,,,,,,,,,,,,,,,,,,,,,,,,,,,,,,,,,,,,,,,,,,,,,,,,,,,,,,,,,,,,,,,,,,,,,,,,,,,,,,,🪨,⛰️,⛰️
🪨,⛰️,🪨,,,,,,,,,,,,,,,,,,,,,,,,,,,,,,,,,,,,,,,,,,,,,,,,,,,,,,,,,,,,,,,,,,,,,,,,,,,,,,,,,,,,,,,,,,,,,,,,,,,,,,,,,,,,,,,,,,,,,,,,,,,,,,,,,,,,,,,,,,,,,,,,,,,,,,,,,,,,,,,,,,,,,,,,,,,,,,,,,,,,,,,,,,,🪨,🗻,
🪨,,🪨,,,,,,,,,,,,,,,,,,,,,,,,,,,,,,,,,,,,,,,,,,,,,,,,,,,,,,,,,,,,,,,,,,,,,,,,,,,,,,,,,,,,,,,,,,,,,,,,,,,,,,,,,,,,,,,,,,,,,,,,,,,,,,,,,,,,,,,,,,,,,,,,,,,,,,,,,,,,,,,,,,,,,,,,,,,,,,,,,,,,,,,,,,,⛰️,⛰️,🪨
🪨,🏔️,🏔️,,,,,,,,,,,,,,,,,,,,,,,,,,,,,,,,,,,,,,,,,,,,,,,,,,,,,,,,,,,,,,,,,,,,,,,,,,,,,,,,,,,,,,,,,,,,,,,,,,,,,,,,,,,,,,,,,,,,,,,,,,,,,,,,,,,,,,,,,,,,,,,,,,,,,,,,,,,,,,,,,,,,,,,,,,,,,,,,,,,,,,,,,,,🗻,⛰️,🏔️
,🪨,🪨,,,,,,,,,,,,,,,,,,,,,,,,,,,,,,,,,,,,,,,,,,,,,,,,,,,,,,,,,,,,,,,,,,,,,,,,,,,,,,,,,,,,,,,,,,,,,,,,,,,,,,,,,,,,,,,,,,,,,,,,,,,,,,,,,,,,,,,,,,,,,,,,,,,,,,,,,,,,,,,,,,,,,,,,,,,,,,,,,,,,,,,,,,,🪨,⛰️,
🪨,⛰️,🏔️,,,,,,,,,,,,,,,,,,,,,,,,,,,,,,,,,,,,,,,,,,,,,,,,,,,,,,,,,,,,,,,,,,,,,,,,,,,,,,,,,,,,,,,,,,,,,,,,,,,,,,,,,,,,,,,,,,,,,,,,,,,,,,,,,,,,,,,,,,,,,,,,,,,,,,,,,,,,,,,,,,,,,,,,,,,,,,,,,,,,,,,,,,,⛰️,⛰️,🗻
⛰️,🪨,,,,,,,,,,,,,,,,,,,,,,,,,,,,,,,,,,,,,,,,,,,,,,,,,,,,,,,,,,,,,,,,,,,,,,,,,,,,,,,,,,,,,,,,,,,,,,,,,,,,,,,,,,,,,,,,,,,,,,,,,,,,,,,,,,,,,,,,,,,,,,,,,,,,,,,,,,,,,,,,,,,,,,,,,,,,,,,,,,,,,,,,,,,,🗻,🪨,🗻
⛰️,🪨,,,,,,,,,,,,,,,,,,,,,,,,,,,,,,,,,,,,,,,,,,,,,,,,,,,,,,,,,,,,,,,,,,,,,,,,,,,,,,,,,,,,,,,,,,,,,,,,,,,,,,,,,,,,,,,,,,,,,,,,,,,,,,,,,,,,,,,,,,,,,,,,,,,,,,,,,,,,,,,,,,,,,,,,,,,,,,,,,,,,,,,,,,,,🗻,⛰️,🪨
,,,,,,,,,,,,,,,,,,,,,,,,,,,,,,,,,,,,,,,,,,,,,,,,,,,,,,,,,,,,,,,,,,,,,,,,,,,,,,,,,,,,,,,,,,,,,,,,,,,,,,,,,,,,,,,,,,,,,,,,,,,,,,,,,,,,,,,,,,,,,,,,,,,,,,,,,,,,,,,,,,,,,,,,,,,,,,,,,,,,,,,,,,,,,,🏔️,
⛰️,🗻,,,,,,,,,,,,,,,,,,,,,,,,,,,,,,,,,,,,,,,,,,,,,,,,,,,,,,,,,,,,,,,,,,,,,,,,,,,,,,,,,,,,,,,,,,,,,,,,,,,,,,,,,,,,,,,,,,,,,,,,,,,,,,,,,,,,,,,,,,,,,,,,,,,,,,,,,,,,,,,,,,,,,,,,,,,,,,,,,,,,,,,,,,,,,🪨,🗻
⛰️,🏔️,⛰️,,,,,,,,,,,,,,,,,,,,,,,,,,,,,,,,,,,,,,,,,,,,,,,,,,,,,,,,,,,,,,,,,,,,,,,,,,,,,,,,,,,,,,,,,,,,,,,,,,,,,,,,,,,,,,,,,,,,,,,,,,,,,,,,,,,,,,,,,,,,,,,,,,,,,,,,,,,,,,,,,,,,,,,,,,,,,,,,,,,,,,,,,,,⛰️,🏔️,🗻
🏔️,,🪨,,,,,,,,,,,,,,,,,,,,,,,,,,,,,,,,,,,,,,,,,,,,,,,,,,,,,,,,,,,,,,,,,,,,,,,,,,,,,,,,,,,,,,,,,,,,,,,,,,,,,,,,,,,,,,,,,,,,,,,,,,,,,,,,,,,,,,,,,,,,,,,,,,,,,,,,,,,,,,,,,,,,,,,,,,,,,,,,,,,,,,,,,,,🏔️,🏔️,🗻
🗻,🪨,🪨,,,,,,,,,,,,,,,,,,,,,,,,,,,,,,,,,,,,,,,,,,,,,,,,,,,,,,,,,,,,,,,,,,,,,,,,,,,,,,,,,,,,,,,,,,,,,,,,,,,,,,,,,,,,,,,,,,,,,,,,,,,,,,,,,,,,,,,,,,,,,,,,,,,,,,,,,,,,,,,,,,,,,,,,,,,,,,,,,,,,,,,,,,,🪨,,🗻
🏔️,🗻,🪨,,,,,,,,,,,,,,,,,,,,,,,,,,,,,,,,,,,,,,,,,,,,,,,,,,,,,,,,,,,,,,,,,,,,,,,,,,,,,,,,,,,,,,,,,,,,,,,,,,,,,,,,,,,,,,,,,,,,,,,,,,,,,,,,,,,,,,,,,,,,,,,,,,,,,,,,,,,,,,,,,,,,,,,,,,,,,,,,,,,,,,,,,,,⛰️,🏔️,🗻
,,🗻,,,,,,,,,,,,,,,,,,,,,,,,,,,,,,,,,,,,,,,,,,,,,,,,,,,,,,,,,,,,,,,,,,,,,,,,,,,,,,,,,,,,,,,,,,,,,,,,,,,,,,,,,,,,,,,,,,,,,,,,,,,,,,,,,,,,,,,,,,,,,,,,,,,,,,,,,,,,,,,,,,,,,,,,,,,,,,,,,,,,,,,,,,,🗻,🗻,🗻
,🪨,🪨,,,,,,,,,,,,,,,,,,,,,,,,,,,,,,,,,,,,,,,,,,,,,,,,,,,,,,,,,,,,,,,,,,,,,,,,,,,,,,,,,,,,,,,,,,,,,,,,,,,,,,,,,,,,,,,,,,,,,,,,,,,,,,,,,,,,,,,,,,,,,,,,,,,,,,,,,,,,,,,,,,,,,,,,,,,,,,,,,,,,,,,,,,,,🏔️,🗻
⛰️,🪨,,,,,,,,,,,,,,,,,,,,,,,,,,,,,,,,,,,,,,,,,,,,,,,,,,,,,,,,,,,,,,,,,,,,,,,,,,,,,,,,,,,,,,,,,,,,,,,,,,,,,,,,,,,,,,,,,,,,,,,,,,,,,,,,,,,,,,,,,,,,,,,,,,,,,,,,,,,,,,,,,,,,,,,,,,,,,,,,,,,,,,,,,,,,🏔️,🏔️,🗻
🏔️,🗻,🏔️,,,,,,,,,,,,,,,,,,,,,,,,,,,,,,,,,,,,,,,,,,,,,,,,,,,,,,,,,,,,,,,,,,,,,,,,,,,,,,,,,,,,,,,,,,,,,,,,,,,,,,,,,,,,,,,,,,,,,,,,,,,,,,,,,,,,,,,,,,,,,,,,,,,,,,,,,,,,,,,,,,,,,,,,,,,,,,,,,,,,,,,,,,,🪨,,🪨
🪨,🏔️,,,,,,,,,,,,,,,,,,,,,,,,,,,,,,,,,,,,,,,,,,,,,,,,,,,,,,,,,,,,,,,,,,,,,,,,,,,,,,,,,,,,,,,,,,,,,,,,,,,,,,,,,,,,,,,,,,,,,,,,,,,,,,,,,,,,,,,,,,,,,,,,,,,,,,,,,,,,,,,,,,,,,,,,,,,,,,,,,,,,,,,,,,,,🗻,🪨,⛰️
🪨,🏔️,🗻,,,,,,,,,,,,,,,,,,,,,,,,,,,,,,,,,,,,,,,,,,,,,,,,,,,,,,,,,,,,,,,,,,,,,,,,,,,,,,,,,,,,,,,,,,,,,,,,,,,,,,,,,,,,,,,,,,,,,,,,,,,,,,,,,,,,,,,,,,,,,,,,,,,,,,,,,,,,,,,,,,,,,,,,,,,,,,,,,,,,,,,,,,,⛰️,🪨,⛰️
🗻,,⛰️,,,,,,,,,,,,,,,,,,,,,,,,,,,,,,,,,,,,,,,,,,,,,,,,,,,,,,,,,,,,,,,,,,,,,,,,,,,,,,,,,,,,,,,,,,,,,,,,,,,,,,,,,,,,,,,,,,,,,,,,,,,,,,,,,,,,,,,,,,,,,,,,,,,,,,,,,,,,,,,,,,,,,,,,,,,,,,,,,,,,,,,,,,,⛰️,🏔️,🏔️
,🗻,🪨,,,,,,,,,,,,,,,,,,,,,,,,,,,,,,,,,,,,,,,,,,,,,,,,,,,,,,,,,,,,,,,,,,,,,,,,,,,,,,,,,,,,,,,,,,,,,,,,,,,,,,,,,,,,,,,,,,,,,,,,,,,,,,,,,,,,,,,,,,,,,,,,,,,,,,,,,,,,,,,,,,,,,,,,,,,,,,,,,,,,,,,,,,,,,⛰️
🏔️,🪨,🗻,,,,,,,,,,,,,,,,,,,,,,,,,,,,,,,,,,,,,,,,,,,,,,,,,,,,,,,,,,,,,,,,,,,,,,,,,,,,,,,,,,,,,,,,,,,,,,,,,,,,,,,,,,,,,,,,,,,,,,,,,,,,,,,,,,,,,,,,,,,,,,,,,,,,,,,,,,,,,,,,,,,,,,,,,,,,,,,,,,,,,,,,,,,🗻,🗻,🏔️
⛰️,🪨,🏔️,,,,,,,,,,,,,,,,,,,,,,,,,,,,,,,,,,,,,,,,,,,,,,,,,,,,,,,,,,,,,,,,,,,,,,,,,,,,,,,,,,,,,,,,,,,,,,,,,,,,,,,,,,,,,,,,,,,,,,,,,,,,,,,,,,,,,,,,,,,,,,,,,,,,,,,,,,,,,,,,,,,,,,,,,,,,,,,,,,,,,,,,,,,,🪨,🗻
🏔️,⛰️,,,,,,,,,,,,,,,,,,,,,,,,,,,,,,,,,,,,,,,,,,,,,,,,,,,,,,,,,,,,,,,,,,,,,,,,,,,,,,,,,,,,,,,,,,,,,,,,,,,,,,,,,,,,,,,,,,,,,,,,,,,,,,,,,,,,,,,,,,,,,,,,,,,,,,,,,,,,,,,,,,,,,,,,,,,,,,,,,,,,,,,,,,,,⛰️,🗻,
⛰️,,,,,,,,,,,,,,,,,,,,,,,,,,,,,,,,,,,,,,,,,,,,,,,,,,,,,,,,,,,,,,,,,,,,,,,,,,,,,,,,,,,,,,,,,,,,,,,,,,,,,,,,,,,,,,,,,,,,,,,,,,,,,,,,,,,,,,,,,,,,,,,,,,,,,,,,,,,,,,,,,,,,,,,,,,,,,,,,,,,,,,,,,,,,,,,🗻
🏔️,🏔️,🗻,,,,,,,,,,,,,,,,,,,,,,,,,,,,,,,,,,,,,,,,,,,,,,,,,,,,,,,,,,,,,,,,,,,,,,,,,,,,,,,,,,,,,,,,,,,,,,,,,,,,,,,,,,,,,,,,,,,,,,,,,,,,,,,,,,,,,,,,,,,,,,,,,,,,,,,,,,,,,,,,,,,,,,,,,,,,,,,,,,,,,,,,,,,,🪨,🏔️
🏔️,,🗻,,,,,,,,,,,,,,,,,,,,,,,,,,,,,,,,,,,,,,,,,,,,,,,,,,,,,,,,,,,,,,,,,,,,,,,,,,,,,,,,,,,,,,,,,,,,,,,,,,,,,,,,,,,,,,,,,,,,,,,,,,,,,,,,,,,,,,,,,,,,,,,,,,,,,,,,,,,,,,,,,,,,,,,,,,,,,,,,,,,,,,,,,,,,,🏔️
🪨,⛰️,⛰️,,,,,,,,,,,,,,,,,,,,,,,,,,,,,,,,,,,,,,,,,,,,,,,,,,,,,,,,,,,,,,,,,,,,,,,,,,,,,,,,,,,,,,,,,,,,,,,,,,,,,,,,,,,,,,,,,,,,,,,,,,,,,,,,,,,,,,,,,,,,,,,,,,,,,,,,,,,,,,,,,,,,,,,,,,,,,,,,,,,,,,,,,,,🪨,,⛰️
🏔️,,🗻,,,,,,,,,,,,,,,,,,,,,,,,,,,,,,,,,,,,,,,,,,,,,,,,,,,,,,,,,,,,,,,,,,,,,,,,,,,,,,,,,,,,,,,,,,,,,,,,,,,,,,,,,,,,,,,,,,,,,,,,,,,,,,,,,,,,,,,,,,,,,,,,,,,,,,,,,,,,,,,,,,,,,,,,,,,,,,,,,,,,,,,,,,,🪨,🏔️,🪨
🪨,,🏔️,,,,,,,,,,,,,,,,,,,,,,,,,,,,,,,,,,,,,,,,,,,,,,,,,,,,,,,,,,,,,,,,,,,,,,,,,,,,,,,,,,,,,,,,,,,,,,,,,,,,,,,,,,,,,,,,,,,,,,,,,,,,,,,,,,,,,,,,,,,,,,,,,,,,,,,,,,,,,,,,,,,,,,,,,,,,,,,,,,,,,,,,,,,⛰️,🪨,🏔️
🪨,⛰️,🏔️,,,,,,,,,,,,,,,,,,,,,,,,,,,,,,,,,,,,,,,,,,,,,,,,,,,,,,,,,,,,,,,,,,,,,,,,,,,,,,,,,,,,,,,,,,,,,,,,,,,,,,,,,,,,,,,,,,,,,,,,,,,,,,,,,,,,,,,,,,,,,,,,,,,,,,,,,,,,,,,,,,,,,,,,,,,,,,,,,,,,,,,,,,,⛰️,,⛰️
🪨,⛰️,🪨,,,,,,,,,,,,,,,,,,,,,,,,,,,,,,,,,,,,,,,,,,,,,,,,,,,,,,,,,,,,,,,,,,,,,,,,,,,,,,,,,,,,,,,,,,,,,,,,,,,,,,,,,,,,,,,,,,,,,,,,,,,,,,,,,,,,,,,,,,,,,,,,,,,,,,,,,,,,,,,,,,,,,,,,,,,,,,,,,,,,,,,,,,,🪨,⛰️,⛰️
🗻,,🏔️,,,,,,,,,,,,,,,,,,,,,,,,,,,,,,,,,,,,,,,,,,,,,,,,,,,,,,,,,,,,,,,,,,,,,,,,,,,,,,,,,,,,,,,,,,,,,,,,,,,,,,,,,,,,,,,,,,,,,,,,,,,,,,,,,,,,,,,,,,,,,,,,,,,,,,,,,,,,,,,,,,,,,,,,,,,,,,,,,,,,,,,,,,,🗻,🗻,🪨
⛰️,🗻,⛰️,,,,,,,,,,,,,,,,,,,,,,,,,,,,,,,,,,,,,,,,,,,,,,,,,,,,,,,,,,,,,,,,,,,,,,,,,,,,,,,,,,,,,,,,,,,,,,,,,,,,,,,,,,,,,,,,,,,,,,,,,,,,,,,,,,,,,,,,,,,,,,,,,,,,,,,,,,,,,,,,,,,,,,,,,,,,,,,,,,,,,,,,,,,🗻,🗻,🗻
🪨,🏔️,🪨,,,,,,,,,,,,,,,,,,,,,,,,,,,,,,,,,,,,,,,,,,,,,,,,,,,,,,,,,,,,,,,,,,,,,,,,,,,,,,,,,,,,,,,,,,,,,,,,,,,,,,,,,,,,,,,,,,,,,,,,,,,,,,,,,,,,,,,,,,,,,,,,,,,,,,,,,,,,,,,,,,,,,,,,,,,,,,,,,,,,,,,,,,,🗻,⛰️,🏔️
🏔️,🏔️,,,,,,,,,,,,,,,,,,,,,,,,,,,,,,,,,,,,,,,,,,,,,,,,,,,,,,,,,,,,,,,,,,,,,,,,,,,,,,,,,,,,,,,,,,,,,,,,,,,,,,,,,,,,,,,,,,,,,,,,,,,,,,,,,,,,,,,,,,,,,,,,,,,,,,,,,,,,,,,,,,,,,,,,,,,,,,,,,,,,,,,,,,,,🗻,🏔️,⛰️
🏔️,🪨,⛰️,,,,,,,,,,,,,,,,,,,,,,,,,,,,,,,,,,,,,,,,,,,,,,,,,,,,,,,,,,,,,,,,,,,,,,,,,,,,,,,,,,,,,,,,,,,,,,,,,,,,,,,,,,,,,,,,,,,,,,,,,,,,,,,,,,,,,,,,,,,,,,,,,,,,,,,,,,,,,,,,,,,,,,,,,,,,,,,,,,,,,,,,,,,🗻,,🪨
🗻,🏔️,🗻,,,,,,,,,,,,,,,,,,,,,,,,,,,,,,,,,,,,,,,,,,,,,,,,,,,,,,,,,,,,,,,,,,,,,,,,,,,,,,,,,,,,,,,,,,,,,,,,,,,,,,,,,,,,,,,,,,,,,,,,,,,,,,,,,,,,,,,,,,,,,,,,,,,,,,,,,,,,,,,,,,,,,,,,,,,,,,,,,,,,,,,,,,,,⛰️,
🗻,⛰️,🗻,,,,,,,,,,,,,,,,,,,,,,,,,,,,,,,,,,,,,,,,,,,,,,,,,,,,,,,,,,,,,,,,,,,,,,,,,,,,,,,,,,,,,,,,,,,,,,,,,,,,,,,,,,,,,,,,,,,,,,,,,,,,,,,,,,,,,,,,,,,,,,,,,,,,,,,,,,,,,,,,,,,,,,,,,,,,,,,,,,,,,,,,,,,,🏔️,
⛰️,,🏔️,,,,,,,,,,,,,,,,,,,,,,,,,,,,,,,,,,,,,,,,,,,,,,,,,,,,,,,,,,,,,,,,,,,,,,,,,,,,,,,,,,,,,,,,,,,,,,,,,,,,,,,,,,,,,,,,,,,,,,,,,,,,,,,,,,,,,,,,,,,,,,,,,,,,,,,,,,,,,,,,,,,,,,,,,,,,,,,,,,,,,,,,,,,🪨,,
⛰️,🪨,🏔️,🪨,🏔️,,🏔️,🗻,,🪨,⛰️,⛰️,⛰️,🏔️,🪨,⛰️,🪨,🏔️,,🗻,⛰️,⛰️,🗻,,🪨,⛰️,,🏔️,,🗻,⛰️,🏔️,⛰️,,⛰️,,🗻,⛰️,🏔️,🪨,,,🗻,🗻,🏔️,🗻,🪨,🏔️,,⛰️,⛰️,,,🗻,🗻,⛰️,🗻,🪨,⛰️,,⛰️,,🏔️,⛰️,,⛰️,🏔️,⛰️,,🪨,🪨,,🗻,🗻,🪨,⛰️,🏔️,🗻,⛰️,🏔️,🗻,🪨,🗻,,⛰️,🪨,,🪨,🪨,🪨,🏔️,🗻,⛰️,⛰️,⛰️,🗻,🗻,🪨,⛰️,🏔️,🪨,🗻,🏔️,🪨,🗻,⛰️,🪨,🗻,,,,,🏔️,🏔️,🗻,,,,,,🏔️,⛰️,⛰️,🏔️,,,,,,,,,,,,,🏔️,,,🏔️,🏔️,,⛰️,🪨,🗻,,,,🪨,⛰️,,⛰️,🏔️,🪨,🪨,🪨,🪨,,,,,,,🪨,🗻,,,,,,,,,,,,,,,,,,,,,,,,,🪨,,⛰️
🗻,🪨,🏔️,🏔️,🪨,🗻,🪨,🗻,⛰️,🪨,⛰️,🪨,🪨,,,,🗻,⛰️,🪨,,🏔️,⛰️,⛰️,🗻,,🏔️,🗻,🏔️,,🗻,🗻,🗻,🏔️,🏔️,🗻,🗻,🏔️,⛰️,🏔️,🏔️,⛰️,🏔️,,🏔️,🪨,🪨,,,,,🗻,🏔️,⛰️,🪨,🏔️,,⛰️,⛰️,,🏔️,🪨,⛰️,⛰️,,🗻,,🗻,,🪨,🗻,🪨,🗻,🏔️,,🗻,🗻,🗻,🗻,🏔️,⛰️,🗻,🗻,🏔️,🏔️,⛰️,🪨,⛰️,🪨,⛰️,🏔️,🪨,,,⛰️,🗻,⛰️,🏔️,🗻,🗻,,🏔️,⛰️,🪨,🗻,⛰️,,🗻,,,⛰️,🗻,,🏔️,⛰️,🏔️,⛰️,🗻,,🏔️,🗻,⛰️,🗻,🪨,⛰️,,⛰️,🏔️,⛰️,🏔️,⛰️,🏔️,🏔️,🗻,⛰️,🪨,⛰️,🪨,🗻,🪨,🗻,🗻,,🏔️,🪨,,🏔️,⛰️,🗻,⛰️,🪨,,⛰️,,🪨,🪨,⛰️,⛰️,⛰️,🗻,🪨,,🏔️,,🏔️,🪨,,🪨,🪨,🏔️,,,🗻,🗻,🗻,🪨,⛰️,⛰️,🪨,🏔️,,⛰️,🪨,,🪨,🏔️,🪨,🪨,⛰️,🗻,🗻,🏔️,🗻
🪨,🪨,🏔️,🗻,🪨,,🏔️,🪨,🗻,⛰️,🪨,🪨,🪨,,🪨,,⛰️,🗻,🗻,,🏔️,🪨,,🏔️,⛰️,⛰️,,🪨,,🪨,,🏔️,🪨,🪨,🏔️,⛰️,🪨,,,,🪨,🗻,🪨,🏔️,⛰️,⛰️,🗻,🗻,🗻,⛰️,,🪨,,🏔️,⛰️,,🏔️,🗻,,⛰️,🪨,🪨,🏔️,⛰️,🏔️,🗻,🏔️,🏔️,,,,🏔️,⛰️,🏔️,🏔️,🏔️,⛰️,🏔️,🪨,🏔️,🗻,,,⛰️,,🪨,🏔️,🪨,,,🗻,⛰️,🏔️,🏔️,,🪨,🗻,,🗻,🗻,⛰️,🪨,⛰️,⛰️,⛰️,🏔️,🏔️,⛰️,🪨,🗻,🪨,🏔️,,🗻,🪨,⛰️,🏔️,⛰️,🗻,🪨,⛰️,,🏔️,🏔️,🗻,🗻,🏔️,,🗻,🗻,🪨,,⛰️,,🏔️,🪨,⛰️,🗻,🪨,🪨,,🪨,🗻,⛰️,⛰️,🗻,🗻,🏔️,🗻,🗻,🏔️,🪨,🗻,⛰️,🏔️,,,🗻,🪨,🗻,🗻,,⛰️,🪨,🏔️,🏔️,🏔️,🏔️,⛰️,,⛰️,🗻,🪨,🪨,🏔️,🏔️,,⛰️,,🏔️,🏔️,🗻,⛰️,🗻,🏔️,🗻,🪨,🪨,🏔️,🪨,🗻,🏔️