,,,,,,,,,,,,,,,,,,,,,,,,,,,,,,,,,,,,,,,,,,,,,,,,,,,,,,,,,,,,,,,
,,,,,,,,,,,,,,,,,,,,,,,,,,,,,,,,,,,,,,,,,,,,,,,,,,,,,,,,,,,,,,,
,,🪨,🪨,🪨,🪨,🪨,🪨,🪨,🪨,🪨,🪨,🪨,🪨,🪨,🪨,🪨,🪨,🪨,🪨,🪨,🪨,🪨,🪨,🪨,🪨,🪨,🪨,🪨,,,,,,,,,,,,,,,,,🪨,🪨,🪨,🪨,🪨,🪨,🪨,🪨,🪨,🪨,🪨,🪨,🪨,🪨,🪨,🪨,,,
,,🪨,,,,,,,,,,,,,🛣️,,,,,,,,,,,,,🪨,,,,,,,,,,,,,,,,,🪨,,,,,,,,,,,,,,,🪨,,,
,,🪨,,🏠,,,,🏡,,,,🏘️,,,🛣️,🏚️,,,,🏠,,,,🏡,,,,🪨,,,,,,,,,,,,,,,,,🪨,,,,,,,,,,,,,,,🪨,,,
,,🪨,,,,,,,,,,,,,🛣️,,,,,,,,,,,,,🪨,,,,,,,,,,,,,,,,,🪨,,,,,,,,,,,,,,,🪨,,,
,,🪨,,,,,,,,,,,,,🛣️,,,,,,,,,,,,,🪨,,,,,,,,,,,,,,,,,🪨,,,,,,,,💀,,,,,,,🪨,,,
,,🪨,,🏘️,,,,🏚️,,,,🏠,,,🛣️,🏡,,,,🏘️,,,,🏚️,,,,🪨,,,,,,,,,,,,,,,,,🪨,,,,,,,,,,,,,,,🪨,,,
,,🪨,🛣️,🛣️,🛣️,🛣️,🛣️,🛣️,🛣️,🛣️,🛣️,🛣️,🛣️,🛣️,🛣️,🛣️,🛣️,🛣️,🛣️,🛣️,🛣️,🛣️,🛣️,🛣️,🛣️,🛣️,🛣️,🛣️,🛣️,🛣️,🛣️,🛣️,🛣️,🛣️,,,,,,,,,,,🪨,,,,,,,,,,,,,,,🪨,,,
,,🪨,,,,,,,,,,,,,🛣️,,,,,,,,,,,,,🪨,,,,,,🛣️,,,,,,,,,,,🪨,,,,,,,,,,,,,,,🪨,,,
,,🪨,,🏠,,,,🏡,,,,🏘️,,,🛣️,🏚️,,,,🏠,,,,🏡,,,,🪨,,,,,,🛣️,,,,,,,,,,,🪨,🪨,🪨,🪨,🪨,🪨,🪨,🪨,🪨,🪨,🪨,🪨,🪨,🪨,🪨,🪨,,,
,,🪨,,,,,,,,,,,,,🛣️,,,,,,,,,,,,,🪨,,,,,,🛣️,,,,,,,,,,,🌊,🌊,,,,,,,🛣️,,,,,,,,,,
,,🪨,,,,,,,,,,,,,🛣️,,,,,,,,,,,,,🪨,,,,,,🛣️,,,,,,,,,,,🌊,🌊,,,,,,,🛣️,,,,,,,,,,
,,🪨,,🏘️,,,,🏚️,,,,🏠,,,🛣️,🏡,,,,🏘️,,,,🏚️,,,,🪨,,,,,,🛣️,,,,,,,,,,,🌊,🌊,,,,,,,🛣️,,,,,,,,,,
,,🪨,🪨,🪨,🪨,🪨,🪨,🪨,🪨,🪨,🪨,🪨,🪨,🪨,🪨,🪨,🪨,🪨,🪨,🪨,🪨,🪨,🪨,🪨,🪨,🪨,🪨,🪨,,,,,,🛣️,,,,,,,,,,,🌊,🌊,,,,,,,🛣️,,,,,,,,,,
,,,,,,,,,,,,,,,,,,,,,,,,,,,,,,,,,,🛣️,🛣️,🛣️,🛣️,🛣️,🛣️,🛣️,🛣️,🛣️,🌉,🌉,🌉,🌉,🌉,🌉,,,,,,,,,,,,,,,
,,,,,,,,,,,,,,,,,,,,,,,,,,,,,,,,,,,,,,,,,,,,,🌊,🌊,,,,,,,,,,,,,,,,,
,,,,,,,,,,,,,,,,,,,,,,,,,,,,,,,,,,,,,,,,,,,,,🌊,🌊,,,,,,,,,,,,,,,,,
,,,,,,,,,,,,,,,,,,,,,,,,,,,,,,,,,,,,,,,,,,,,,🌊,🌊,,,,,,,,,,,,,,,,,
,,,,,,,,,,,,,,,,,,,,,,,,,,,,,,,,,,,,,,,,,,,,,🌊,🌊,,,,,,,,,,,,,,,,,
,,,,,,,,,,,,,,,,,,,,,,,,,,,,,,,,,,,,,,,,,,,,,🌊,🌊,,,,,,,,,,,,,,,,,
,,,,,,,,,,,,,,,,,,,,,,,,,,,,,,,,,,,,,,,,,,,,,🌊,🌊,,,,,,,,,,,,,,,,,
,,,,,,,,,,,,,,,,,,,,,,,,,,,,,,,,,,,,,,,,,,,,,🌊,🌊,,,,,,,,,,,,,,,,,
,,,,,,,,,,,,,,,,,,,,,,,,,,,,,,,,,,,,,,,,,,,,,🌊,🌊,,,,,,,,,,,,,,,,,
,,,,,,,,,,,,,,,,,,,,,,,,,,,,,,,,,,,,,,,,,,,,,🌊,🌊,,,,,,,,,,,,,,,,,
🌊,🌊,🌊,🌊,🌊,🌊,🌊,🌊,🌊,🌊,🌊,🌊,🌊,🌊,🌊,🌊,🌊,🌊,🌊,🌊,🌊,🌊,🌊,🌊,🌊,🌊,🌊,🌊,🌊,🌊,🌊,🌊,🌊,🌊,🌊,🌊,🌊,🌊,🌊,🌊,🌊,🌊,🌊,🌊,🌊,🌊,🌊,🌊,🌊,🌊,🌊,🌊,🌊,🌊,🌊,🌊,🌊,🌊,🌊,🌊,🌊,🌊,🌊,🌊
🌊,🌊,🌊,🌊,🌊,🌊,🌊,🌊,🌊,🌊,🌊,🌊,🌊,🌊,🌊,🌊,🌊,🌊,🌊,🌊,🌊,🌊,🌊,🌊,🌊,🌊,🌊,🌊,🌊,🌊,🌊,🌊,🌊,🌊,🌊,🌊,🌊,🌊,🌊,🌊,🌊,🌊,🌊,🌊,🌊,🌊,🌊,🌊,🌊,🌊,🌊,🌊,🌊,🌊,🌊,🌊,🌊,🌊,🌊,🌊,🌊,🌊,🌊,🌊
🌊,🌊,🌊,🌊,🌊,🌊,🌊,🌊,🌊,🌊,🌊,🌊,🌊,🌊,🌊,🌊,🌊,🌊,🌊,🌊,🌊,🌊,🌊,🌊,🌊,🌊,🌊,🌊,🌊,🌊,🌊,🌊,🌊,🌊,🌊,🌊,🌊,🌊,🌊,🌊,🌊,🌊,🌊,🌊,🌊,🌊,🌊,🌊,🌊,🌊,🌊,🌊,🌊,🌊,🌊,🌊,🌊,🌊,🌊,🌊,🌊,🌊,🌊,🌊
🌊,🌊,🌊,🌊,🌊,🌊,🌊,🌊,🌊,🌊,🌊,🌊,🌊,🌊,🌊,🌊,🌊,🌊,🌊,🌊,🌊,🌊,🌊,🌊,🌊,🌊,🌊,🌊,🌊,🌊,🌊,🌊,🌊,🌊,🌊,🌊,🌊,🌊,🌊,🌊,🌊,🌊,🌊,🌊,🌊,🌊,🌊,🌊,🌊,🌊,🌊,🌊,🌊,🌊,🌊,🌊,🌊,🌊,🌊,🌊,🌊,🌊,🌊,🌊
🌊,🌊,🌊,🌊,🌊,🌊,🌊,🌊,🌊,🌊,🌊,🌊,🌊,🌊,🌊,🌊,🌊,🌊,🌊,🌊,🌊,🌊,🌊,🌊,🌊,🌊,🌊,🌊,🌊,🌊,🌊,🌊,🌊,🌊,🌊,🌊,🌊,🌊,🌊,🌊,🌊,🌊,🌊,🌊,🌊,🌊,🌊,🌊,🌊,🌊,🌊,🌊,🌊,🌊,🌊,🌊,🌊,🌊,🌊,🌊,🌊,🌊,🌊,🌊
🌊,🌊,🌊,🌊,🌊,🌊,🌊,🌊,🌊,🌊,🌊,🌊,🌊,🌊,🌊,🌊,🌊,🌊,🌊,🌊,🌊,🌊,🌊,🌊,🌊,🌊,🌊,🌊,🌊,🌊,🌊,🌊,🌊,🌊,🌊,🌊,🌊,🌊,🌊,🌊,🌊,🌊,🌊,🌊,🌊,🌊,🌊,🌊,🌊,🌊,🌊,🌊,🌊,🌊,🌊,🌊,🌊,🌊,🌊,🌊,🌊,🌊,🌊,🌊
🌊,🌊,🌊,🌊,🌊,🌊,🌊,🌊,🌊,🌊,🌊,🌊,🌊,🌊,🌊,🌊,🌊,🌊,🌊,🌊,🌊,🌊,🌊,🌊,🌊,🌊,🌊,🌊,🌊,🌊,🌊,🌊,🌊,🌊,🌊,🌊,🌊,🌊,🌊,🌊,🌊,🌊,🌊,🌊,🌊,🌊,🌊,🌊,🌊,🌊,🌊,🌊,🌊,🌊,🌊,🌊,🌊,🌊,🌊,🌊,🌊,🌊,🌊,🌊
🌊,🌊,🌊,🌊,🌊,🌊,🌊,🌊,🌊,🌊,🌊,🌊,🌊,🌊,🌊,🌊,🌊,🌊,🌊,🌊,🌊,🌊,🌊,🌊,🌊,🌊,🌊,🌊,🌊,🌊,🌊,🌊,🌊,🌊,🌊,🌊,🌊,🌊,🌊,🌊,🌊,🌊,🌊,🌊,🌊,🌊,🌊,🌊,🌊,🌊,🌊,🌊,🌊,🌊,🌊,🌊,🌊,🌊,🌊,🌊,🌊,🌊,🌊,🌊
🌊,🌊,🌊,🌊,🌊,🌊,🌊,🌊,🌊,🌊,🌊,🌊,🌊,🌊,🌊,🌊,🌊,🌊,🌊,🌊,🌊,🌊,🌊,🌊,🌊,🌊,🌊,🌊,🌊,🌊,🌊,🌊,🌊,🌊,🌊,🌊,🌊,🌊,🌊,🌊,🌊,🌊,🌊,🌊,🌊,🌊,🌊,🌊,🌊,🌊,🌊,🌊,🌊,🌊,🌊,🌊,🌊,🌊,🌊,🌊,🌊,🌊,🌊,🌊
🌊,🌊,🌊,🌊,🌊,🌊,🌊,🌊,🌊,🌊,🌊,🌊,🌊,🌊,🌊,🌊,🌊,🌊,🌊,🌊,🌊,🌊,🌊,🌊,🌊,🌊,🌊,🌊,🌊,🌊,🌊,🌊,🌊,🌊,🌊,🌊,🌊,🌊,🌊,🌊,🌊,🌊,🌊,🌊,🌊,🌊,🌊,🌊,🌊,🌊,🌊,🌊,🌊,🌊,🌊,🌊,🌊,🌊,🌊,🌊,🌊,🌊,🌊,🌊
🌊,🌊,🌊,🌊,🌊,🌊,🌊,🌊,🌊,🌊,🌊,🌊,🌊,🌊,🌊,🌊,🌊,🌊,🌊,🌊,🌊,🌊,🌊,🌊,🌊,🌊,🌊,🌊,🌊,🌊,🌊,🌊,🌊,🌊,🌊,🌊,🌊,🌊,🌊,🌊,🌊,🌊,🌊,🌊,🌊,🌊,🌊,🌊,🌊,🌊,🌊,🌊,🌊,🌊,🌊,🌊,🌊,🌊,🌊,🌊,🌊,🌊,🌊,🌊
