⛰️,⛰️,⛰️,⛰️,⛰️,⛰️,⛰️,⛰️,🟫,⛰️,⛰️,⛰️,⛰️,⛰️,⛰️,⛰️,⛰️,⛰️,⛰️,⛰️,⛰️,⛰️,⛰️,⛰️,⛰️,⛰️,⛰️,⛰️,⛰️,⛰️,⛰️,⛰️,⛰️,⛰️,⛰️,⛰️,⛰️,⛰️,⛰️,⛰️,⛰️,⛰️,⛰️,⛰️,⛰️,⛰️,⛰️,⛰️,⛰️,⛰️,⛰️,⛰️,⛰️,⛰️,⛰️,⛰️,⛰️,⛰️,⛰️,⛰️,⛰️,⛰️,⛰️,⛰️,⛰️,⛰️,⛰️,⛰️,⛰️,⛰️,⛰️,⛰️,🟫,⛰️,⛰️,⛰️,⛰️,⛰️,⛰️,⛰️,⛰️,⛰️,⛰️,⛰️,⛰️,⛰️,⛰️,⛰️,⛰️,⛰️,⛰️,⛰️,⛰️,⛰️,⛰️,⛰️,⛰️,⛰️,⛰️,⛰️,⛰️,⛰️,⛰️,⛰️,⛰️,⛰️,⛰️,⛰️,⛰️,⛰️,⛰️,⛰️,⛰️,⛰️,⛰️,⛰️,⛰️,⛰️,⛰️,⛰️,⛰️,⛰️,⛰️,⛰️,⛰️,⛰️,⛰️,⛰️,⛰️,⛰️,⛰️,⛰️,⛰️,⛰️,⛰️,⛰️,🟫,⛰️,⛰️,⛰️,⛰️,⛰️,⛰️,⛰️,⛰️,⛰️,⛰️,⛰️,⛰️,⛰️,⛰️,⛰️,⛰️,⛰️,⛰️,⛰️,⛰️,⛰️,⛰️,⛰️,⛰️,⛰️,⛰️,⛰️,⛰️,⛰️,⛰️,⛰️,⛰️,⛰️,⛰️,⛰️,⛰️,⛰️,⛰️,⛰️,⛰️,⛰️,⛰️,⛰️,⛰️,⛰️,⛰️,⛰️,⛰️,⛰️,⛰️,⛰️,⛰️,⛰️,⛰️,⛰️
⛰️,⛰️,⛰️,⛰️,⛰️,⛰️,⛰️,⛰️,🟫,⛰️,⛰️,⛰️,⛰️,⛰️,⛰️,⛰️,⛰️,⛰️,⛰️,⛰️,⛰️,⛰️,⛰️,⛰️,⛰️,⛰️,⛰️,⛰️,⛰️,⛰️,⛰️,⛰️,⛰️,⛰️,⛰️,⛰️,⛰️,⛰️,⛰️,⛰️,⛰️,⛰️,⛰️,⛰️,⛰️,⛰️,⛰️,⛰️,⛰️,⛰️,⛰️,⛰️,⛰️,⛰️,⛰️,⛰️,⛰️,⛰️,⛰️,⛰️,⛰️,⛰️,⛰️,⛰️,⛰️,⛰️,⛰️,⛰️,⛰️,⛰️,⛰️,⛰️,🟫,⛰️,⛰️,⛰️,⛰️,⛰️,⛰️,⛰️,⛰️,⛰️,⛰️,⛰️,⛰️,⛰️,⛰️,⛰️,⛰️,⛰️,⛰️,⛰️,⛰️,⛰️,⛰️,⛰️,⛰️,⛰️,⛰️,⛰️,⛰️,⛰️,⛰️,⛰️,⛰️,⛰️,⛰️,⛰️,⛰️,⛰️,⛰️,⛰️,⛰️,⛰️,⛰️,⛰️,⛰️,⛰️,⛰️,⛰️,⛰️,⛰️,⛰️,⛰️,⛰️,⛰️,⛰️,⛰️,⛰️,⛰️,⛰️,⛰️,⛰️,⛰️,⛰️,⛰️,🟫,⛰️,⛰️,⛰️,⛰️,⛰️,⛰️,⛰️,⛰️,⛰️,⛰️,⛰️,⛰️,⛰️,⛰️,⛰️,⛰️,⛰️,⛰️,⛰️,⛰️,⛰️,⛰️,⛰️,⛰️,⛰️,⛰️,⛰️,⛰️,⛰️,⛰️,⛰️,⛰️,⛰️,⛰️,⛰️,⛰️,⛰️,⛰️,⛰️,⛰️,⛰️,⛰️,⛰️,⛰️,⛰️,⛰️,⛰️,⛰️,⛰️,⛰️,⛰️,⛰️,⛰️,⛰️,⛰️
⛰️,⛰️,🧱,🧱,🧱,🧱,🧱,🧱,🟫,🧱,🧱,🧱,🧱,🧱,🧱,⛰️,⛰️,⛰️,⛰️,⛰️,⛰️,⛰️,⛰️,⛰️,⛰️,⛰️,⛰️,⛰️,⛰️,⛰️,⛰️,⛰️,⛰️,⛰️,⛰️,⛰️,⛰️,⛰️,⛰️,⛰️,⛰️,⛰️,⛰️,⛰️,⛰️,⛰️,⛰️,⛰️,⛰️,⛰️,🪨,🪨,🪨,🪨,🪨,🪨,🪨,🪨,🪨,🪨,🪨,🪨,🪨,⛰️,⛰️,⛰️,🧱,🧱,🧱,🧱,🧱,🧱,🟫,🧱,🧱,🧱,🧱,🧱,🧱,⛰️,⛰️,⛰️,⛰️,⛰️,⛰️,⛰️,⛰️,⛰️,⛰️,⛰️,⛰️,⛰️,⛰️,⛰️,⛰️,⛰️,⛰️,⛰️,⛰️,⛰️,⛰️,⛰️,⛰️,⛰️,⛰️,⛰️,⛰️,⛰️,⛰️,⛰️,⛰️,⛰️,⛰️,⛰️,🪨,🪨,🪨,🪨,🪨,🪨,🪨,🪨,🪨,🪨,🪨,🪨,🪨,⛰️,⛰️,⛰️,🧱,🧱,🧱,🧱,🧱,🧱,🟫,🧱,🧱,🧱,🧱,🧱,🧱,⛰️,⛰️,⛰️,⛰️,⛰️,⛰️,⛰️,⛰️,⛰️,⛰️,⛰️,⛰️,⛰️,⛰️,⛰️,⛰️,⛰️,⛰️,⛰️,⛰️,⛰️,⛰️,⛰️,⛰️,⛰️,⛰️,⛰️,⛰️,⛰️,⛰️,⛰️,⛰️,⛰️,⛰️,⛰️,🪨,🪨,🪨,🪨,🪨,🪨,🪨,🪨,🪨,🪨,🪨,🪨,🪨,⛰️
⛰️,⛰️,🧱,🏡,⛰️,⛰️,🏘️,⛰️,🟫,🏘️,⛰️,,🏚️,,🧱,⛰️,⛰️,⛰️,,⛰️,⛰️,⛰️,,⛰️,⛰️,,⛰️,,⛰️,,,⛰️,⛰️,,,⛰️,,⛰️,,⛰️,⛰️,⛰️,⛰️,⛰️,,⛰️,,⛰️,,,🪨,⛰️,⛰️,⛰️,⛰️,⛰️,⛰️,⛰️,⛰️,,⛰️,⛰️,🪨,⛰️,⛰️,⛰️,🧱,🏡,⛰️,⛰️,🏘️,⛰️,🟫,🏘️,⛰️,⛰️,🏚️,⛰️,🧱,⛰️,⛰️,⛰️,,⛰️,⛰️,⛰️,⛰️,⛰️,,⛰️,⛰️,⛰️,,,⛰️,,⛰️,⛰️,,,⛰️,⛰️,⛰️,⛰️,,,,,,⛰️,⛰️,⛰️,,⛰️,🪨,,⛰️,⛰️,⛰️,⛰️,,,⛰️,⛰️,,,🪨,⛰️,⛰️,⛰️,🧱,🏡,⛰️,,🏘️,,🟫,🏘️,⛰️,⛰️,🏚️,⛰️,🧱,,⛰️,⛰️,⛰️,⛰️,⛰️,⛰️,,⛰️,⛰️,⛰️,⛰️,⛰️,,,⛰️,⛰️,⛰️,⛰️,⛰️,,,⛰️,⛰️,⛰️,,⛰️,⛰️,,⛰️,,,,⛰️,⛰️,🪨,⛰️,,⛰️,,,⛰️,⛰️,,⛰️,⛰️,⛰️,🪨,⛰️
⛰️,⛰️,🧱,,⛰️,🏚️,,⛰️,🟫,,,🏘️,,,🧱,,,⛰️,,⛰️,⛰️,⛰️,,,,,⛰️,,⛰️,,,,,,,⛰️,,,,⛰️,⛰️,⛰️,⛰️,,,⛰️,,,,,🪨,,⛰️,,⛰️,⛰️,⛰️,,,,,,🪨,⛰️,⛰️,,🧱,,,🏚️,,⛰️,🟫,⛰️,⛰️,🏘️,⛰️,⛰️,🧱,,⛰️,⛰️,,,⛰️,⛰️,⛰️,,,,,,,,⛰️,,,,,,,,,⛰️,,,,,,,⛰️,,,⛰️,🪨,,⛰️,⛰️,,,,,⛰️,,,,🪨,⛰️,⛰️,,🧱,,⛰️,🏚️,,,🟫,,,🏘️,⛰️,,🧱,,⛰️,⛰️,,,⛰️,,,⛰️,⛰️,,,,,,⛰️,,⛰️,,,,,⛰️,⛰️,⛰️,,⛰️,,,,,,,⛰️,⛰️,🪨,,,,,,,,,⛰️,,⛰️,🪨,⛰️
⛰️,⛰️,🧱,⛰️,🏘️,,,🏚️,🟫,,🏘️,,,🏡,🧱,,,,,,,,,,,,,,,,,,,,,,,,,,,,,,,,,,,,🪨,,,,,,,,,,,,🪨,⛰️,⛰️,,🧱,,🏘️,,,🏚️,🟫,,🏘️,,,🏡,🧱,,,,,,,,,,,,,,,,,,,,,,,,,,,,,,,,,,,,🪨,,,,,,,,,,,,🪨,⛰️,⛰️,,🧱,,🏘️,,,🏚️,🟫,,🏘️,,,🏡,🧱,,,,,,,,,,,,,,,,,,,,,,,,,,,,,,,,,,,,🪨,,,,,,,,,,⛰️,⛰️,🪨,⛰️
⛰️,⛰️,🧱,🏡,,,🏚️,,🟫,🏡,,,🏠,,🧱,,,,,,,,,,,,,,,,,,,,,,,,,,,,,,,,,,,,🪨,,,,,,💀,,,,,,🪨,⛰️,⛰️,,🧱,🏡,,,🏚️,,🟫,🏡,,,🏠,,🧱,,,,,,,,,,,,,,,,,,,,,,,,,,,,,,,,,,,,🪨,,,,,,💀,,,,,,🪨,⛰️,⛰️,,🧱,🏡,,,🏚️,,🟫,🏡,,,🏠,,🧱,,,,,,,,,,,,,,,,,,,,,,,,,,,,,,,,,,,,🪨,,,,,,💀,,,,,⛰️,🪨,⛰️
⛰️,⛰️,🧱,,,🏘️,,,🟫,,,🏡,,,🧱,,,,,,,,,,,,,,,,,,,,,,,,,,,,,,,,,,,,🪨,,,,,,,,,,,,🪨,⛰️,⛰️,,🧱,,,🏘️,,,🟫,,,🏡,,,🧱,,,,,,,,,,,,,,,,,,,,,,,,,,,,,,,,,,,,🪨,,,,,,,,,,,,🪨,⛰️,⛰️,,🧱,,,🏘️,,,🟫,,,🏡,,,🧱,,,,,,,,,,,,,,,,,,,,,,,,,,,,,,,,,,,,🪨,,,,,,,,,,⛰️,⛰️,🪨,⛰️
⛰️,⛰️,🧱,⛰️,🏠,,,🏚️,🟫,,🏘️,,,🏘️,🧱,🟫,🟫,🟫,🟫,🟫,🟫,🟫,🟫,🟫,🟫,🟫,🟫,🟫,🟫,🟫,🟫,🟫,🟫,🟫,🟫,🟫,🟫,🟫,🟫,🟫,🟫,🟫,🟫,🟫,🟫,🟫,🟫,🟫,🟫,🟫,🪨,,,,,,,,,,,,🪨,⛰️,⛰️,,🧱,,🏠,,,🏚️,🟫,,🏘️,,,🏘️,🧱,🟫,🟫,🟫,🟫,🟫,🟫,🟫,🟫,🟫,🟫,🟫,🟫,🟫,🟫,🟫,🟫,🟫,🟫,🟫,🟫,🟫,🟫,🟫,🟫,🟫,🟫,🟫,🟫,🟫,🟫,🟫,🟫,🟫,🟫,🟫,🪨,,,,,,,,,,,,🪨,⛰️,⛰️,,🧱,,🏠,,,🏚️,🟫,,🏘️,,,🏘️,🧱,🟫,🟫,🟫,🟫,🟫,🟫,🟫,🟫,🟫,🟫,🟫,🟫,🟫,🟫,🟫,🟫,🟫,🟫,🟫,🟫,🟫,🟫,🟫,🟫,🟫,🟫,🟫,🟫,🟫,🟫,🟫,🟫,🟫,🟫,🟫,🪨,,,,,,,,,,⛰️,⛰️,🪨,⛰️
⛰️,⛰️,🧱,🏡,,,🏡,,🟫,🏚️,,,🏘️,,🧱,,,,,,,,,,,,,,,,🟫,🟫,,,,,,,,,,,,,,,,,,,🪨,,,,,,,,,,,,🪨,⛰️,⛰️,,🧱,🏡,,,🏡,,🟫,🏚️,,,🏘️,,🧱,,,,,,,,,,,,,,,,🟫,🟫,,,,,,,,,,,,,,,,,,,🪨,,,,,,,,,,,,🪨,⛰️,⛰️,,🧱,🏡,,,🏡,,🟫,🏚️,,,🏘️,,🧱,,,,,,,,,,,,,,,,🟫,🟫,,,,,,,,,,,,,,,,,,,🪨,,,,,,,,,⛰️,⛰️,⛰️,🪨,⛰️
⛰️,⛰️,🧱,🧱,🧱,🧱,🧱,🧱,🟫,🧱,🧱,🧱,🧱,🧱,🧱,,,,,,,,,,,,,,,,🟫,🟫,,,,,,,,,,,,,,,,,,,🪨,🪨,🪨,🪨,🪨,🪨,🪨,🪨,🪨,🪨,🪨,🪨,🪨,⛰️,⛰️,,🧱,🧱,🧱,🧱,🧱,🧱,🟫,🧱,🧱,🧱,🧱,🧱,🧱,,,,,,,,,,,,,,,,🟫,🟫,,,,,,,,,,,,,,,,,,,🪨,🪨,🪨,🪨,🪨,🪨,🪨,🪨,🪨,🪨,🪨,🪨,🪨,⛰️,⛰️,,🧱,🧱,🧱,🧱,🧱,🧱,🟫,🧱,🧱,🧱,🧱,🧱,🧱,,,,,,,,,,,,,,,,🟫,🟫,,,,,,,,,,,,,,,,,,,🪨,🪨,🪨,🪨,🪨,🪨,🪨,🪨,🪨,🪨,🪨,🪨,🪨,⛰️
⛰️,⛰️,⛰️,,,,,,,,,,,,,,,,,,,,,,,,,,,,🟫,🟫,,,,,,,,,,,,,,,,,,,,,,,,,,,,,,,,⛰️,⛰️,,,,,,,,,,,,,,,,,,,,,,,,,,,,,,🟫,🟫,,,,,,,,,,,,,,,,,,,,,,,,,,,,,,,,⛰️,⛰️,,,,,,,,,,,,,,,,,,,,,,,,,,,,,,🟫,🟫,,,,,,,,,,,,,,,,,,,,,,,,,,,,⛰️,⛰️,⛰️,⛰️,⛰️
⛰️,⛰️,⛰️,⛰️,⛰️,,,,,,,,,,,,,,,,,,,,,,,,,,🟫,🟫,,,,,,,,,,,,,,,,,,🟫,,,,,,,,,,,,,,⛰️,⛰️,,,,,,,,,,,,,,,,,,,,,,,,,,,,,,🟫,🟫,,,,,,,,,,,,,,,,,,🟫,,,,,,,,,,,,,,⛰️,⛰️,,,,,,,,,,,,,,,,,,,,,,,,,,,,,,🟫,🟫,,,,,,,,,,,,,,,,,,🟫,,,,,,,,,,⛰️,⛰️,⛰️,⛰️,⛰️
⛰️,⛰️,⛰️,⛰️,,,,,,,,,,,,,,,,,,,,,,,,,,,🟫,🟫,,,,,,,,,,,,,,,,,,🟫,,,,,,,,,,,,,,⛰️,⛰️,,,,,,,,,,,,,,,,,,,,,,,,,,,,,,🟫,🟫,,,,,,,,,,,,,,,,,,🟫,,,,,,,,,,,,,,⛰️,⛰️,,,,,,,,,,,,,,,,,,,,,,,,,,,,,,🟫,🟫,,,,,,,,,,,,,,,,,,🟫,,,,,,,,,,⛰️,⛰️,⛰️,⛰️,⛰️
⛰️,⛰️,⛰️,⛰️,,,,,,,,,,,,,,,,,,,,,,,,,,,🟫,🟫,,,,,,,,,,,,,,,,,,🟫,,,,,,,,,,,,,,⛰️,⛰️,,,,,,,,,,,,,,,,,,,,,,,,,,,,,,🟫,🟫,,,,,,,,,,,,,,,,,,🟫,,,,,,,,,,,,,,⛰️,⛰️,,,,,,,,,,,,,,,,,,,,,,,,,,,,,,🟫,🟫,,,,,,,,,,,,,,,,,,🟫,,,,,,,,,,,⛰️,⛰️,⛰️,⛰️
⛰️,⛰️,⛰️,,,,,,,,,,,,,,,,,,,,,,,,,,,,🟫,🟫,,,,,,,,,,,,,,,,,,🟫,,,,,,,,,,,,,,⛰️,⛰️,,,,,,,,,,,,,,,,,,,,,,,,,,,,,,🟫,🟫,,,,,,,,,,,,,,,,,,🟫,,,,,,,,,,,,,,⛰️,⛰️,,,,,,,,,,,,,,,,,,,,,,,,,,,,,,🟫,🟫,,,,,,,,,,,,,,,,,,🟫,,,,,,,,,,,⛰️,⛰️,⛰️,⛰️
⛰️,⛰️,⛰️,⛰️,,,,,,,,,,,,,,,,,,,,,,,,,,,🟫,🟫,,,,,,,,,,,,,,,,,,🟫,,,,,,,,,,,,,,⛰️,⛰️,,,,,,,,,,,,,,,,,,,,,,,,,,,,,,🟫,🟫,,,,,,,,,,,,,,,,,,🟫,,,,,,,,,,,,,,⛰️,⛰️,,,,,,,,,,,,,,,,,,,,,,,,,,,,,,🟫,🟫,,,,,,,,,,,,,,,,,,🟫,,,,,,,,,,⛰️,⛰️,⛰️,⛰️,⛰️
⛰️,⛰️,⛰️,⛰️,,,,,,,,,,,,,,,,,,,,,,,,,,,🟫,🟫,,,,,,,,,,,,,,,,,,🟫,,,,,,,,,,,,,,⛰️,⛰️,,,,,,,,,,,,,,,,,,,,,,,,,,,,,,🟫,🟫,,,,,,,,,,,,,,,,,,🟫,,,,,,,,,,,,,,⛰️,⛰️,,,,,,,,,,,,,,,,,,,,,,,,,,,,,,🟫,🟫,,,,,,,,,,,,,,,,,,🟫,,,,,,,,,,⛰️,⛰️,⛰️,⛰️,⛰️
⛰️,⛰️,⛰️,,,,,,,,,,,,,,,,,,,,,,,,,,,,🟫,🟫,🟫,🟫,🟫,🟫,🟫,🟫,🟫,🟫,🟫,🟫,🟫,🟫,🟫,🟫,🟫,🟫,🟫,🟫,,,,,,,,,,,,,,⛰️,⛰️,,,,,,,,,,,,,,,,,,,,,,,,,,,,,,🟫,🟫,🟫,🟫,🟫,🟫,🟫,🟫,🟫,🟫,🟫,🟫,🟫,🟫,🟫,🟫,🟫,🟫,🟫,🟫,,,,,,,,,,,,,,⛰️,⛰️,,,,,,,,,,,,,,,,,,,,,,,,,,,,,,🟫,🟫,🟫,🟫,🟫,🟫,🟫,🟫,🟫,🟫,🟫,🟫,🟫,🟫,🟫,🟫,🟫,🟫,🟫,🟫,,,,,,,,,,,⛰️,⛰️,⛰️,⛰️
⛰️,⛰️,⛰️,,,,,,,,,,,,,,,,,,,,,,,,,,,,🌊,🌊,,,,,,,,,,,,,,,,,,,,,,,,,,,,,,,,⛰️,⛰️,,,,,,,,,,,,,,,,,,,,,,,,,,,,,,🌊,🌊,,,,,,,,,,,,,,,,,,,,,,,,,,,,,,,,⛰️,⛰️,,,,,,,,,,,,,,,,,,,,,,,,,,,,,,🌊,🌊,,,,,,,,,,,,,,,,,,,,,,,,,,,,,,⛰️,⛰️,⛰️
⛰️,⛰️,⛰️,⛰️,,,,,,,,,,,,,,,,,,,,,,,,,,,🌊,🌊,,,,,,,,,,,,,,,,,,,,,,,,,,,,,,,,⛰️,⛰️,,,,,,,,,,,,,,,,,,,,,,,,,,,,,,🌊,🌊,,,,,,,,,,,,,,,,,,,,,,,,,,,,,,,,⛰️,⛰️,,,,,,,,,,,,,,,,,,,,,,,,,,,,,,🌊,🌊,,,,,,,,,,,,,,,,,,,,,,,,,,,,⛰️,⛰️,⛰️,⛰️,⛰️
⛰️,⛰️,⛰️,,,,,,,,,,,,,,,,,,,,,,,,,,,,🌊,🌊,,,,,,,,,,,,,,,,,,,,,,,,,,,,,,,,⛰️,⛰️,,,,,,,,,,,,,,,,,,,,,,,,,,,,,,🌊,🌊,,,,,,,,,,,,,,,,,,,,,,,,,,,,,,,,⛰️,⛰️,,,,,,,,,,,,,,,,,,,,,,,,,,,,,,🌊,🌊,,,,,,,,,,,,,,,,,,,,,,,,,,,,,⛰️,⛰️,⛰️,⛰️
⛰️,⛰️,⛰️,⛰️,,,,,,,,,,,,,,,,,,,,,,,,,,,🌊,🌊,,,,,,,,,,,,,,,,,,,,,,,,,,,,,,,,⛰️,⛰️,,,,,,,,,,,,,,,,,,,,,,,,,,,,,,🌊,🌊,,,,,,,,,,,,,,,,,,,,,,,,,,,,,,,,⛰️,⛰️,,,,,,,,,,,,,,,,,,,,,,,,,,,,,,🌊,🌊,,,,,,,,,,,,,,,,,,,,,,,,,,,,,⛰️,⛰️,⛰️,⛰️
⛰️,⛰️,⛰️,,,,,,,,,,,,,,,,,,,,,,,,,,,,🌊,🌊,,,,,,,,,,,,,,,,,,,,,,,,,,,,,,,,⛰️,⛰️,,,,,,,,,,,,,,,,,,,,,,,,,,,,,,🌊,🌊,,,,,,,,,,,,,,,,,,,,,,,,,,,,,,,,⛰️,⛰️,,,,,,,,,,,,,,,,,,,,,,,,,,,,,,🌊,🌊,,,,,,,,,,,,,,,,,,,,,,,,,,,,,,⛰️,⛰️,⛰️
⛰️,🌊,🌊,🌊,🌊,🌊,🌊,🌊,🌊,🌊,🌊,🌊,🌊,🌊,🌊,🌊,🌊,🌊,🌊,🌊,🌊,🌊,🌊,🌊,🌊,🌊,🌊,🌊,🌊,🌊,🌊,🌊,🌊,🌊,🌊,🌊,🌊,🌊,🌊,🌊,🌊,🌊,🌊,🌊,🌊,🌊,🌊,🌊,🌊,🌊,🌊,🌊,🌊,🌊,🌊,🌊,🌊,🌊,🌊,🌊,🌊,🌊,🌊,⛰️,⛰️,🌊,🌊,🌊,🌊,🌊,🌊,🌊,🌊,🌊,🌊,🌊,🌊,🌊,🌊,🌊,🌊,🌊,🌊,🌊,🌊,🌊,🌊,🌊,🌊,🌊,🌊,🌊,🌊,🌊,🌊,🌊,🌊,🌊,🌊,🌊,🌊,🌊,🌊,🌊,🌊,🌊,🌊,🌊,🌊,🌊,🌊,🌊,🌊,🌊,🌊,🌊,🌊,🌊,🌊,🌊,🌊,🌊,🌊,🌊,🌊,🌊,🌊,⛰️,⛰️,🌊,🌊,🌊,🌊,🌊,🌊,🌊,🌊,🌊,🌊,🌊,🌊,🌊,🌊,🌊,🌊,🌊,🌊,🌊,🌊,🌊,🌊,🌊,🌊,🌊,🌊,🌊,🌊,🌊,🌊,🌊,🌊,🌊,🌊,🌊,🌊,🌊,🌊,🌊,🌊,🌊,🌊,🌊,🌊,🌊,🌊,🌊,🌊,🌊,🌊,🌊,🌊,🌊,🌊,🌊,🌊,🌊,🌊,🌊,🌊,🌊,🌊,⛰️
⛰️,🌊,🌊,🌊,🌊,🌊,🌊,🌊,🌊,🌊,🌊,🌊,🌊,🌊,🌊,🌊,🌊,🌊,🌊,🌊,🌊,🌊,🌊,🌊,🌊,🌊,🌊,🌊,🌊,🌊,🌊,🌊,🌊,🌊,🌊,🌊,🌊,🌊,🌊,🌊,🌊,🌊,🌊,🌊,🌊,🌊,🌊,🌊,🌊,🌊,🌊,🌊,🌊,🌊,🌊,🌊,🌊,🌊,🌊,🌊,🌊,🌊,🌊,⛰️,⛰️,🌊,🌊,🌊,🌊,🌊,🌊,🌊,🌊,🌊,🌊,🌊,🌊,🌊,🌊,🌊,🌊,🌊,🌊,🌊,🌊,🌊,🌊,🌊,🌊,🌊,🌊,🌊,🌊,🌊,🌊,🌊,🌊,🌊,🌊,🌊,🌊,🌊,🌊,🌊,🌊,🌊,🌊,🌊,🌊,🌊,🌊,🌊,🌊,🌊,🌊,🌊,🌊,🌊,🌊,🌊,🌊,🌊,🌊,🌊,🌊,🌊,🌊,⛰️,⛰️,🌊,🌊,🌊,🌊,🌊,🌊,🌊,🌊,🌊,🌊,🌊,🌊,🌊,🌊,🌊,🌊,🌊,🌊,🌊,🌊,🌊,🌊,🌊,🌊,🌊,🌊,🌊,🌊,🌊,🌊,🌊,🌊,🌊,🌊,🌊,🌊,🌊,🌊,🌊,🌊,🌊,🌊,🌊,🌊,🌊,🌊,🌊,🌊,🌊,🌊,🌊,🌊,🌊,🌊,🌊,🌊,🌊,🌊,🌊,🌊,🌊,🌊,⛰️
⛰️,🌊,🌊,🌊,🌊,🌊,🌊,🌊,🌊,🌊,🌊,🌊,🌊,🌊,🌊,🌊,🌊,🌊,🌊,🌊,🌊,🌊,🌊,🌊,🌊,🌊,🌊,🌊,🌊,🌊,🌊,🌊,🌊,🌊,🌊,🌊,🌊,🌊,🌊,🌊,🌊,🌊,🌊,🌊,🌊,🌊,🌊,🌊,🌊,🌊,🌊,🌊,🌊,🌊,🌊,🌊,🌊,🌊,🌊,🌊,🌊,🌊,🌊,⛰️,⛰️,🌊,🌊,🌊,🌊,🌊,🌊,🌊,🌊,🌊,🌊,🌊,🌊,🌊,🌊,🌊,🌊,🌊,🌊,🌊,🌊,🌊,🌊,🌊,🌊,🌊,🌊,🌊,🌊,🌊,🌊,🌊,🌊,🌊,🌊,🌊,🌊,🌊,🌊,🌊,🌊,🌊,🌊,🌊,🌊,🌊,🌊,🌊,🌊,🌊,🌊,🌊,🌊,🌊,🌊,🌊,🌊,🌊,🌊,🌊,🌊,🌊,🌊,⛰️,⛰️,🌊,🌊,🌊,🌊,🌊,🌊,🌊,🌊,🌊,🌊,🌊,🌊,🌊,🌊,🌊,🌊,🌊,🌊,🌊,🌊,🌊,🌊,🌊,🌊,🌊,🌊,🌊,🌊,🌊,🌊,🌊,🌊,🌊,🌊,🌊,🌊,🌊,🌊,🌊,🌊,🌊,🌊,🌊,🌊,🌊,🌊,🌊,🌊,🌊,🌊,🌊,🌊,🌊,🌊,🌊,🌊,🌊,🌊,🌊,🌊,🌊,🌊,⛰️
⛰️,🌊,🌊,🌊,🌊,🌊,🌊,🌊,🌊,🌊,🌊,🌊,🌊,🌊,🌊,🌊,🌊,🌊,🌊,🌊,🌊,🌊,🌊,🌊,🌊,🌊,🌊,🌊,🌊,🌊,🌊,🌊,🌊,🌊,🌊,🌊,🌊,🌊,🌊,🌊,🌊,🌊,🌊,🌊,🌊,🌊,🌊,🌊,🌊,🌊,🌊,🌊,🌊,🌊,🌊,🌊,🌊,🌊,🌊,🌊,🌊,🌊,🌊,⛰️,⛰️,🌊,🌊,🌊,🌊,🌊,🌊,🌊,🌊,🌊,🌊,🌊,🌊,🌊,🌊,🌊,🌊,🌊,🌊,🌊,🌊,🌊,🌊,🌊,🌊,🌊,🌊,🌊,🌊,🌊,🌊,🌊,🌊,🌊,🌊,🌊,🌊,🌊,🌊,🌊,🌊,🌊,🌊,🌊,🌊,🌊,🌊,🌊,🌊,🌊,🌊,🌊,🌊,🌊,🌊,🌊,🌊,🌊,🌊,🌊,🌊,🌊,🌊,⛰️,⛰️,🌊,🌊,🌊,🌊,🌊,🌊,🌊,🌊,🌊,🌊,🌊,🌊,🌊,🌊,🌊,🌊,🌊,🌊,🌊,🌊,🌊,🌊,🌊,🌊,🌊,🌊,🌊,🌊,🌊,🌊,🌊,🌊,🌊,🌊,🌊,🌊,🌊,🌊,🌊,🌊,🌊,🌊,🌊,🌊,🌊,🌊,🌊,🌊,🌊,🌊,🌊,🌊,🌊,🌊,🌊,🌊,🌊,🌊,🌊,🌊,🌊,🌊,⛰️
⛰️,🌊,🌊,🌊,🌊,🌊,🌊,🌊,🌊,🌊,🌊,🌊,🌊,🌊,🌊,🌊,🌊,🌊,🌊,🌊,🌊,🌊,🌊,🌊,🌊,🌊,🌊,🌊,🌊,🌊,🌊,🌊,🌊,🌊,🌊,🌊,🌊,🌊,🌊,🌊,🌊,🌊,🌊,🌊,🌊,🌊,🌊,🌊,🌊,🌊,🌊,🌊,🌊,🌊,🌊,🌊,🌊,🌊,🌊,🌊,🌊,🌊,🌊,⛰️,⛰️,🌊,🌊,🌊,🌊,🌊,🌊,🌊,🌊,🌊,🌊,🌊,🌊,🌊,🌊,🌊,🌊,🌊,🌊,🌊,🌊,🌊,🌊,🌊,🌊,🌊,🌊,🌊,🌊,🌊,🌊,🌊,🌊,🌊,🌊,🌊,🌊,🌊,🌊,🌊,🌊,🌊,🌊,🌊,🌊,🌊,🌊,🌊,🌊,🌊,🌊,🌊,🌊,🌊,🌊,🌊,🌊,🌊,🌊,🌊,🌊,🌊,🌊,⛰️,⛰️,🌊,🌊,🌊,🌊,🌊,🌊,🌊,🌊,🌊,🌊,🌊,🌊,🌊,🌊,🌊,🌊,🌊,🌊,🌊,🌊,🌊,🌊,🌊,🌊,🌊,🌊,🌊,🌊,🌊,🌊,🌊,🌊,🌊,🌊,🌊,🌊,🌊,🌊,🌊,🌊,🌊,🌊,🌊,🌊,🌊,🌊,🌊,🌊,🌊,🌊,🌊,🌊,🌊,🌊,🌊,🌊,🌊,🌊,🌊,🌊,🌊,🌊,⛰️
⛰️,🌊,🌊,🌊,🌊,🌊,🌊,🌊,🌊,🌊,🌊,🌊,🌊,🌊,🌊,🌊,🌊,🌊,🌊,🌊,🌊,🌊,🌊,🌊,🌊,🌊,🌊,🌊,🌊,🌊,🌊,🌊,🌊,🌊,🌊,🌊,🌊,🌊,🌊,🌊,🌊,🌊,🌊,🌊,🌊,🌊,🌊,🌊,🌊,🌊,🌊,🌊,🌊,🌊,🌊,🌊,🌊,🌊,🌊,🌊,🌊,🌊,🌊,⛰️,⛰️,🌊,🌊,🌊,🌊,🌊,🌊,🌊,🌊,🌊,🌊,🌊,🌊,🌊,🌊,🌊,🌊,🌊,🌊,🌊,🌊,🌊,🌊,🌊,🌊,🌊,🌊,🌊,🌊,🌊,🌊,🌊,🌊,🌊,🌊,🌊,🌊,🌊,🌊,🌊,🌊,🌊,🌊,🌊,🌊,🌊,🌊,🌊,🌊,🌊,🌊,🌊,🌊,🌊,🌊,🌊,🌊,🌊,🌊,🌊,🌊,🌊,🌊,⛰️,⛰️,🌊,🌊,🌊,🌊,🌊,🌊,🌊,🌊,🌊,🌊,🌊,🌊,🌊,🌊,🌊,🌊,🌊,🌊,🌊,🌊,🌊,🌊,🌊,🌊,🌊,🌊,🌊,🌊,🌊,🌊,🌊,🌊,🌊,🌊,🌊,🌊,🌊,🌊,🌊,🌊,🌊,🌊,🌊,🌊,🌊,🌊,🌊,🌊,🌊,🌊,🌊,🌊,🌊,🌊,🌊,🌊,🌊,🌊,🌊,🌊,🌊,🌊,⛰️
⛰️,🌊,🌊,🌊,🌊,🌊,🌊,🌊,🌊,🌊,🌊,🌊,🌊,🌊,🌊,🌊,🌊,🌊,🌊,🌊,🌊,🌊,🌊,🌊,🌊,🌊,🌊,🌊,🌊,🌊,🌊,🌊,🌊,🌊,🌊,🌊,🌊,🌊,🌊,🌊,🌊,🌊,🌊,🌊,🌊,🌊,🌊,🌊,🌊,🌊,🌊,🌊,🌊,🌊,🌊,🌊,🌊,🌊,🌊,🌊,🌊,🌊,🌊,⛰️,⛰️,🌊,🌊,🌊,🌊,🌊,🌊,🌊,🌊,🌊,🌊,🌊,🌊,🌊,🌊,🌊,🌊,🌊,🌊,🌊,🌊,🌊,🌊,🌊,🌊,🌊,🌊,🌊,🌊,🌊,🌊,🌊,🌊,🌊,🌊,🌊,🌊,🌊,🌊,🌊,🌊,🌊,🌊,🌊,🌊,🌊,🌊,🌊,🌊,🌊,🌊,🌊,🌊,🌊,🌊,🌊,🌊,🌊,🌊,🌊,🌊,🌊,🌊,⛰️,⛰️,🌊,🌊,🌊,🌊,🌊,🌊,🌊,🌊,🌊,🌊,🌊,🌊,🌊,🌊,🌊,🌊,🌊,🌊,🌊,🌊,🌊,🌊,🌊,🌊,🌊,🌊,🌊,🌊,🌊,🌊,🌊,🌊,🌊,🌊,🌊,🌊,🌊,🌊,🌊,🌊,🌊,🌊,🌊,🌊,🌊,🌊,🌊,🌊,🌊,🌊,🌊,🌊,🌊,🌊,🌊,🌊,🌊,🌊,🌊,🌊,🌊,🌊,⛰️
⛰️,🌊,🌊,🌊,🌊,🌊,🌊,🌊,🌊,🌊,🌊,🌊,🌊,🌊,🌊,🌊,🌊,🌊,🌊,🌊,🌊,🌊,🌊,🌊,🌊,🌊,🌊,🌊,🌊,🌊,🌊,🌊,🌊,🌊,🌊,🌊,🌊,🌊,🌊,🌊,🌊,🌊,🌊,🌊,🌊,🌊,🌊,🌊,🌊,🌊,🌊,🌊,🌊,🌊,🌊,🌊,🌊,🌊,🌊,🌊,🌊,🌊,🌊,⛰️,⛰️,🌊,🌊,🌊,🌊,🌊,🌊,🌊,🌊,🌊,🌊,🌊,🌊,🌊,🌊,🌊,🌊,🌊,🌊,🌊,🌊,🌊,🌊,🌊,🌊,🌊,🌊,🌊,🌊,🌊,🌊,🌊,🌊,🌊,🌊,🌊,🌊,🌊,🌊,🌊,🌊,🌊,🌊,🌊,🌊,🌊,🌊,🌊,🌊,🌊,🌊,🌊,🌊,🌊,🌊,🌊,🌊,🌊,🌊,🌊,🌊,🌊,🌊,⛰️,⛰️,🌊,🌊,🌊,🌊,🌊,🌊,🌊,🌊,🌊,🌊,🌊,🌊,🌊,🌊,🌊,🌊,🌊,🌊,🌊,🌊,🌊,🌊,🌊,🌊,🌊,🌊,🌊,🌊,🌊,🌊,🌊,🌊,🌊,🌊,🌊,🌊,🌊,🌊,🌊,🌊,🌊,🌊,🌊,🌊,🌊,🌊,🌊,🌊,🌊,🌊,🌊,🌊,🌊,🌊,🌊,🌊,🌊,🌊,🌊,🌊,🌊,🌊,⛰️
⛰️,🌊,🌊,🌊,🌊,🌊,🌊,🌊,🌊,🌊,🌊,🌊,🌊,🌊,🌊,🌊,🌊,🌊,🌊,🌊,🌊,🌊,🌊,🌊,🌊,🌊,🌊,🌊,🌊,🌊,🌊,🌊,🌊,🌊,🌊,🌊,🌊,🌊,🌊,🌊,🌊,🌊,🌊,🌊,🌊,🌊,🌊,🌊,🌊,🌊,🌊,🌊,🌊,🌊,🌊,🌊,🌊,🌊,🌊,🌊,🌊,🌊,🌊,⛰️,⛰️,🌊,🌊,🌊,🌊,🌊,🌊,🌊,🌊,🌊,🌊,🌊,🌊,🌊,🌊,🌊,🌊,🌊,🌊,🌊,🌊,🌊,🌊,🌊,🌊,🌊,🌊,🌊,🌊,🌊,🌊,🌊,🌊,🌊,🌊,🌊,🌊,🌊,🌊,🌊,🌊,🌊,🌊,🌊,🌊,🌊,🌊,🌊,🌊,🌊,🌊,🌊,🌊,🌊,🌊,🌊,🌊,🌊,🌊,🌊,🌊,🌊,🌊,⛰️,⛰️,🌊,🌊,🌊,🌊,🌊,🌊,🌊,🌊,🌊,🌊,🌊,🌊,🌊,🌊,🌊,🌊,🌊,🌊,🌊,🌊,🌊,🌊,🌊,🌊,🌊,🌊,🌊,🌊,🌊,🌊,🌊,🌊,🌊,🌊,🌊,🌊,🌊,🌊,🌊,🌊,🌊,🌊,🌊,🌊,🌊,🌊,🌊,🌊,🌊,🌊,🌊,🌊,🌊,🌊,🌊,🌊,🌊,🌊,🌊,🌊,🌊,🌊,⛰️
⛰️,🌊,🌊,🌊,🌊,🌊,🌊,🌊,🌊,🌊,🌊,🌊,🌊,🌊,🌊,🌊,🌊,🌊,🌊,🌊,🌊,🌊,🌊,🌊,🌊,🌊,🌊,🌊,🌊,🌊,🌊,🌊,🌊,🌊,🌊,🌊,🌊,🌊,🌊,🌊,🌊,🌊,🌊,🌊,🌊,🌊,🌊,🌊,🌊,🌊,🌊,🌊,🌊,🌊,🌊,🌊,🌊,🌊,🌊,🌊,🌊,🌊,🌊,⛰️,⛰️,🌊,🌊,🌊,🌊,🌊,🌊,🌊,🌊,🌊,🌊,🌊,🌊,🌊,🌊,🌊,🌊,🌊,🌊,🌊,🌊,🌊,🌊,🌊,🌊,🌊,🌊,🌊,🌊,🌊,🌊,🌊,🌊,🌊,🌊,🌊,🌊,🌊,🌊,🌊,🌊,🌊,🌊,🌊,🌊,🌊,🌊,🌊,🌊,🌊,🌊,🌊,🌊,🌊,🌊,🌊,🌊,🌊,🌊,🌊,🌊,🌊,🌊,⛰️,⛰️,🌊,🌊,🌊,🌊,🌊,🌊,🌊,🌊,🌊,🌊,🌊,🌊,🌊,🌊,🌊,🌊,🌊,🌊,🌊,🌊,🌊,🌊,🌊,🌊,🌊,🌊,🌊,🌊,🌊,🌊,🌊,🌊,🌊,🌊,🌊,🌊,🌊,🌊,🌊,🌊,🌊,🌊,🌊,🌊,🌊,🌊,🌊,🌊,🌊,🌊,🌊,🌊,🌊,🌊,🌊,🌊,🌊,🌊,🌊,🌊,🌊,🌊,⛰️
⛰️,🌊,🌊,🌊,🌊,🌊,🌊,🌊,🌊,🌊,🌊,🌊,🌊,🌊,🌊,🌊,🌊,🌊,🌊,🌊,🌊,🌊,🌊,🌊,🌊,🌊,🌊,🌊,🌊,🌊,🌊,🌊,🌊,🌊,🌊,🌊,🌊,🌊,🌊,🌊,🌊,🌊,🌊,🌊,🌊,🌊,🌊,🌊,🌊,🌊,🌊,🌊,🌊,🌊,🌊,🌊,🌊,🌊,🌊,🌊,🌊,🌊,🌊,⛰️,⛰️,🌊,🌊,🌊,🌊,🌊,🌊,🌊,🌊,🌊,🌊,🌊,🌊,🌊,🌊,🌊,🌊,🌊,🌊,🌊,🌊,🌊,🌊,🌊,🌊,🌊,🌊,🌊,🌊,🌊,🌊,🌊,🌊,🌊,🌊,🌊,🌊,🌊,🌊,🌊,🌊,🌊,🌊,🌊,🌊,🌊,🌊,🌊,🌊,🌊,🌊,🌊,🌊,🌊,🌊,🌊,🌊,🌊,🌊,🌊,🌊,🌊,🌊,⛰️,⛰️,🌊,🌊,🌊,🌊,🌊,🌊,🌊,🌊,🌊,🌊,🌊,🌊,🌊,🌊,🌊,🌊,🌊,🌊,🌊,🌊,🌊,🌊,🌊,🌊,🌊,🌊,🌊,🌊,🌊,🌊,🌊,🌊,🌊,🌊,🌊,🌊,🌊,🌊,🌊,🌊,🌊,🌊,🌊,🌊,🌊,🌊,🌊,🌊,🌊,🌊,🌊,🌊,🌊,🌊,🌊,🌊,🌊,🌊,🌊,🌊,🌊,🌊,⛰️
⛰️,⛰️,⛰️,⛰️,⛰️,⛰️,⛰️,⛰️,⛰️,⛰️,⛰️,⛰️,⛰️,⛰️,⛰️,⛰️,⛰️,⛰️,⛰️,⛰️,⛰️,⛰️,⛰️,⛰️,⛰️,⛰️,⛰️,⛰️,⛰️,⛰️,⛰️,⛰️,⛰️,⛰️,⛰️,⛰️,⛰️,⛰️,⛰️,⛰️,⛰️,⛰️,⛰️,⛰️,⛰️,⛰️,⛰️,⛰️,⛰️,⛰️,⛰️,⛰️,⛰️,⛰️,⛰️,⛰️,⛰️,⛰️,⛰️,⛰️,⛰️,⛰️,⛰️,⛰️,⛰️,⛰️,⛰️,⛰️,⛰️,⛰️,⛰️,⛰️,⛰️,⛰️,⛰️,⛰️,⛰️,⛰️,⛰️,⛰️,⛰️,⛰️,⛰️,⛰️,⛰️,⛰️,⛰️,⛰️,⛰️,⛰️,⛰️,⛰️,⛰️,⛰️,⛰️,⛰️,⛰️,⛰️,⛰️,⛰️,⛰️,⛰️,⛰️,⛰️,⛰️,⛰️,⛰️,⛰️,⛰️,⛰️,⛰️,⛰️,⛰️,⛰️,⛰️,⛰️,⛰️,⛰️,⛰️,⛰️,⛰️,⛰️,⛰️,⛰️,⛰️,⛰️,⛰️,⛰️,⛰️,⛰️,⛰️,⛰️,⛰️,⛰️,⛰️,⛰️,⛰️,⛰️,⛰️,⛰️,⛰️,⛰️,⛰️,⛰️,⛰️,⛰️,⛰️,⛰️,⛰️,⛰️,⛰️,⛰️,⛰️,⛰️,⛰️,⛰️,⛰️,⛰️,⛰️,⛰️,⛰️,⛰️,⛰️,⛰️,⛰️,⛰️,⛰️,⛰️,⛰️,⛰️,⛰️,⛰️,⛰️,⛰️,⛰️,⛰️,⛰️,⛰️,⛰️,⛰️,⛰️,⛰️,⛰️,⛰️,⛰️,⛰️,⛰️,⛰️,⛰️,⛰️,⛰️,⛰️
⛰️,⛰️,⛰️,⛰️,⛰️,⛰️,⛰️,⛰️,🟫,⛰️,⛰️,⛰️,⛰️,⛰️,⛰️,⛰️,⛰️,⛰️,⛰️,⛰️,⛰️,⛰️,⛰️,⛰️,⛰️,⛰️,⛰️,⛰️,⛰️,⛰️,⛰️,⛰️,⛰️,⛰️,⛰️,⛰️,⛰️,⛰️,⛰️,⛰️,⛰️,⛰️,⛰️,⛰️,⛰️,⛰️,⛰️,⛰️,⛰️,⛰️,⛰️,⛰️,⛰️,⛰️,⛰️,⛰️,⛰️,⛰️,⛰️,⛰️,⛰️,⛰️,⛰️,⛰️,⛰️,⛰️,⛰️,⛰️,⛰️,⛰️,⛰️,⛰️,🟫,⛰️,⛰️,⛰️,⛰️,⛰️,⛰️,⛰️,⛰️,⛰️,⛰️,⛰️,⛰️,⛰️,⛰️,⛰️,⛰️,⛰️,⛰️,⛰️,⛰️,⛰️,⛰️,⛰️,⛰️,⛰️,⛰️,⛰️,⛰️,⛰️,⛰️,⛰️,⛰️,⛰️,⛰️,⛰️,⛰️,⛰️,⛰️,⛰️,⛰️,⛰️,⛰️,⛰️,⛰️,⛰️,⛰️,⛰️,⛰️,⛰️,⛰️,⛰️,⛰️,⛰️,⛰️,⛰️,⛰️,⛰️,⛰️,⛰️,⛰️,⛰️,⛰️,⛰️,🟫,⛰️,⛰️,⛰️,⛰️,⛰️,⛰️,⛰️,⛰️,⛰️,⛰️,⛰️,⛰️,⛰️,⛰️,⛰️,⛰️,⛰️,⛰️,⛰️,⛰️,⛰️,⛰️,⛰️,⛰️,⛰️,⛰️,⛰️,⛰️,⛰️,⛰️,⛰️,⛰️,⛰️,⛰️,⛰️,⛰️,⛰️,⛰️,⛰️,⛰️,⛰️,⛰️,⛰️,⛰️,⛰️,⛰️,⛰️,⛰️,⛰️,⛰️,⛰️,⛰️,⛰️,⛰️,⛰️
⛰️,⛰️,⛰️,⛰️,,,,,🟫,,,,,,,,,,,,,,,,,,,,,,,,,,,,,,,,,,,,,,,,,,,,,,,,,,,,,,,⛰️,⛰️,,,,,,,,🟫,,,,,,,,,,,,,,,,,,,,,,,,,,,,,,,,,,,,,,,,,,,,,,,,,,,,,,,⛰️,⛰️,,,,,,,,🟫,,,,,,,,,,,,,,,,,,,,,,,,,,,,,,,,,,,,,,,,,,,,,,,,,,,,⛰️,⛰️,⛰️,⛰️
⛰️,⛰️,🧱,🧱,🧱,🧱,🧱,🧱,🟫,🧱,🧱,🧱,🧱,🧱,🧱,,,,,,,,,,,,,,,,,,,,,,,,,,,,,,,,,,,,🪨,🪨,🪨,🪨,🪨,🪨,🪨,🪨,🪨,🪨,🪨,🪨,🪨,⛰️,⛰️,,🧱,🧱,🧱,🧱,🧱,🧱,🟫,🧱,🧱,🧱,🧱,🧱,🧱,,,,,,,,,,,,,,,,,,,,,,,,,,,,,,,,,,,,🪨,🪨,🪨,🪨,🪨,🪨,🪨,🪨,🪨,🪨,🪨,🪨,🪨,⛰️,⛰️,,🧱,🧱,🧱,🧱,🧱,🧱,🟫,🧱,🧱,🧱,🧱,🧱,🧱,,,,,,,,,,,,,,,,,,,,,,,,,,,,,,,,,,,,🪨,🪨,🪨,🪨,🪨,🪨,🪨,🪨,🪨,🪨,🪨,🪨,🪨,⛰️
⛰️,⛰️,🧱,🏡,⛰️,,🏘️,,🟫,🏘️,,,🏚️,,🧱,,,,,,,,,,,,,,,,,,,,,,,,,,,,,,,,,,,,🪨,,,,,,,,,,,,🪨,⛰️,⛰️,,🧱,🏡,,,🏘️,,🟫,🏘️,,,🏚️,,🧱,,,,,,,,,,,,,,,,,,,,,,,,,,,,,,,,,,,,🪨,,,,,,,,,,,,🪨,⛰️,⛰️,,🧱,🏡,,,🏘️,,🟫,🏘️,,,🏚️,,🧱,,,,,,,,,,,,,,,,,,,,,,,,,,,,,,,,,,,,🪨,,,,,,,,,,,⛰️,🪨,⛰️
⛰️,⛰️,🧱,⛰️,⛰️,🏚️,,,🟫,,,🏘️,,,🧱,,,,,,,,,,,,,,,,,,,,,,,,,,,,,,,,,,,,🪨,,,,,,,,,,,,🪨,⛰️,⛰️,,🧱,,,🏚️,,,🟫,,,🏘️,,,🧱,,,,,,,,,,,,,,,,,,,,,,,,,,,,,,,,,,,,🪨,,,,,,,,,,,,🪨,⛰️,⛰️,,🧱,,,🏚️,,,🟫,,,🏘️,,,🧱,,,,,,,,,,,,,,,,,,,,,,,,,,,,,,,,,,,,🪨,,,,,,,,,⛰️,⛰️,⛰️,🪨,⛰️
⛰️,⛰️,🧱,⛰️,🏘️,,,🏚️,🟫,,🏘️,,,🏡,🧱,,,,,,,,,,,,,,,,,,,,,,,,,,,,,,,,,,,,🪨,,,,,,,,,,,,🪨,⛰️,⛰️,,🧱,,🏘️,,,🏚️,🟫,,🏘️,,,🏡,🧱,,,,,,,,,,,,,,,,,,,,,,,,,,,,,,,,,,,,🪨,,,,,,,,,,,,🪨,⛰️,⛰️,,🧱,,🏘️,,,🏚️,🟫,,🏘️,,,🏡,🧱,,,,,,,,,,,,,,,,,,,,,,,,,,,,,,,,,,,,🪨,,,,,,,,,,,⛰️,🪨,⛰️
⛰️,⛰️,🧱,🏡,,,🏚️,,🟫,🏡,,,🏠,,🧱,,,,,,,,,,,,,,,,,,,,,,,,,,,,,,,,,,,,🪨,,,,,,💀,,,,,,🪨,⛰️,⛰️,,🧱,🏡,,,🏚️,,🟫,🏡,,,🏠,,🧱,,,,,,,,,,,,,,,,,,,,,,,,,,,,,,,,,,,,🪨,,,,,,💀,,,,,,🪨,⛰️,⛰️,,🧱,🏡,,,🏚️,,🟫,🏡,,,🏠,,🧱,,,,,,,,,,,,,,,,,,,,,,,,,,,,,,,,,,,,🪨,,,,,,💀,,,,⛰️,⛰️,🪨,⛰️
⛰️,⛰️,🧱,⛰️,,🏘️,,,🟫,,,🏡,,,🧱,,,,,,,,,,,,,,,,,,,,,,,,,,,,,,,,,,,,🪨,,,,,,,,,,,,🪨,⛰️,⛰️,,🧱,,,🏘️,,,🟫,,,🏡,,,🧱,,,,,,,,,,,,,,,,,,,,,,,,,,,,,,,,,,,,🪨,,,,,,,,,,,,🪨,⛰️,⛰️,,🧱,,,🏘️,,,🟫,,,🏡,,,🧱,,,,,,,,,,,,,,,,,,,,,,,,,,,,,,,,,,,,🪨,,,,,,,,,,⛰️,⛰️,🪨,⛰️
⛰️,⛰️,🧱,,🏠,,,🏚️,🟫,,🏘️,,,🏘️,🧱,🟫,🟫,🟫,🟫,🟫,🟫,🟫,🟫,🟫,🟫,🟫,🟫,🟫,🟫,🟫,🟫,🟫,🟫,🟫,🟫,🟫,🟫,🟫,🟫,🟫,🟫,🟫,🟫,🟫,🟫,🟫,🟫,🟫,🟫,🟫,🪨,,,,,,,,,,,,🪨,⛰️,⛰️,,🧱,,🏠,,,🏚️,🟫,,🏘️,,,🏘️,🧱,🟫,🟫,🟫,🟫,🟫,🟫,🟫,🟫,🟫,🟫,🟫,🟫,🟫,🟫,🟫,🟫,🟫,🟫,🟫,🟫,🟫,🟫,🟫,🟫,🟫,🟫,🟫,🟫,🟫,🟫,🟫,🟫,🟫,🟫,🟫,🪨,,,,,,,,,,,,🪨,⛰️,⛰️,,🧱,,🏠,,,🏚️,🟫,,🏘️,,,🏘️,🧱,🟫,🟫,🟫,🟫,🟫,🟫,🟫,🟫,🟫,🟫,🟫,🟫,🟫,🟫,🟫,🟫,🟫,🟫,🟫,🟫,🟫,🟫,🟫,🟫,🟫,🟫,🟫,🟫,🟫,🟫,🟫,🟫,🟫,🟫,🟫,🪨,,,,,,,,,⛰️,⛰️,⛰️,🪨,⛰️
⛰️,⛰️,🧱,🏡,,,🏡,,🟫,🏚️,,,🏘️,,🧱,,,,,,,,,,,,,,,,🟫,🟫,,,,,,,,,,,,,,,,,,,🪨,,,,,,,,,,,,🪨,⛰️,⛰️,,🧱,🏡,,,🏡,,🟫,🏚️,,,🏘️,,🧱,,,,,,,,,,,,,,,,🟫,🟫,,,,,,,,,,,,,,,,,,,🪨,,,,,,,,,,,,🪨,⛰️,⛰️,,🧱,🏡,,,🏡,,🟫,🏚️,,,🏘️,,🧱,,,,,,,,,,,,,,,,🟫,🟫,,,,,,,,,,,,,,,,,,,🪨,,,,,,,,,⛰️,⛰️,⛰️,🪨,⛰️
⛰️,⛰️,🧱,🧱,🧱,🧱,🧱,🧱,🟫,🧱,🧱,🧱,🧱,🧱,🧱,,,,,,,,,,,,,,,,🟫,🟫,,,,,,,,,,,,,,,,,,,🪨,🪨,🪨,🪨,🪨,🪨,🪨,🪨,🪨,🪨,🪨,🪨,🪨,⛰️,⛰️,,🧱,🧱,🧱,🧱,🧱,🧱,🟫,🧱,🧱,🧱,🧱,🧱,🧱,,,,,,,,,,,,,,,,🟫,🟫,,,,,,,,,,,,,,,,,,,🪨,🪨,🪨,🪨,🪨,🪨,🪨,🪨,🪨,🪨,🪨,🪨,🪨,⛰️,⛰️,,🧱,🧱,🧱,🧱,🧱,🧱,🟫,🧱,🧱,🧱,🧱,🧱,🧱,,,,,,,,,,,,,,,,🟫,🟫,,,,,,,,,,,,,,,,,,,🪨,🪨,🪨,🪨,🪨,🪨,🪨,🪨,🪨,🪨,🪨,🪨,🪨,⛰️
⛰️,⛰️,⛰️,⛰️,⛰️,,,,,,,,,,,,,,,,,,,,,,,,,,🟫,🟫,,,,,,,,,,,,,,,,,,,,,,,,,,,,,,,,⛰️,⛰️,,,,,,,,,,,,,,,,,,,,,,,,,,,,,,🟫,🟫,,,,,,,,,,,,,,,,,,,,,,,,,,,,,,,,⛰️,⛰️,,,,,,,,,,,,,,,,,,,,,,,,,,,,,,🟫,🟫,,,,,,,,,,,,,,,,,,,,,,,,,,,,,,⛰️,⛰️,⛰️
⛰️,⛰️,⛰️,,,,,,,,,,,,,,,,,,,,,,,,,,,,🟫,🟫,,,,,,,,,,,,,,,,,,🟫,,,,,,,,,,,,,,⛰️,⛰️,,,,,,,,,,,,,,,,,,,,,,,,,,,,,,🟫,🟫,,,,,,,,,,,,,,,,,,🟫,,,,,,,,,,,,,,⛰️,⛰️,,,,,,,,,,,,,,,,,,,,,,,,,,,,,,🟫,🟫,,,,,,,,,,,,,,,,,,🟫,,,,,,,,,,⛰️,⛰️,⛰️,⛰️,⛰️
⛰️,⛰️,⛰️,,,,,,,,,,,,,,,,,,,,,,,,,,,,🟫,🟫,,,,,,,,,,,,,,,,,,🟫,,,,,,,,,,,,,,⛰️,⛰️,,,,,,,,,,,,,,,,,,,,,,,,,,,,,,🟫,🟫,,,,,,,,,,,,,,,,,,🟫,,,,,,,,,,,,,,⛰️,⛰️,,,,,,,,,,,,,,,,,,,,,,,,,,,,,,🟫,🟫,,,,,,,,,,,,,,,,,,🟫,,,,,,,,,,,⛰️,⛰️,⛰️,⛰️
⛰️,⛰️,⛰️,⛰️,,,,,,,,,,,,,,,,,,,,,,,,,,,🟫,🟫,,,,,,,,,,,,,,,,,,🟫,,,,,,,,,,,,,,⛰️,⛰️,,,,,,,,,,,,,,,,,,,,,,,,,,,,,,🟫,🟫,,,,,,,,,,,,,,,,,,🟫,,,,,,,,,,,,,,⛰️,⛰️,,,,,,,,,,,,,,,,,,,,,,,,,,,,,,🟫,🟫,,,,,,,,,,,,,,,,,,🟫,,,,,,,,,,,⛰️,⛰️,⛰️,⛰️
⛰️,⛰️,⛰️,⛰️,⛰️,,,,,,,,,,,,,,,,,,,,,,,,,,🟫,🟫,,,,,,,,,,,,,,,,,,🟫,,,,,,,,,,,,,,⛰️,⛰️,,,,,,,,,,,,,,,,,,,,,,,,,,,,,,🟫,🟫,,,,,,,,,,,,,,,,,,🟫,,,,,,,,,,,,,,⛰️,⛰️,,,,,,,,,,,,,,,,,,,,,,,,,,,,,,🟫,🟫,,,,,,,,,,,,,,,,,,🟫,,,,,,,,,,⛰️,⛰️,⛰️,⛰️,⛰️
⛰️,⛰️,⛰️,,,,,,,,,,,,,,,,,,,,,,,,,,,,🟫,🟫,,,,,,,,,,,,,,,,,,🟫,,,,,,,,,,,,,,⛰️,⛰️,,,,,,,,,,,,,,,,,,,,,,,,,,,,,,🟫,🟫,,,,,,,,,,,,,,,,,,🟫,,,,,,,,,,,,,,⛰️,⛰️,,,,,,,,,,,,,,,,,,,,,,,,,,,,,,🟫,🟫,,,,,,,,,,,,,,,,,,🟫,,,,,,,,,,⛰️,⛰️,⛰️,⛰️,⛰️
⛰️,⛰️,⛰️,⛰️,⛰️,,,,,,,,,,,,,,,,,,,,,,,,,,🟫,🟫,,,,,,,,,,,,,,,,,,🟫,,,,,,,,,,,,,,⛰️,⛰️,,,,,,,,,,,,,,,,,,,,,,,,,,,,,,🟫,🟫,,,,,,,,,,,,,,,,,,🟫,,,,,,,,,,,,,,⛰️,⛰️,,,,,,,,,,,,,,,,,,,,,,,,,,,,,,🟫,🟫,,,,,,,,,,,,,,,,,,🟫,,,,,,,,,,,⛰️,⛰️,⛰️,⛰️
⛰️,⛰️,⛰️,⛰️,,,,,,,,,,,,,,,,,,,,,,,,,,,🟫,🟫,🟫,🟫,🟫,🟫,🟫,🟫,🟫,🟫,🟫,🟫,🟫,🟫,🟫,🟫,🟫,🟫,🟫,🟫,,,,,,,,,,,,,,⛰️,⛰️,,,,,,,,,,,,,,,,,,,,,,,,,,,,,,🟫,🟫,🟫,🟫,🟫,🟫,🟫,🟫,🟫,🟫,🟫,🟫,🟫,🟫,🟫,🟫,🟫,🟫,🟫,🟫,,,,,,,,,,,,,,⛰️,⛰️,,,,,,,,,,,,,,,,,,,,,,,,,,,,,,🟫,🟫,🟫,🟫,🟫,🟫,🟫,🟫,🟫,🟫,🟫,🟫,🟫,🟫,🟫,🟫,🟫,🟫,🟫,🟫,,,,,,,,,,,⛰️,⛰️,⛰️,⛰️
⛰️,⛰️,⛰️,,,,,,,,,,,,,,,,,,,,,,,,,,,,🌊,🌊,,,,,,,,,,,,,,,,,,,,,,,,,,,,,,,,⛰️,⛰️,,,,,,,,,,,,,,,,,,,,,,,,,,,,,,🌊,🌊,,,,,,,,,,,,,,,,,,,,,,,,,,,,,,,,⛰️,⛰️,,,,,,,,,,,,,,,,,,,,,,,,,,,,,,🌊,🌊,,,,,,,,,,,,,,,,,,,,,,,,,,,,⛰️,⛰️,⛰️,⛰️,⛰️
⛰️,⛰️,⛰️,⛰️,,,,,,,,,,,,,,,,,,,,,,,,,,,🌊,🌊,,,,,,,,,,,,,,,,,,,,,,,,,,,,,,,,⛰️,⛰️,,,,,,,,,,,,,,,,,,,,,,,,,,,,,,🌊,🌊,,,,,,,,,,,,,,,,,,,,,,,,,,,,,,,,⛰️,⛰️,,,,,,,,,,,,,,,,,,,,,,,,,,,,,,🌊,🌊,,,,,,,,,,,,,,,,,,,,,,,,,,,,⛰️,⛰️,⛰️,⛰️,⛰️
⛰️,⛰️,⛰️,,,,,,,,,,,,,,,,,,,,,,,,,,,,🌊,🌊,,,,,,,,,,,,,,,,,,,,,,,,,,,,,,,,⛰️,⛰️,,,,,,,,,,,,,,,,,,,,,,,,,,,,,,🌊,🌊,,,,,,,,,,,,,,,,,,,,,,,,,,,,,,,,⛰️,⛰️,,,,,,,,,,,,,,,,,,,,,,,,,,,,,,🌊,🌊,,,,,,,,,,,,,,,,,,,,,,,,,,,,⛰️,⛰️,⛰️,⛰️,⛰️
⛰️,⛰️,⛰️,⛰️,⛰️,,,,,,,,,,,,,,,,,,,,,,,,,,🌊,🌊,,,,,,,,,,,,,,,,,,,,,,,,,,,,,,,,⛰️,⛰️,,,,,,,,,,,,,,,,,,,,,,,,,,,,,,🌊,🌊,,,,,,,,,,,,,,,,,,,,,,,,,,,,,,,,⛰️,⛰️,,,,,,,,,,,,,,,,,,,,,,,,,,,,,,🌊,🌊,,,,,,,,,,,,,,,,,,,,,,,,,,,,⛰️,⛰️,⛰️,⛰️,⛰️
⛰️,⛰️,⛰️,,,,,,,,,,,,,,,,,,,,,,,,,,,,🌊,🌊,,,,,,,,,,,,,,,,,,,,,,,,,,,,,,,,⛰️,⛰️,,,,,,,,,,,,,,,,,,,,,,,,,,,,,,🌊,🌊,,,,,,,,,,,,,,,,,,,,,,,,,,,,,,,,⛰️,⛰️,,,,,,,,,,,,,,,,,,,,,,,,,,,,,,🌊,🌊,,,,,,,,,,,,,,,,,,,,,,,,,,,,,⛰️,⛰️,⛰️,⛰️
⛰️,🌊,🌊,🌊,🌊,🌊,🌊,🌊,🌊,🌊,🌊,🌊,🌊,🌊,🌊,🌊,🌊,🌊,🌊,🌊,🌊,🌊,🌊,🌊,🌊,🌊,🌊,🌊,🌊,🌊,🌊,🌊,🌊,🌊,🌊,🌊,🌊,🌊,🌊,🌊,🌊,🌊,🌊,🌊,🌊,🌊,🌊,🌊,🌊,🌊,🌊,🌊,🌊,🌊,🌊,🌊,🌊,🌊,🌊,🌊,🌊,🌊,🌊,⛰️,⛰️,🌊,🌊,🌊,🌊,🌊,🌊,🌊,🌊,🌊,🌊,🌊,🌊,🌊,🌊,🌊,🌊,🌊,🌊,🌊,🌊,🌊,🌊,🌊,🌊,🌊,🌊,🌊,🌊,🌊,🌊,🌊,🌊,🌊,🌊,🌊,🌊,🌊,🌊,🌊,🌊,🌊,🌊,🌊,🌊,🌊,🌊,🌊,🌊,🌊,🌊,🌊,🌊,🌊,🌊,🌊,🌊,🌊,🌊,🌊,🌊,🌊,🌊,⛰️,⛰️,🌊,🌊,🌊,🌊,🌊,🌊,🌊,🌊,🌊,🌊,🌊,🌊,🌊,🌊,🌊,🌊,🌊,🌊,🌊,🌊,🌊,🌊,🌊,🌊,🌊,🌊,🌊,🌊,🌊,🌊,🌊,🌊,🌊,🌊,🌊,🌊,🌊,🌊,🌊,🌊,🌊,🌊,🌊,🌊,🌊,🌊,🌊,🌊,🌊,🌊,🌊,🌊,🌊,🌊,🌊,🌊,🌊,🌊,🌊,🌊,🌊,🌊,⛰️
⛰️,🌊,🌊,🌊,🌊,🌊,🌊,🌊,🌊,🌊,🌊,🌊,🌊,🌊,🌊,🌊,🌊,🌊,🌊,🌊,🌊,🌊,🌊,🌊,🌊,🌊,🌊,🌊,🌊,🌊,🌊,🌊,🌊,🌊,🌊,🌊,🌊,🌊,🌊,🌊,🌊,🌊,🌊,🌊,🌊,🌊,🌊,🌊,🌊,🌊,🌊,🌊,🌊,🌊,🌊,🌊,🌊,🌊,🌊,🌊,🌊,🌊,🌊,⛰️,⛰️,🌊,🌊,🌊,🌊,🌊,🌊,🌊,🌊,🌊,🌊,🌊,🌊,🌊,🌊,🌊,🌊,🌊,🌊,🌊,🌊,🌊,🌊,🌊,🌊,🌊,🌊,🌊,🌊,🌊,🌊,🌊,🌊,🌊,🌊,🌊,🌊,🌊,🌊,🌊,🌊,🌊,🌊,🌊,🌊,🌊,🌊,🌊,🌊,🌊,🌊,🌊,🌊,🌊,🌊,🌊,🌊,🌊,🌊,🌊,🌊,🌊,🌊,⛰️,⛰️,🌊,🌊,🌊,🌊,🌊,🌊,🌊,🌊,🌊,🌊,🌊,🌊,🌊,🌊,🌊,🌊,🌊,🌊,🌊,🌊,🌊,🌊,🌊,🌊,🌊,🌊,🌊,🌊,🌊,🌊,🌊,🌊,🌊,🌊,🌊,🌊,🌊,🌊,🌊,🌊,🌊,🌊,🌊,🌊,🌊,🌊,🌊,🌊,🌊,🌊,🌊,🌊,🌊,🌊,🌊,🌊,🌊,🌊,🌊,🌊,🌊,🌊,⛰️
⛰️,🌊,🌊,🌊,🌊,🌊,🌊,🌊,🌊,🌊,🌊,🌊,🌊,🌊,🌊,🌊,🌊,🌊,🌊,🌊,🌊,🌊,🌊,🌊,🌊,🌊,🌊,🌊,🌊,🌊,🌊,🌊,🌊,🌊,🌊,🌊,🌊,🌊,🌊,🌊,🌊,🌊,🌊,🌊,🌊,🌊,🌊,🌊,🌊,🌊,🌊,🌊,🌊,🌊,🌊,🌊,🌊,🌊,🌊,🌊,🌊,🌊,🌊,⛰️,⛰️,🌊,🌊,🌊,🌊,🌊,🌊,🌊,🌊,🌊,🌊,🌊,🌊,🌊,🌊,🌊,🌊,🌊,🌊,🌊,🌊,🌊,🌊,🌊,🌊,🌊,🌊,🌊,🌊,🌊,🌊,🌊,🌊,🌊,🌊,🌊,🌊,🌊,🌊,🌊,🌊,🌊,🌊,🌊,🌊,🌊,🌊,🌊,🌊,🌊,🌊,🌊,🌊,🌊,🌊,🌊,🌊,🌊,🌊,🌊,🌊,🌊,🌊,⛰️,⛰️,🌊,🌊,🌊,🌊,🌊,🌊,🌊,🌊,🌊,🌊,🌊,🌊,🌊,🌊,🌊,🌊,🌊,🌊,🌊,🌊,🌊,🌊,🌊,🌊,🌊,🌊,🌊,🌊,🌊,🌊,🌊,🌊,🌊,🌊,🌊,🌊,🌊,🌊,🌊,🌊,🌊,🌊,🌊,🌊,🌊,🌊,🌊,🌊,🌊,🌊,🌊,🌊,🌊,🌊,🌊,🌊,🌊,🌊,🌊,🌊,🌊,🌊,⛰️
⛰️,🌊,🌊,🌊,🌊,🌊,🌊,🌊,🌊,🌊,🌊,🌊,🌊,🌊,🌊,🌊,🌊,🌊,🌊,🌊,🌊,🌊,🌊,🌊,🌊,🌊,🌊,🌊,🌊,🌊,🌊,🌊,🌊,🌊,🌊,🌊,🌊,🌊,🌊,🌊,🌊,🌊,🌊,🌊,🌊,🌊,🌊,🌊,🌊,🌊,🌊,🌊,🌊,🌊,🌊,🌊,🌊,🌊,🌊,🌊,🌊,🌊,🌊,⛰️,⛰️,🌊,🌊,🌊,🌊,🌊,🌊,🌊,🌊,🌊,🌊,🌊,🌊,🌊,🌊,🌊,🌊,🌊,🌊,🌊,🌊,🌊,🌊,🌊,🌊,🌊,🌊,🌊,🌊,🌊,🌊,🌊,🌊,🌊,🌊,🌊,🌊,🌊,🌊,🌊,🌊,🌊,🌊,🌊,🌊,🌊,🌊,🌊,🌊,🌊,🌊,🌊,🌊,🌊,🌊,🌊,🌊,🌊,🌊,🌊,🌊,🌊,🌊,⛰️,⛰️,🌊,🌊,🌊,🌊,🌊,🌊,🌊,🌊,🌊,🌊,🌊,🌊,🌊,🌊,🌊,🌊,🌊,🌊,🌊,🌊,🌊,🌊,🌊,🌊,🌊,🌊,🌊,🌊,🌊,🌊,🌊,🌊,🌊,🌊,🌊,🌊,🌊,🌊,🌊,🌊,🌊,🌊,🌊,🌊,🌊,🌊,🌊,🌊,🌊,🌊,🌊,🌊,🌊,🌊,🌊,🌊,🌊,🌊,🌊,🌊,🌊,🌊,⛰️
⛰️,🌊,🌊,🌊,🌊,🌊,🌊,🌊,🌊,🌊,🌊,🌊,🌊,🌊,🌊,🌊,🌊,🌊,🌊,🌊,🌊,🌊,🌊,🌊,🌊,🌊,🌊,🌊,🌊,🌊,🌊,🌊,🌊,🌊,🌊,🌊,🌊,🌊,🌊,🌊,🌊,🌊,🌊,🌊,🌊,🌊,🌊,🌊,🌊,🌊,🌊,🌊,🌊,🌊,🌊,🌊,🌊,🌊,🌊,🌊,🌊,🌊,🌊,⛰️,⛰️,🌊,🌊,🌊,🌊,🌊,🌊,🌊,🌊,🌊,🌊,🌊,🌊,🌊,🌊,🌊,🌊,🌊,🌊,🌊,🌊,🌊,🌊,🌊,🌊,🌊,🌊,🌊,🌊,🌊,🌊,🌊,🌊,🌊,🌊,🌊,🌊,🌊,🌊,🌊,🌊,🌊,🌊,🌊,🌊,🌊,🌊,🌊,🌊,🌊,🌊,🌊,🌊,🌊,🌊,🌊,🌊,🌊,🌊,🌊,🌊,🌊,🌊,⛰️,⛰️,🌊,🌊,🌊,🌊,🌊,🌊,🌊,🌊,🌊,🌊,🌊,🌊,🌊,🌊,🌊,🌊,🌊,🌊,🌊,🌊,🌊,🌊,🌊,🌊,🌊,🌊,🌊,🌊,🌊,🌊,🌊,🌊,🌊,🌊,🌊,🌊,🌊,🌊,🌊,🌊,🌊,🌊,🌊,🌊,🌊,🌊,🌊,🌊,🌊,🌊,🌊,🌊,🌊,🌊,🌊,🌊,🌊,🌊,🌊,🌊,🌊,🌊,⛰️
⛰️,🌊,🌊,🌊,🌊,🌊,🌊,🌊,🌊,🌊,🌊,🌊,🌊,🌊,🌊,🌊,🌊,🌊,🌊,🌊,🌊,🌊,🌊,🌊,🌊,🌊,🌊,🌊,🌊,🌊,🌊,🌊,🌊,🌊,🌊,🌊,🌊,🌊,🌊,🌊,🌊,🌊,🌊,🌊,🌊,🌊,🌊,🌊,🌊,🌊,🌊,🌊,🌊,🌊,🌊,🌊,🌊,🌊,🌊,🌊,🌊,🌊,🌊,⛰️,⛰️,🌊,🌊,🌊,🌊,🌊,🌊,🌊,🌊,🌊,🌊,🌊,🌊,🌊,🌊,🌊,🌊,🌊,🌊,🌊,🌊,🌊,🌊,🌊,🌊,🌊,🌊,🌊,🌊,🌊,🌊,🌊,🌊,🌊,🌊,🌊,🌊,🌊,🌊,🌊,🌊,🌊,🌊,🌊,🌊,🌊,🌊,🌊,🌊,🌊,🌊,🌊,🌊,🌊,🌊,🌊,🌊,🌊,🌊,🌊,🌊,🌊,🌊,⛰️,⛰️,🌊,🌊,🌊,🌊,🌊,🌊,🌊,🌊,🌊,🌊,🌊,🌊,🌊,🌊,🌊,🌊,🌊,🌊,🌊,🌊,🌊,🌊,🌊,🌊,🌊,🌊,🌊,🌊,🌊,🌊,🌊,🌊,🌊,🌊,🌊,🌊,🌊,🌊,🌊,🌊,🌊,🌊,🌊,🌊,🌊,🌊,🌊,🌊,🌊,🌊,🌊,🌊,🌊,🌊,🌊,🌊,🌊,🌊,🌊,🌊,🌊,🌊,⛰️
⛰️,🌊,🌊,🌊,🌊,🌊,🌊,🌊,🌊,🌊,🌊,🌊,🌊,🌊,🌊,🌊,🌊,🌊,🌊,🌊,🌊,🌊,🌊,🌊,🌊,🌊,🌊,🌊,🌊,🌊,🌊,🌊,🌊,🌊,🌊,🌊,🌊,🌊,🌊,🌊,🌊,🌊,🌊,🌊,🌊,🌊,🌊,🌊,🌊,🌊,🌊,🌊,🌊,🌊,🌊,🌊,🌊,🌊,🌊,🌊,🌊,🌊,🌊,⛰️,⛰️,🌊,🌊,🌊,🌊,🌊,🌊,🌊,🌊,🌊,🌊,🌊,🌊,🌊,🌊,🌊,🌊,🌊,🌊,🌊,🌊,🌊,🌊,🌊,🌊,🌊,🌊,🌊,🌊,🌊,🌊,🌊,🌊,🌊,🌊,🌊,🌊,🌊,🌊,🌊,🌊,🌊,🌊,🌊,🌊,🌊,🌊,🌊,🌊,🌊,🌊,🌊,🌊,🌊,🌊,🌊,🌊,🌊,🌊,🌊,🌊,🌊,🌊,⛰️,⛰️,🌊,🌊,🌊,🌊,🌊,🌊,🌊,🌊,🌊,🌊,🌊,🌊,🌊,🌊,🌊,🌊,🌊,🌊,🌊,🌊,🌊,🌊,🌊,🌊,🌊,🌊,🌊,🌊,🌊,🌊,🌊,🌊,🌊,🌊,🌊,🌊,🌊,🌊,🌊,🌊,🌊,🌊,🌊,🌊,🌊,🌊,🌊,🌊,🌊,🌊,🌊,🌊,🌊,🌊,🌊,🌊,🌊,🌊,🌊,🌊,🌊,🌊,⛰️
⛰️,🌊,🌊,🌊,🌊,🌊,🌊,🌊,🌊,🌊,🌊,🌊,🌊,🌊,🌊,🌊,🌊,🌊,🌊,🌊,🌊,🌊,🌊,🌊,🌊,🌊,🌊,🌊,🌊,🌊,🌊,🌊,🌊,🌊,🌊,🌊,🌊,🌊,🌊,🌊,🌊,🌊,🌊,🌊,🌊,🌊,🌊,🌊,🌊,🌊,🌊,🌊,🌊,🌊,🌊,🌊,🌊,🌊,🌊,🌊,🌊,🌊,🌊,⛰️,⛰️,🌊,🌊,🌊,🌊,🌊,🌊,🌊,🌊,🌊,🌊,🌊,🌊,🌊,🌊,🌊,🌊,🌊,🌊,🌊,🌊,🌊,🌊,🌊,🌊,🌊,🌊,🌊,🌊,🌊,🌊,🌊,🌊,🌊,🌊,🌊,🌊,🌊,🌊,🌊,🌊,🌊,🌊,🌊,🌊,🌊,🌊,🌊,🌊,🌊,🌊,🌊,🌊,🌊,🌊,🌊,🌊,🌊,🌊,🌊,🌊,🌊,🌊,⛰️,⛰️,🌊,🌊,🌊,🌊,🌊,🌊,🌊,🌊,🌊,🌊,🌊,🌊,🌊,🌊,🌊,🌊,🌊,🌊,🌊,🌊,🌊,🌊,🌊,🌊,🌊,🌊,🌊,🌊,🌊,🌊,🌊,🌊,🌊,🌊,🌊,🌊,🌊,🌊,🌊,🌊,🌊,🌊,🌊,🌊,🌊,🌊,🌊,🌊,🌊,🌊,🌊,🌊,🌊,🌊,🌊,🌊,🌊,🌊,🌊,🌊,🌊,🌊,⛰️
⛰️,🌊,🌊,🌊,🌊,🌊,🌊,🌊,🌊,🌊,🌊,🌊,🌊,🌊,🌊,🌊,🌊,🌊,🌊,🌊,🌊,🌊,🌊,🌊,🌊,🌊,🌊,🌊,🌊,🌊,🌊,🌊,🌊,🌊,🌊,🌊,🌊,🌊,🌊,🌊,🌊,🌊,🌊,🌊,🌊,🌊,🌊,🌊,🌊,🌊,🌊,🌊,🌊,🌊,🌊,🌊,🌊,🌊,🌊,🌊,🌊,🌊,🌊,⛰️,⛰️,🌊,🌊,🌊,🌊,🌊,🌊,🌊,🌊,🌊,🌊,🌊,🌊,🌊,🌊,🌊,🌊,🌊,🌊,🌊,🌊,🌊,🌊,🌊,🌊,🌊,🌊,🌊,🌊,🌊,🌊,🌊,🌊,🌊,🌊,🌊,🌊,🌊,🌊,🌊,🌊,🌊,🌊,🌊,🌊,🌊,🌊,🌊,🌊,🌊,🌊,🌊,🌊,🌊,🌊,🌊,🌊,🌊,🌊,🌊,🌊,🌊,🌊,⛰️,⛰️,🌊,🌊,🌊,🌊,🌊,🌊,🌊,🌊,🌊,🌊,🌊,🌊,🌊,🌊,🌊,🌊,🌊,🌊,🌊,🌊,🌊,🌊,🌊,🌊,🌊,🌊,🌊,🌊,🌊,🌊,🌊,🌊,🌊,🌊,🌊,🌊,🌊,🌊,🌊,🌊,🌊,🌊,🌊,🌊,🌊,🌊,🌊,🌊,🌊,🌊,🌊,🌊,🌊,🌊,🌊,🌊,🌊,🌊,🌊,🌊,🌊,🌊,⛰️
⛰️,🌊,🌊,🌊,🌊,🌊,🌊,🌊,🌊,🌊,🌊,🌊,🌊,🌊,🌊,🌊,🌊,🌊,🌊,🌊,🌊,🌊,🌊,🌊,🌊,🌊,🌊,🌊,🌊,🌊,🌊,🌊,🌊,🌊,🌊,🌊,🌊,🌊,🌊,🌊,🌊,🌊,🌊,🌊,🌊,🌊,🌊,🌊,🌊,🌊,🌊,🌊,🌊,🌊,🌊,🌊,🌊,🌊,🌊,🌊,🌊,🌊,🌊,⛰️,⛰️,🌊,🌊,🌊,🌊,🌊,🌊,🌊,🌊,🌊,🌊,🌊,🌊,🌊,🌊,🌊,🌊,🌊,🌊,🌊,🌊,🌊,🌊,🌊,🌊,🌊,🌊,🌊,🌊,🌊,🌊,🌊,🌊,🌊,🌊,🌊,🌊,🌊,🌊,🌊,🌊,🌊,🌊,🌊,🌊,🌊,🌊,🌊,🌊,🌊,🌊,🌊,🌊,🌊,🌊,🌊,🌊,🌊,🌊,🌊,🌊,🌊,🌊,⛰️,⛰️,🌊,🌊,🌊,🌊,🌊,🌊,🌊,🌊,🌊,🌊,🌊,🌊,🌊,🌊,🌊,🌊,🌊,🌊,🌊,🌊,🌊,🌊,🌊,🌊,🌊,🌊,🌊,🌊,🌊,🌊,🌊,🌊,🌊,🌊,🌊,🌊,🌊,🌊,🌊,🌊,🌊,🌊,🌊,🌊,🌊,🌊,🌊,🌊,🌊,🌊,🌊,🌊,🌊,🌊,🌊,🌊,🌊,🌊,🌊,🌊,🌊,🌊,⛰️
⛰️,🌊,🌊,🌊,🌊,🌊,🌊,🌊,🌊,🌊,🌊,🌊,🌊,🌊,🌊,🌊,🌊,🌊,🌊,🌊,🌊,🌊,🌊,🌊,🌊,🌊,🌊,🌊,🌊,🌊,🌊,🌊,🌊,🌊,🌊,🌊,🌊,🌊,🌊,🌊,🌊,🌊,🌊,🌊,🌊,🌊,🌊,🌊,🌊,🌊,🌊,🌊,🌊,🌊,🌊,🌊,🌊,🌊,🌊,🌊,🌊,🌊,🌊,⛰️,⛰️,🌊,🌊,🌊,🌊,🌊,🌊,🌊,🌊,🌊,🌊,🌊,🌊,🌊,🌊,🌊,🌊,🌊,🌊,🌊,🌊,🌊,🌊,🌊,🌊,🌊,🌊,🌊,🌊,🌊,🌊,🌊,🌊,🌊,🌊,🌊,🌊,🌊,🌊,🌊,🌊,🌊,🌊,🌊,🌊,🌊,🌊,🌊,🌊,🌊,🌊,🌊,🌊,🌊,🌊,🌊,🌊,🌊,🌊,🌊,🌊,🌊,🌊,⛰️,⛰️,🌊,🌊,🌊,🌊,🌊,🌊,🌊,🌊,🌊,🌊,🌊,🌊,🌊,🌊,🌊,🌊,🌊,🌊,🌊,🌊,🌊,🌊,🌊,🌊,🌊,🌊,🌊,🌊,🌊,🌊,🌊,🌊,🌊,🌊,🌊,🌊,🌊,🌊,🌊,🌊,🌊,🌊,🌊,🌊,🌊,🌊,🌊,🌊,🌊,🌊,🌊,🌊,🌊,🌊,🌊,🌊,🌊,🌊,🌊,🌊,🌊,🌊,⛰️
⛰️,⛰️,⛰️,⛰️,⛰️,⛰️,⛰️,⛰️,⛰️,⛰️,⛰️,⛰️,⛰️,⛰️,⛰️,⛰️,⛰️,⛰️,⛰️,⛰️,⛰️,⛰️,⛰️,⛰️,⛰️,⛰️,⛰️,⛰️,⛰️,⛰️,⛰️,⛰️,⛰️,⛰️,⛰️,⛰️,⛰️,⛰️,⛰️,⛰️,⛰️,⛰️,⛰️,⛰️,⛰️,⛰️,⛰️,⛰️,⛰️,⛰️,⛰️,⛰️,⛰️,⛰️,⛰️,⛰️,⛰️,⛰️,⛰️,⛰️,⛰️,⛰️,⛰️,⛰️,⛰️,⛰️,⛰️,⛰️,⛰️,⛰️,⛰️,⛰️,⛰️,⛰️,⛰️,⛰️,⛰️,⛰️,⛰️,⛰️,⛰️,⛰️,⛰️,⛰️,⛰️,⛰️,⛰️,⛰️,⛰️,⛰️,⛰️,⛰️,⛰️,⛰️,⛰️,⛰️,⛰️,⛰️,⛰️,⛰️,⛰️,⛰️,⛰️,⛰️,⛰️,⛰️,⛰️,⛰️,⛰️,⛰️,⛰️,⛰️,⛰️,⛰️,⛰️,⛰️,⛰️,⛰️,⛰️,⛰️,⛰️,⛰️,⛰️,⛰️,⛰️,⛰️,⛰️,⛰️,⛰️,⛰️,⛰️,⛰️,⛰️,⛰️,⛰️,⛰️,⛰️,⛰️,⛰️,⛰️,⛰️,⛰️,⛰️,⛰️,⛰️,⛰️,⛰️,⛰️,⛰️,⛰️,⛰️,⛰️,⛰️,⛰️,⛰️,⛰️,⛰️,⛰️,⛰️,⛰️,⛰️,⛰️,⛰️,⛰️,⛰️,⛰️,⛰️,⛰️,⛰️,⛰️,⛰️,⛰️,⛰️,⛰️,⛰️,⛰️,⛰️,⛰️,⛰️,⛰️,⛰️,⛰️,⛰️,⛰️,⛰️,⛰️,⛰️,⛰️,⛰️,⛰️,⛰️,⛰️
⛰️,⛰️,⛰️,⛰️,⛰️,⛰️,⛰️,⛰️,🟫,⛰️,⛰️,⛰️,⛰️,⛰️,⛰️,⛰️,⛰️,⛰️,⛰️,⛰️,⛰️,⛰️,⛰️,⛰️,⛰️,⛰️,⛰️,⛰️,⛰️,⛰️,⛰️,⛰️,⛰️,⛰️,⛰️,⛰️,⛰️,⛰️,⛰️,⛰️,⛰️,⛰️,⛰️,⛰️,⛰️,⛰️,⛰️,⛰️,⛰️,⛰️,⛰️,⛰️,⛰️,⛰️,⛰️,⛰️,⛰️,⛰️,⛰️,⛰️,⛰️,⛰️,⛰️,⛰️,⛰️,⛰️,⛰️,⛰️,⛰️,⛰️,⛰️,⛰️,🟫,⛰️,⛰️,⛰️,⛰️,⛰️,⛰️,⛰️,⛰️,⛰️,⛰️,⛰️,⛰️,⛰️,⛰️,⛰️,⛰️,⛰️,⛰️,⛰️,⛰️,⛰️,⛰️,⛰️,⛰️,⛰️,⛰️,⛰️,⛰️,⛰️,⛰️,⛰️,⛰️,⛰️,⛰️,⛰️,⛰️,⛰️,⛰️,⛰️,⛰️,⛰️,⛰️,⛰️,⛰️,⛰️,⛰️,⛰️,⛰️,⛰️,⛰️,⛰️,⛰️,⛰️,⛰️,⛰️,⛰️,⛰️,⛰️,⛰️,⛰️,⛰️,⛰️,⛰️,🟫,⛰️,⛰️,⛰️,⛰️,⛰️,⛰️,⛰️,⛰️,⛰️,⛰️,⛰️,⛰️,⛰️,⛰️,⛰️,⛰️,⛰️,⛰️,⛰️,⛰️,⛰️,⛰️,⛰️,⛰️,⛰️,⛰️,⛰️,⛰️,⛰️,⛰️,⛰️,⛰️,⛰️,⛰️,⛰️,⛰️,⛰️,⛰️,⛰️,⛰️,⛰️,⛰️,⛰️,⛰️,⛰️,⛰️,⛰️,⛰️,⛰️,⛰️,⛰️,⛰️,⛰️,⛰️,⛰️
⛰️,⛰️,⛰️,⛰️,⛰️,,,,🟫,,,,,,,,,,,,,,,,,,,,,,,,,,,,,,,,,,,,,,,,,,,,,,,,,,,,,,,⛰️,⛰️,,,,,,,,🟫,,,,,,,,,,,,,,,,,,,,,,,,,,,,,,,,,,,,,,,,,,,,,,,,,,,,,,,⛰️,⛰️,,,,,,,,🟫,,,,,,,,,,,,,,,,,,,,,,,,,,,,,,,,,,,,,,,,,,,,,,,,,,,⛰️,⛰️,⛰️,⛰️,⛰️
⛰️,⛰️,🧱,🧱,🧱,🧱,🧱,🧱,🟫,🧱,🧱,🧱,🧱,🧱,🧱,,,,,,,,,,,,,,,,,,,,,,,,,,,,,,,,,,,,🪨,🪨,🪨,🪨,🪨,🪨,🪨,🪨,🪨,🪨,🪨,🪨,🪨,⛰️,⛰️,,🧱,🧱,🧱,🧱,🧱,🧱,🟫,🧱,🧱,🧱,🧱,🧱,🧱,,,,,,,,,,,,,,,,,,,,,,,,,,,,,,,,,,,,🪨,🪨,🪨,🪨,🪨,🪨,🪨,🪨,🪨,🪨,🪨,🪨,🪨,⛰️,⛰️,,🧱,🧱,🧱,🧱,🧱,🧱,🟫,🧱,🧱,🧱,🧱,🧱,🧱,,,,,,,,,,,,,,,,,,,,,,,,,,,,,,,,,,,,🪨,🪨,🪨,🪨,🪨,🪨,🪨,🪨,🪨,🪨,🪨,🪨,🪨,⛰️
⛰️,⛰️,🧱,🏡,,,🏘️,,🟫,🏘️,,,🏚️,,🧱,,,,,,,,,,,,,,,,,,,,,,,,,,,,,,,,,,,,🪨,,,,,,,,,,,,🪨,⛰️,⛰️,,🧱,🏡,,,🏘️,,🟫,🏘️,,,🏚️,,🧱,,,,,,,,,,,,,,,,,,,,,,,,,,,,,,,,,,,,🪨,,,,,,,,,,,,🪨,⛰️,⛰️,,🧱,🏡,,,🏘️,,🟫,🏘️,,,🏚️,,🧱,,,,,,,,,,,,,,,,,,,,,,,,,,,,,,,,,,,,🪨,,,,,,,,,⛰️,⛰️,⛰️,🪨,⛰️
⛰️,⛰️,🧱,⛰️,,🏚️,,,🟫,,,🏘️,,,🧱,,,,,,,,,,,,,,,,,,,,,,,,,,,,,,,,,,,,🪨,,,,,,,,,,,,🪨,⛰️,⛰️,,🧱,,,🏚️,,,🟫,,,🏘️,,,🧱,,,,,,,,,,,,,,,,,,,,,,,,,,,,,,,,,,,,🪨,,,,,,,,,,,,🪨,⛰️,⛰️,,🧱,,,🏚️,,,🟫,,,🏘️,,,🧱,,,,,,,,,,,,,,,,,,,,,,,,,,,,,,,,,,,,🪨,,,,,,,,,,,⛰️,🪨,⛰️
⛰️,⛰️,🧱,⛰️,🏘️,,,🏚️,🟫,,🏘️,,,🏡,🧱,,,,,,,,,,,,,,,,,,,,,,,,,,,,,,,,,,,,🪨,,,,,,,,,,,,🪨,⛰️,⛰️,,🧱,,🏘️,,,🏚️,🟫,,🏘️,,,🏡,🧱,,,,,,,,,,,,,,,,,,,,,,,,,,,,,,,,,,,,🪨,,,,,,,,,,,,🪨,⛰️,⛰️,,🧱,,🏘️,,,🏚️,🟫,,🏘️,,,🏡,🧱,,,,,,,,,,,,,,,,,,,,,,,,,,,,,,,,,,,,🪨,,,,,,,,,,,⛰️,🪨,⛰️
⛰️,⛰️,🧱,🏡,⛰️,,🏚️,,🟫,🏡,,,🏠,,🧱,,,,,,,,,,,,,,,,,,,,,,,,,,,,,,,,,,,,🪨,,,,,,💀,,,,,,🪨,⛰️,⛰️,,🧱,🏡,,,🏚️,,🟫,🏡,,,🏠,,🧱,,,,,,,,,,,,,,,,,,,,,,,,,,,,,,,,,,,,🪨,,,,,,💀,,,,,,🪨,⛰️,⛰️,,🧱,🏡,,,🏚️,,🟫,🏡,,,🏠,,🧱,,,,,,,,,,,,,,,,,,,,,,,,,,,,,,,,,,,,🪨,,,,,,💀,,,⛰️,⛰️,⛰️,🪨,⛰️
⛰️,⛰️,🧱,⛰️,,🏘️,,,🟫,,,🏡,,,🧱,,,,,,,,,,,,,,,,,,,,,,,,,,,,,,,,,,,,🪨,,,,,,,,,,,,🪨,⛰️,⛰️,,🧱,,,🏘️,,,🟫,,,🏡,,,🧱,,,,,,,,,,,,,,,,,,,,,,,,,,,,,,,,,,,,🪨,,,,,,,,,,,,🪨,⛰️,⛰️,,🧱,,,🏘️,,,🟫,,,🏡,,,🧱,,,,,,,,,,,,,,,,,,,,,,,,,,,,,,,,,,,,🪨,,,,,,,,,,⛰️,⛰️,🪨,⛰️
⛰️,⛰️,🧱,⛰️,🏠,,,🏚️,🟫,,🏘️,,,🏘️,🧱,🟫,🟫,🟫,🟫,🟫,🟫,🟫,🟫,🟫,🟫,🟫,🟫,🟫,🟫,🟫,🟫,🟫,🟫,🟫,🟫,🟫,🟫,🟫,🟫,🟫,🟫,🟫,🟫,🟫,🟫,🟫,🟫,🟫,🟫,🟫,🪨,,,,,,,,,,,,🪨,⛰️,⛰️,,🧱,,🏠,,,🏚️,🟫,,🏘️,,,🏘️,🧱,🟫,🟫,🟫,🟫,🟫,🟫,🟫,🟫,🟫,🟫,🟫,🟫,🟫,🟫,🟫,🟫,🟫,🟫,🟫,🟫,🟫,🟫,🟫,🟫,🟫,🟫,🟫,🟫,🟫,🟫,🟫,🟫,🟫,🟫,🟫,🪨,,,,,,,,,,,,🪨,⛰️,⛰️,,🧱,,🏠,,,🏚️,🟫,,🏘️,,,🏘️,🧱,🟫,🟫,🟫,🟫,🟫,🟫,🟫,🟫,🟫,🟫,🟫,🟫,🟫,🟫,🟫,🟫,🟫,🟫,🟫,🟫,🟫,🟫,🟫,🟫,🟫,🟫,🟫,🟫,🟫,🟫,🟫,🟫,🟫,🟫,🟫,🪨,,,,,,,,,,⛰️,⛰️,🪨,⛰️
⛰️,⛰️,🧱,🏡,,,🏡,,🟫,🏚️,,,🏘️,,🧱,,,,,,,,,,,,,,,,🟫,🟫,,,,,,,,,,,,,,,,,,,🪨,,,,,,,,,,,,🪨,⛰️,⛰️,,🧱,🏡,,,🏡,,🟫,🏚️,,,🏘️,,🧱,,,,,,,,,,,,,,,,🟫,🟫,,,,,,,,,,,,,,,,,,,🪨,,,,,,,,,,,,🪨,⛰️,⛰️,,🧱,🏡,,,🏡,,🟫,🏚️,,,🏘️,,🧱,,,,,,,,,,,,,,,,🟫,🟫,,,,,,,,,,,,,,,,,,,🪨,,,,,,,,,⛰️,⛰️,⛰️,🪨,⛰️
⛰️,⛰️,🧱,🧱,🧱,🧱,🧱,🧱,🟫,🧱,🧱,🧱,🧱,🧱,🧱,,,,,,,,,,,,,,,,🟫,🟫,,,,,,,,,,,,,,,,,,,🪨,🪨,🪨,🪨,🪨,🪨,🪨,🪨,🪨,🪨,🪨,🪨,🪨,⛰️,⛰️,,🧱,🧱,🧱,🧱,🧱,🧱,🟫,🧱,🧱,🧱,🧱,🧱,🧱,,,,,,,,,,,,,,,,🟫,🟫,,,,,,,,,,,,,,,,,,,🪨,🪨,🪨,🪨,🪨,🪨,🪨,🪨,🪨,🪨,🪨,🪨,🪨,⛰️,⛰️,,🧱,🧱,🧱,🧱,🧱,🧱,🟫,🧱,🧱,🧱,🧱,🧱,🧱,,,,,,,,,,,,,,,,🟫,🟫,,,,,,,,,,,,,,,,,,,🪨,🪨,🪨,🪨,🪨,🪨,🪨,🪨,🪨,🪨,🪨,🪨,🪨,⛰️
⛰️,⛰️,⛰️,⛰️,⛰️,,,,,,,,,,,,,,,,,,,,,,,,,,🟫,🟫,,,,,,,,,,,,,,,,,,,,,,,,,,,,,,,,⛰️,⛰️,,,,,,,,,,,,,,,,,,,,,,,,,,,,,,🟫,🟫,,,,,,,,,,,,,,,,,,,,,,,,,,,,,,,,⛰️,⛰️,,,,,,,,,,,,,,,,,,,,,,,,,,,,,,🟫,🟫,,,,,,,,,,,,,,,,,,,,,,,,,,,,,,⛰️,⛰️,⛰️
⛰️,⛰️,⛰️,⛰️,⛰️,,,,,,,,,,,,,,,,,,,,,,,,,,🟫,🟫,,,,,,,,,,,,,,,,,,🟫,,,,,,,,,,,,,,⛰️,⛰️,,,,,,,,,,,,,,,,,,,,,,,,,,,,,,🟫,🟫,,,,,,,,,,,,,,,,,,🟫,,,,,,,,,,,,,,⛰️,⛰️,,,,,,,,,,,,,,,,,,,,,,,,,,,,,,🟫,🟫,,,,,,,,,,,,,,,,,,🟫,,,,,,,,,,⛰️,⛰️,⛰️,⛰️,⛰️
⛰️,⛰️,⛰️,⛰️,,,,,,,,,,,,,,,,,,,,,,,,,,,🟫,🟫,,,,,,,,,,,,,,,,,,🟫,,,,,,,,,,,,,,⛰️,⛰️,,,,,,,,,,,,,,,,,,,,,,,,,,,,,,🟫,🟫,,,,,,,,,,,,,,,,,,🟫,,,,,,,,,,,,,,⛰️,⛰️,,,,,,,,,,,,,,,,,,,,,,,,,,,,,,🟫,🟫,,,,,,,,,,,,,,,,,,🟫,,,,,,,,,,⛰️,⛰️,⛰️,⛰️,⛰️
⛰️,⛰️,⛰️,⛰️,⛰️,,,,,,,,,,,,,,,,,,,,,,,,,,🟫,🟫,,,,,,,,,,,,,,,,,,🟫,,,,,,,,,,,,,,⛰️,⛰️,,,,,,,,,,,,,,,,,,,,,,,,,,,,,,🟫,🟫,,,,,,,,,,,,,,,,,,🟫,,,,,,,,,,,,,,⛰️,⛰️,,,,,,,,,,,,,,,,,,,,,,,,,,,,,,🟫,🟫,,,,,,,,,,,,,,,,,,🟫,,,,,,,,,,,⛰️,⛰️,⛰️,⛰️
⛰️,⛰️,⛰️,,,,,,,,,,,,,,,,,,,,,,,,,,,,🟫,🟫,,,,,,,,,,,,,,,,,,🟫,,,,,,,,,,,,,,⛰️,⛰️,,,,,,,,,,,,,,,,,,,,,,,,,,,,,,🟫,🟫,,,,,,,,,,,,,,,,,,🟫,,,,,,,,,,,,,,⛰️,⛰️,,,,,,,,,,,,,,,,,,,,,,,,,,,,,,🟫,🟫,,,,,,,,,,,,,,,,,,🟫,,,,,,,,,,,,⛰️,⛰️,⛰️
⛰️,⛰️,⛰️,,,,,,,,,,,,,,,,,,,,,,,,,,,,🟫,🟫,,,,,,,,,,,,,,,,,,🟫,,,,,,,,,,,,,,⛰️,⛰️,,,,,,,,,,,,,,,,,,,,,,,,,,,,,,🟫,🟫,,,,,,,,,,,,,,,,,,🟫,,,,,,,,,,,,,,⛰️,⛰️,,,,,,,,,,,,,,,,,,,,,,,,,,,,,,🟫,🟫,,,,,,,,,,,,,,,,,,🟫,,,,,,,,,,,⛰️,⛰️,⛰️,⛰️
⛰️,⛰️,⛰️,,,,,,,,,,,,,,,,,,,,,,,,,,,,🟫,🟫,,,,,,,,,,,,,,,,,,🟫,,,,,,,,,,,,,,⛰️,⛰️,,,,,,,,,,,,,,,,,,,,,,,,,,,,,,🟫,🟫,,,,,,,,,,,,,,,,,,🟫,,,,,,,,,,,,,,⛰️,⛰️,,,,,,,,,,,,,,,,,,,,,,,,,,,,,,🟫,🟫,,,,,,,,,,,,,,,,,,🟫,,,,,,,,,,,⛰️,⛰️,⛰️,⛰️
⛰️,⛰️,⛰️,⛰️,,,,,,,,,,,,,,,,,,,,,,,,,,,🟫,🟫,🟫,🟫,🟫,🟫,🟫,🟫,🟫,🟫,🟫,🟫,🟫,🟫,🟫,🟫,🟫,🟫,🟫,🟫,,,,,,,,,,,,,,⛰️,⛰️,,,,,,,,,,,,,,,,,,,,,,,,,,,,,,🟫,🟫,🟫,🟫,🟫,🟫,🟫,🟫,🟫,🟫,🟫,🟫,🟫,🟫,🟫,🟫,🟫,🟫,🟫,🟫,,,,,,,,,,,,,,⛰️,⛰️,,,,,,,,,,,,,,,,,,,,,,,,,,,,,,🟫,🟫,🟫,🟫,🟫,🟫,🟫,🟫,🟫,🟫,🟫,🟫,🟫,🟫,🟫,🟫,🟫,🟫,🟫,🟫,,,,,,,,,,,⛰️,⛰️,⛰️,⛰️
⛰️,⛰️,⛰️,⛰️,⛰️,,,,,,,,,,,,,,,,,,,,,,,,,,🌊,🌊,,,,,,,,,,,,,,,,,,,,,,,,,,,,,,,,⛰️,⛰️,,,,,,,,,,,,,,,,,,,,,,,,,,,,,,🌊,🌊,,,,,,,,,,,,,,,,,,,,,,,,,,,,,,,,⛰️,⛰️,,,,,,,,,,,,,,,,,,,,,,,,,,,,,,🌊,🌊,,,,,,,,,,,,,,,,,,,,,,,,,,,,,,⛰️,⛰️,⛰️
⛰️,⛰️,⛰️,⛰️,⛰️,,,,,,,,,,,,,,,,,,,,,,,,,,🌊,🌊,,,,,,,,,,,,,,,,,,,,,,,,,,,,,,,,⛰️,⛰️,,,,,,,,,,,,,,,,,,,,,,,,,,,,,,🌊,🌊,,,,,,,,,,,,,,,,,,,,,,,,,,,,,,,,⛰️,⛰️,,,,,,,,,,,,,,,,,,,,,,,,,,,,,,🌊,🌊,,,,,,,,,,,,,,,,,,,,,,,,,,,,⛰️,⛰️,⛰️,⛰️,⛰️
⛰️,⛰️,⛰️,⛰️,,,,,,,,,,,,,,,,,,,,,,,,,,,🌊,🌊,,,,,,,,,,,,,,,,,,,,,,,,,,,,,,,,⛰️,⛰️,,,,,,,,,,,,,,,,,,,,,,,,,,,,,,🌊,🌊,,,,,,,,,,,,,,,,,,,,,,,,,,,,,,,,⛰️,⛰️,,,,,,,,,,,,,,,,,,,,,,,,,,,,,,🌊,🌊,,,,,,,,,,,,,,,,,,,,,,,,,,,,,,⛰️,⛰️,⛰️
⛰️,⛰️,⛰️,⛰️,,,,,,,,,,,,,,,,,,,,,,,,,,,🌊,🌊,,,,,,,,,,,,,,,,,,,,,,,,,,,,,,,,⛰️,⛰️,,,,,,,,,,,,,,,,,,,,,,,,,,,,,,🌊,🌊,,,,,,,,,,,,,,,,,,,,,,,,,,,,,,,,⛰️,⛰️,,,,,,,,,,,,,,,,,,,,,,,,,,,,,,🌊,🌊,,,,,,,,,,,,,,,,,,,,,,,,,,,,⛰️,⛰️,⛰️,⛰️,⛰️
⛰️,⛰️,⛰️,⛰️,⛰️,,,,,,,,,,,,,,,,,,,,,,,,,,🌊,🌊,,,,,,,,,,,,,,,,,,,,,,,,,,,,,,,,⛰️,⛰️,,,,,,,,,,,,,,,,,,,,,,,,,,,,,,🌊,🌊,,,,,,,,,,,,,,,,,,,,,,,,,,,,,,,,⛰️,⛰️,,,,,,,,,,,,,,,,,,,,,,,,,,,,,,🌊,🌊,,,,,,,,,,,,,,,,,,,,,,,,,,,,,⛰️,⛰️,⛰️,⛰️
⛰️,🌊,🌊,🌊,🌊,🌊,🌊,🌊,🌊,🌊,🌊,🌊,🌊,🌊,🌊,🌊,🌊,🌊,🌊,🌊,🌊,🌊,🌊,🌊,🌊,🌊,🌊,🌊,🌊,🌊,🌊,🌊,🌊,🌊,🌊,🌊,🌊,🌊,🌊,🌊,🌊,🌊,🌊,🌊,🌊,🌊,🌊,🌊,🌊,🌊,🌊,🌊,🌊,🌊,🌊,🌊,🌊,🌊,🌊,🌊,🌊,🌊,🌊,⛰️,⛰️,🌊,🌊,🌊,🌊,🌊,🌊,🌊,🌊,🌊,🌊,🌊,🌊,🌊,🌊,🌊,🌊,🌊,🌊,🌊,🌊,🌊,🌊,🌊,🌊,🌊,🌊,🌊,🌊,🌊,🌊,🌊,🌊,🌊,🌊,🌊,🌊,🌊,🌊,🌊,🌊,🌊,🌊,🌊,🌊,🌊,🌊,🌊,🌊,🌊,🌊,🌊,🌊,🌊,🌊,🌊,🌊,🌊,🌊,🌊,🌊,🌊,🌊,⛰️,⛰️,🌊,🌊,🌊,🌊,🌊,🌊,🌊,🌊,🌊,🌊,🌊,🌊,🌊,🌊,🌊,🌊,🌊,🌊,🌊,🌊,🌊,🌊,🌊,🌊,🌊,🌊,🌊,🌊,🌊,🌊,🌊,🌊,🌊,🌊,🌊,🌊,🌊,🌊,🌊,🌊,🌊,🌊,🌊,🌊,🌊,🌊,🌊,🌊,🌊,🌊,🌊,🌊,🌊,🌊,🌊,🌊,🌊,🌊,🌊,🌊,🌊,🌊,⛰️
⛰️,🌊,🌊,🌊,🌊,🌊,🌊,🌊,🌊,🌊,🌊,🌊,🌊,🌊,🌊,🌊,🌊,🌊,🌊,🌊,🌊,🌊,🌊,🌊,🌊,🌊,🌊,🌊,🌊,🌊,🌊,🌊,🌊,🌊,🌊,🌊,🌊,🌊,🌊,🌊,🌊,🌊,🌊,🌊,🌊,🌊,🌊,🌊,🌊,🌊,🌊,🌊,🌊,🌊,🌊,🌊,🌊,🌊,🌊,🌊,🌊,🌊,🌊,⛰️,⛰️,🌊,🌊,🌊,🌊,🌊,🌊,🌊,🌊,🌊,🌊,🌊,🌊,🌊,🌊,🌊,🌊,🌊,🌊,🌊,🌊,🌊,🌊,🌊,🌊,🌊,🌊,🌊,🌊,🌊,🌊,🌊,🌊,🌊,🌊,🌊,🌊,🌊,🌊,🌊,🌊,🌊,🌊,🌊,🌊,🌊,🌊,🌊,🌊,🌊,🌊,🌊,🌊,🌊,🌊,🌊,🌊,🌊,🌊,🌊,🌊,🌊,🌊,⛰️,⛰️,🌊,🌊,🌊,🌊,🌊,🌊,🌊,🌊,🌊,🌊,🌊,🌊,🌊,🌊,🌊,🌊,🌊,🌊,🌊,🌊,🌊,🌊,🌊,🌊,🌊,🌊,🌊,🌊,🌊,🌊,🌊,🌊,🌊,🌊,🌊,🌊,🌊,🌊,🌊,🌊,🌊,🌊,🌊,🌊,🌊,🌊,🌊,🌊,🌊,🌊,🌊,🌊,🌊,🌊,🌊,🌊,🌊,🌊,🌊,🌊,🌊,🌊,⛰️
⛰️,🌊,🌊,🌊,🌊,🌊,🌊,🌊,🌊,🌊,🌊,🌊,🌊,🌊,🌊,🌊,🌊,🌊,🌊,🌊,🌊,🌊,🌊,🌊,🌊,🌊,🌊,🌊,🌊,🌊,🌊,🌊,🌊,🌊,🌊,🌊,🌊,🌊,🌊,🌊,🌊,🌊,🌊,🌊,🌊,🌊,🌊,🌊,🌊,🌊,🌊,🌊,🌊,🌊,🌊,🌊,🌊,🌊,🌊,🌊,🌊,🌊,🌊,⛰️,⛰️,🌊,🌊,🌊,🌊,🌊,🌊,🌊,🌊,🌊,🌊,🌊,🌊,🌊,🌊,🌊,🌊,🌊,🌊,🌊,🌊,🌊,🌊,🌊,🌊,🌊,🌊,🌊,🌊,🌊,🌊,🌊,🌊,🌊,🌊,🌊,🌊,🌊,🌊,🌊,🌊,🌊,🌊,🌊,🌊,🌊,🌊,🌊,🌊,🌊,🌊,🌊,🌊,🌊,🌊,🌊,🌊,🌊,🌊,🌊,🌊,🌊,🌊,⛰️,⛰️,🌊,🌊,🌊,🌊,🌊,🌊,🌊,🌊,🌊,🌊,🌊,🌊,🌊,🌊,🌊,🌊,🌊,🌊,🌊,🌊,🌊,🌊,🌊,🌊,🌊,🌊,🌊,🌊,🌊,🌊,🌊,🌊,🌊,🌊,🌊,🌊,🌊,🌊,🌊,🌊,🌊,🌊,🌊,🌊,🌊,🌊,🌊,🌊,🌊,🌊,🌊,🌊,🌊,🌊,🌊,🌊,🌊,🌊,🌊,🌊,🌊,🌊,⛰️
⛰️,🌊,🌊,🌊,🌊,🌊,🌊,🌊,🌊,🌊,🌊,🌊,🌊,🌊,🌊,🌊,🌊,🌊,🌊,🌊,🌊,🌊,🌊,🌊,🌊,🌊,🌊,🌊,🌊,🌊,🌊,🌊,🌊,🌊,🌊,🌊,🌊,🌊,🌊,🌊,🌊,🌊,🌊,🌊,🌊,🌊,🌊,🌊,🌊,🌊,🌊,🌊,🌊,🌊,🌊,🌊,🌊,🌊,🌊,🌊,🌊,🌊,🌊,⛰️,⛰️,🌊,🌊,🌊,🌊,🌊,🌊,🌊,🌊,🌊,🌊,🌊,🌊,🌊,🌊,🌊,🌊,🌊,🌊,🌊,🌊,🌊,🌊,🌊,🌊,🌊,🌊,🌊,🌊,🌊,🌊,🌊,🌊,🌊,🌊,🌊,🌊,🌊,🌊,🌊,🌊,🌊,🌊,🌊,🌊,🌊,🌊,🌊,🌊,🌊,🌊,🌊,🌊,🌊,🌊,🌊,🌊,🌊,🌊,🌊,🌊,🌊,🌊,⛰️,⛰️,🌊,🌊,🌊,🌊,🌊,🌊,🌊,🌊,🌊,🌊,🌊,🌊,🌊,🌊,🌊,🌊,🌊,🌊,🌊,🌊,🌊,🌊,🌊,🌊,🌊,🌊,🌊,🌊,🌊,🌊,🌊,🌊,🌊,🌊,🌊,🌊,🌊,🌊,🌊,🌊,🌊,🌊,🌊,🌊,🌊,🌊,🌊,🌊,🌊,🌊,🌊,🌊,🌊,🌊,🌊,🌊,🌊,🌊,🌊,🌊,🌊,🌊,⛰️
⛰️,🌊,🌊,🌊,🌊,🌊,🌊,🌊,🌊,🌊,🌊,🌊,🌊,🌊,🌊,🌊,🌊,🌊,🌊,🌊,🌊,🌊,🌊,🌊,🌊,🌊,🌊,🌊,🌊,🌊,🌊,🌊,🌊,🌊,🌊,🌊,🌊,🌊,🌊,🌊,🌊,🌊,🌊,🌊,🌊,🌊,🌊,🌊,🌊,🌊,🌊,🌊,🌊,🌊,🌊,🌊,🌊,🌊,🌊,🌊,🌊,🌊,🌊,⛰️,⛰️,🌊,🌊,🌊,🌊,🌊,🌊,🌊,🌊,🌊,🌊,🌊,🌊,🌊,🌊,🌊,🌊,🌊,🌊,🌊,🌊,🌊,🌊,🌊,🌊,🌊,🌊,🌊,🌊,🌊,🌊,🌊,🌊,🌊,🌊,🌊,🌊,🌊,🌊,🌊,🌊,🌊,🌊,🌊,🌊,🌊,🌊,🌊,🌊,🌊,🌊,🌊,🌊,🌊,🌊,🌊,🌊,🌊,🌊,🌊,🌊,🌊,🌊,⛰️,⛰️,🌊,🌊,🌊,🌊,🌊,🌊,🌊,🌊,🌊,🌊,🌊,🌊,🌊,🌊,🌊,🌊,🌊,🌊,🌊,🌊,🌊,🌊,🌊,🌊,🌊,🌊,🌊,🌊,🌊,🌊,🌊,🌊,🌊,🌊,🌊,🌊,🌊,🌊,🌊,🌊,🌊,🌊,🌊,🌊,🌊,🌊,🌊,🌊,🌊,🌊,🌊,🌊,🌊,🌊,🌊,🌊,🌊,🌊,🌊,🌊,🌊,🌊,⛰️
⛰️,🌊,🌊,🌊,🌊,🌊,🌊,🌊,🌊,🌊,🌊,🌊,🌊,🌊,🌊,🌊,🌊,🌊,🌊,🌊,🌊,🌊,🌊,🌊,🌊,🌊,🌊,🌊,🌊,🌊,🌊,🌊,🌊,🌊,🌊,🌊,🌊,🌊,🌊,🌊,🌊,🌊,🌊,🌊,🌊,🌊,🌊,🌊,🌊,🌊,🌊,🌊,🌊,🌊,🌊,🌊,🌊,🌊,🌊,🌊,🌊,🌊,🌊,⛰️,⛰️,🌊,🌊,🌊,🌊,🌊,🌊,🌊,🌊,🌊,🌊,🌊,🌊,🌊,🌊,🌊,🌊,🌊,🌊,🌊,🌊,🌊,🌊,🌊,🌊,🌊,🌊,🌊,🌊,🌊,🌊,🌊,🌊,🌊,🌊,🌊,🌊,🌊,🌊,🌊,🌊,🌊,🌊,🌊,🌊,🌊,🌊,🌊,🌊,🌊,🌊,🌊,🌊,🌊,🌊,🌊,🌊,🌊,🌊,🌊,🌊,🌊,🌊,⛰️,⛰️,🌊,🌊,🌊,🌊,🌊,🌊,🌊,🌊,🌊,🌊,🌊,🌊,🌊,🌊,🌊,🌊,🌊,🌊,🌊,🌊,🌊,🌊,🌊,🌊,🌊,🌊,🌊,🌊,🌊,🌊,🌊,🌊,🌊,🌊,🌊,🌊,🌊,🌊,🌊,🌊,🌊,🌊,🌊,🌊,🌊,🌊,🌊,🌊,🌊,🌊,🌊,🌊,🌊,🌊,🌊,🌊,🌊,🌊,🌊,🌊,🌊,🌊,⛰️
⛰️,🌊,🌊,🌊,🌊,🌊,🌊,🌊,🌊,🌊,🌊,🌊,🌊,🌊,🌊,🌊,🌊,🌊,🌊,🌊,🌊,🌊,🌊,🌊,🌊,🌊,🌊,🌊,🌊,🌊,🌊,🌊,🌊,🌊,🌊,🌊,🌊,🌊,🌊,🌊,🌊,🌊,🌊,🌊,🌊,🌊,🌊,🌊,🌊,🌊,🌊,🌊,🌊,🌊,🌊,🌊,🌊,🌊,🌊,🌊,🌊,🌊,🌊,⛰️,⛰️,🌊,🌊,🌊,🌊,🌊,🌊,🌊,🌊,🌊,🌊,🌊,🌊,🌊,🌊,🌊,🌊,🌊,🌊,🌊,🌊,🌊,🌊,🌊,🌊,🌊,🌊,🌊,🌊,🌊,🌊,🌊,🌊,🌊,🌊,🌊,🌊,🌊,🌊,🌊,🌊,🌊,🌊,🌊,🌊,🌊,🌊,🌊,🌊,🌊,🌊,🌊,🌊,🌊,🌊,🌊,🌊,🌊,🌊,🌊,🌊,🌊,🌊,⛰️,⛰️,🌊,🌊,🌊,🌊,🌊,🌊,🌊,🌊,🌊,🌊,🌊,🌊,🌊,🌊,🌊,🌊,🌊,🌊,🌊,🌊,🌊,🌊,🌊,🌊,🌊,🌊,🌊,🌊,🌊,🌊,🌊,🌊,🌊,🌊,🌊,🌊,🌊,🌊,🌊,🌊,🌊,🌊,🌊,🌊,🌊,🌊,🌊,🌊,🌊,🌊,🌊,🌊,🌊,🌊,🌊,🌊,🌊,🌊,🌊,🌊,🌊,🌊,⛰️
⛰️,🌊,🌊,🌊,🌊,🌊,🌊,🌊,🌊,🌊,🌊,🌊,🌊,🌊,🌊,🌊,🌊,🌊,🌊,🌊,🌊,🌊,🌊,🌊,🌊,🌊,🌊,🌊,🌊,🌊,🌊,🌊,🌊,🌊,🌊,🌊,🌊,🌊,🌊,🌊,🌊,🌊,🌊,🌊,🌊,🌊,🌊,🌊,🌊,🌊,🌊,🌊,🌊,🌊,🌊,🌊,🌊,🌊,🌊,🌊,🌊,🌊,🌊,⛰️,⛰️,🌊,🌊,🌊,🌊,🌊,🌊,🌊,🌊,🌊,🌊,🌊,🌊,🌊,🌊,🌊,🌊,🌊,🌊,🌊,🌊,🌊,🌊,🌊,🌊,🌊,🌊,🌊,🌊,🌊,🌊,🌊,🌊,🌊,🌊,🌊,🌊,🌊,🌊,🌊,🌊,🌊,🌊,🌊,🌊,🌊,🌊,🌊,🌊,🌊,🌊,🌊,🌊,🌊,🌊,🌊,🌊,🌊,🌊,🌊,🌊,🌊,🌊,⛰️,⛰️,🌊,🌊,🌊,🌊,🌊,🌊,🌊,🌊,🌊,🌊,🌊,🌊,🌊,🌊,🌊,🌊,🌊,🌊,🌊,🌊,🌊,🌊,🌊,🌊,🌊,🌊,🌊,🌊,🌊,🌊,🌊,🌊,🌊,🌊,🌊,🌊,🌊,🌊,🌊,🌊,🌊,🌊,🌊,🌊,🌊,🌊,🌊,🌊,🌊,🌊,🌊,🌊,🌊,🌊,🌊,🌊,🌊,🌊,🌊,🌊,🌊,🌊,⛰️
⛰️,🌊,🌊,🌊,🌊,🌊,🌊,🌊,🌊,🌊,🌊,🌊,🌊,🌊,🌊,🌊,🌊,🌊,🌊,🌊,🌊,🌊,🌊,🌊,🌊,🌊,🌊,🌊,🌊,🌊,🌊,🌊,🌊,🌊,🌊,🌊,🌊,🌊,🌊,🌊,🌊,🌊,🌊,🌊,🌊,🌊,🌊,🌊,🌊,🌊,🌊,🌊,🌊,🌊,🌊,🌊,🌊,🌊,🌊,🌊,🌊,🌊,🌊,⛰️,⛰️,🌊,🌊,🌊,🌊,🌊,🌊,🌊,🌊,🌊,🌊,🌊,🌊,🌊,🌊,🌊,🌊,🌊,🌊,🌊,🌊,🌊,🌊,🌊,🌊,🌊,🌊,🌊,🌊,🌊,🌊,🌊,🌊,🌊,🌊,🌊,🌊,🌊,🌊,🌊,🌊,🌊,🌊,🌊,🌊,🌊,🌊,🌊,🌊,🌊,🌊,🌊,🌊,🌊,🌊,🌊,🌊,🌊,🌊,🌊,🌊,🌊,🌊,⛰️,⛰️,🌊,🌊,🌊,🌊,🌊,🌊,🌊,🌊,🌊,🌊,🌊,🌊,🌊,🌊,🌊,🌊,🌊,🌊,🌊,🌊,🌊,🌊,🌊,🌊,🌊,🌊,🌊,🌊,🌊,🌊,🌊,🌊,🌊,🌊,🌊,🌊,🌊,🌊,🌊,🌊,🌊,🌊,🌊,🌊,🌊,🌊,🌊,🌊,🌊,🌊,🌊,🌊,🌊,🌊,🌊,🌊,🌊,🌊,🌊,🌊,🌊,🌊,⛰️
⛰️,🌊,🌊,🌊,🌊,🌊,🌊,🌊,🌊,🌊,🌊,🌊,🌊,🌊,🌊,🌊,🌊,🌊,🌊,🌊,🌊,🌊,🌊,🌊,🌊,🌊,🌊,🌊,🌊,🌊,🌊,🌊,🌊,🌊,🌊,🌊,🌊,🌊,🌊,🌊,🌊,🌊,🌊,🌊,🌊,🌊,🌊,🌊,🌊,🌊,🌊,🌊,🌊,🌊,🌊,🌊,🌊,🌊,🌊,🌊,🌊,🌊,🌊,⛰️,⛰️,🌊,🌊,🌊,🌊,🌊,🌊,🌊,🌊,🌊,🌊,🌊,🌊,🌊,🌊,🌊,🌊,🌊,🌊,🌊,🌊,🌊,🌊,🌊,🌊,🌊,🌊,🌊,🌊,🌊,🌊,🌊,🌊,🌊,🌊,🌊,🌊,🌊,🌊,🌊,🌊,🌊,🌊,🌊,🌊,🌊,🌊,🌊,🌊,🌊,🌊,🌊,🌊,🌊,🌊,🌊,🌊,🌊,🌊,🌊,🌊,🌊,🌊,⛰️,⛰️,🌊,🌊,🌊,🌊,🌊,🌊,🌊,🌊,🌊,🌊,🌊,🌊,🌊,🌊,🌊,🌊,🌊,🌊,🌊,🌊,🌊,🌊,🌊,🌊,🌊,🌊,🌊,🌊,🌊,🌊,🌊,🌊,🌊,🌊,🌊,🌊,🌊,🌊,🌊,🌊,🌊,🌊,🌊,🌊,🌊,🌊,🌊,🌊,🌊,🌊,🌊,🌊,🌊,🌊,🌊,🌊,🌊,🌊,🌊,🌊,🌊,🌊,⛰️
⛰️,🌊,🌊,🌊,🌊,🌊,🌊,🌊,🌊,🌊,🌊,🌊,🌊,🌊,🌊,🌊,🌊,🌊,🌊,🌊,🌊,🌊,🌊,🌊,🌊,🌊,🌊,🌊,🌊,🌊,🌊,🌊,🌊,🌊,🌊,🌊,🌊,🌊,🌊,🌊,🌊,🌊,🌊,🌊,🌊,🌊,🌊,🌊,🌊,🌊,🌊,🌊,🌊,🌊,🌊,🌊,🌊,🌊,🌊,🌊,🌊,🌊,🌊,⛰️,⛰️,🌊,🌊,🌊,🌊,🌊,🌊,🌊,🌊,🌊,🌊,🌊,🌊,🌊,🌊,🌊,🌊,🌊,🌊,🌊,🌊,🌊,🌊,🌊,🌊,🌊,🌊,🌊,🌊,🌊,🌊,🌊,🌊,🌊,🌊,🌊,🌊,🌊,🌊,🌊,🌊,🌊,🌊,🌊,🌊,🌊,🌊,🌊,🌊,🌊,🌊,🌊,🌊,🌊,🌊,🌊,🌊,🌊,🌊,🌊,🌊,🌊,🌊,⛰️,⛰️,🌊,🌊,🌊,🌊,🌊,🌊,🌊,🌊,🌊,🌊,🌊,🌊,🌊,🌊,🌊,🌊,🌊,🌊,🌊,🌊,🌊,🌊,🌊,🌊,🌊,🌊,🌊,🌊,🌊,🌊,🌊,🌊,🌊,🌊,🌊,🌊,🌊,🌊,🌊,🌊,🌊,🌊,🌊,🌊,🌊,🌊,🌊,🌊,🌊,🌊,🌊,🌊,🌊,🌊,🌊,🌊,🌊,🌊,🌊,🌊,🌊,🌊,⛰️
⛰️,⛰️,⛰️,⛰️,⛰️,⛰️,⛰️,⛰️,⛰️,⛰️,⛰️,⛰️,⛰️,⛰️,⛰️,⛰️,⛰️,⛰️,⛰️,⛰️,⛰️,⛰️,⛰️,⛰️,⛰️,⛰️,⛰️,⛰️,⛰️,⛰️,⛰️,⛰️,⛰️,⛰️,⛰️,⛰️,⛰️,⛰️,⛰️,⛰️,⛰️,⛰️,⛰️,⛰️,⛰️,⛰️,⛰️,⛰️,⛰️,⛰️,⛰️,⛰️,⛰️,⛰️,⛰️,⛰️,⛰️,⛰️,⛰️,⛰️,⛰️,⛰️,⛰️,⛰️,⛰️,⛰️,⛰️,⛰️,⛰️,⛰️,⛰️,⛰️,⛰️,⛰️,⛰️,⛰️,⛰️,⛰️,⛰️,⛰️,⛰️,⛰️,⛰️,⛰️,⛰️,⛰️,⛰️,⛰️,⛰️,⛰️,⛰️,⛰️,⛰️,⛰️,⛰️,⛰️,⛰️,⛰️,⛰️,⛰️,⛰️,⛰️,⛰️,⛰️,⛰️,⛰️,⛰️,⛰️,⛰️,⛰️,⛰️,⛰️,⛰️,⛰️,⛰️,⛰️,⛰️,⛰️,⛰️,⛰️,⛰️,⛰️,⛰️,⛰️,⛰️,⛰️,⛰️,⛰️,⛰️,⛰️,⛰️,⛰️,⛰️,⛰️,⛰️,⛰️,⛰️,⛰️,⛰️,⛰️,⛰️,⛰️,⛰️,⛰️,⛰️,⛰️,⛰️,⛰️,⛰️,⛰️,⛰️,⛰️,⛰️,⛰️,⛰️,⛰️,⛰️,⛰️,⛰️,⛰️,⛰️,⛰️,⛰️,⛰️,⛰️,⛰️,⛰️,⛰️,⛰️,⛰️,⛰️,⛰️,⛰️,⛰️,⛰️,⛰️,⛰️,⛰️,⛰️,⛰️,⛰️,⛰️,⛰️,⛰️,⛰️,⛰️,⛰️,⛰️,⛰️,⛰️,⛰️,⛰️
