⛰️,⛰️,⛰️,⛰️,⛰️,⛰️,⛰️,⛰️,🟫,⛰️,⛰️,⛰️,⛰️,⛰️,⛰️,⛰️,⛰️,⛰️,⛰️,⛰️,⛰️,⛰️,⛰️,⛰️,⛰️,⛰️,⛰️,⛰️,⛰️,⛰️,⛰️,⛰️,⛰️,⛰️,⛰️,⛰️,⛰️,⛰️,⛰️,⛰️,⛰️,⛰️,⛰️,⛰️,⛰️,⛰️,⛰️,⛰️,⛰️,⛰️,⛰️,⛰️,⛰️,⛰️,⛰️,⛰️,⛰️,⛰️,⛰️,⛰️,⛰️,⛰️,⛰️,⛰️
⛰️,,,,,,,,🟫,,,,,,,,,,,,,,,,,,,,,,,,,,,,,,,,,,,,,,,,,,,,,,,,,,,,,,,⛰️
⛰️,,🧱,🧱,🧱,🧱,🧱,🧱,🟫,🧱,🧱,🧱,🧱,🧱,🧱,,,,,,,,,,,,,,,,,,,,,,,,,,,,,,,,,,,,🪨,🪨,🪨,🪨,🪨,🪨,🪨,🪨,🪨,🪨,🪨,🪨,🪨,⛰️
⛰️,,🧱,🏡,,,🏘️,,🟫,🏘️,,,🏚️,,🧱,,,,,,,,,,,,,,,,,,,,,,,,,,,,,,,,,,,,🪨,,,,,,,,,,,,🪨,⛰️
⛰️,,🧱,,,🏚️,,,🟫,,,🏘️,,,🧱,,,,,,,,,,,,,,,,,,,,,,,,,,,,,,,,,,,,🪨,,,,,,,,,,,,🪨,⛰️
⛰️,,🧱,,🏘️,,,🏚️,🟫,,🏘️,,,🏡,🧱,,,,,,,,,,,,,,,,,,,,,,,,,,,,,,,,,,,,🪨,,,,,,,,,,,,🪨,⛰️
⛰️,,🧱,🏡,,,🏚️,,🟫,🏡,,,🏠,,🧱,,,,,,,,,,,,,,,,,,,,,,,,,,,,,,,,,,,,🪨,,,,,,💀,,,,,,🪨,⛰️
⛰️,,🧱,,,🏘️,,,🟫,,,🏡,,,🧱,,,,,,,,,,,,,,,,,,,,,,,,,,,,,,,,,,,,🪨,,,,,,,,,,,,🪨,⛰️
⛰️,,🧱,,🏠,,,🏚️,🟫,,🏘️,,,🏘️,🧱,🟫,🟫,🟫,🟫,🟫,🟫,🟫,🟫,🟫,🟫,🟫,🟫,🟫,🟫,🟫,🟫,🟫,🟫,🟫,🟫,🟫,🟫,🟫,🟫,🟫,🟫,🟫,🟫,🟫,🟫,🟫,🟫,🟫,🟫,🟫,🪨,,,,,,,,,,,,🪨,⛰️
⛰️,,🧱,🏡,,,🏡,,🟫,🏚️,,,🏘️,,🧱,,,,,,,,,,,,,,,,🟫,🟫,,,,,,,,,,,,,,,,,,,🪨,,,,,,,,,,,,🪨,⛰️
⛰️,,🧱,🧱,🧱,🧱,🧱,🧱,🟫,🧱,🧱,🧱,🧱,🧱,🧱,,,,,,,,,,,,,,,,🟫,🟫,,,,,,,,,,,,,,,,,,,🪨,🪨,🪨,🪨,🪨,🪨,🪨,🪨,🪨,🪨,🪨,🪨,🪨,⛰️
⛰️,,,,,,,,,,,,,,,,,,,,,,,,,,,,,,🟫,🟫,,,,,,,,,,,,,,,,,,,,,,,,,,,,,,,,⛰️
⛰️,,,,,,,,,,,,,,,,,,,,,,,,,,,,,,🟫,🟫,,,,,,,,,,,,,,,,,,🟫,,,,,,,,,,,,,,⛰️
⛰️,,,,,,,,,,,,,,,,,,,,,,,,,,,,,,🟫,🟫,,,,,,,,,,,,,,,,,,🟫,,,,,,,,,,,,,,⛰️
⛰️,,,,,,,,,,,,,,,,,,,,,,,,,,,,,,🟫,🟫,,,,,,,,,,,,,,,,,,🟫,,,,,,,,,,,,,,⛰️
⛰️,,,,,,,,,,,,,,,,,,,,,,,,,,,,,,🟫,🟫,,,,,,,,,,,,,,,,,,🟫,,,,,,,,,,,,,,⛰️
⛰️,,,,,,,,,,,,,,,,,,,,,,,,,,,,,,🟫,🟫,,,,,,,,,,,,,,,,,,🟫,,,,,,,,,,,,,,⛰️
⛰️,,,,,,,,,,,,,,,,,,,,,,,,,,,,,,🟫,🟫,,,,,,,,,,,,,,,,,,🟫,,,,,,,,,,,,,,⛰️
⛰️,,,,,,,,,,,,,,,,,,,,,,,,,,,,,,🟫,🟫,🟫,🟫,🟫,🟫,🟫,🟫,🟫,🟫,🟫,🟫,🟫,🟫,🟫,🟫,🟫,🟫,🟫,🟫,,,,,,,,,,,,,,⛰️
⛰️,,,,,,,,,,,,,,,,,,,,,,,,,,,,,,🌊,🌊,,,,,,,,,,,,,,,,,,,,,,,,,,,,,,,,⛰️
⛰️,,,,,,,,,,,,,,,,,,,,,,,,,,,,,,🌊,🌊,,,,,,,,,,,,,,,,,,,,,,,,,,,,,,,,⛰️
⛰️,,,,,,,,,,,,,,,,,,,,,,,,,,,,,,🌊,🌊,,,,,,,,,,,,,,,,,,,,,,,,,,,,,,,,⛰️
⛰️,,,,,,,,,,,,,,,,,,,,,,,,,,,,,,🌊,🌊,,,,,,,,,,,,,,,,,,,,,,,,,,,,,,,,⛰️
⛰️,,,,,,,,,,,,,,,,,,,,,,,,,,,,,,🌊,🌊,,,,,,,,,,,,,,,,,,,,,,,,,,,,,,,,⛰️
⛰️,🌊,🌊,🌊,🌊,🌊,🌊,🌊,🌊,🌊,🌊,🌊,🌊,🌊,🌊,🌊,🌊,🌊,🌊,🌊,🌊,🌊,🌊,🌊,🌊,🌊,🌊,🌊,🌊,🌊,🌊,🌊,🌊,🌊,🌊,🌊,🌊,🌊,🌊,🌊,🌊,🌊,🌊,🌊,🌊,🌊,🌊,🌊,🌊,🌊,🌊,🌊,🌊,🌊,🌊,🌊,🌊,🌊,🌊,🌊,🌊,🌊,🌊,⛰️
⛰️,🌊,🌊,🌊,🌊,🌊,🌊,🌊,🌊,🌊,🌊,🌊,🌊,🌊,🌊,🌊,🌊,🌊,🌊,🌊,🌊,🌊,🌊,🌊,🌊,🌊,🌊,🌊,🌊,🌊,🌊,🌊,🌊,🌊,🌊,🌊,🌊,🌊,🌊,🌊,🌊,🌊,🌊,🌊,🌊,🌊,🌊,🌊,🌊,🌊,🌊,🌊,🌊,🌊,🌊,🌊,🌊,🌊,🌊,🌊,🌊,🌊,🌊,⛰️
⛰️,🌊,🌊,🌊,🌊,🌊,🌊,🌊,🌊,🌊,🌊,🌊,🌊,🌊,🌊,🌊,🌊,🌊,🌊,🌊,🌊,🌊,🌊,🌊,🌊,🌊,🌊,🌊,🌊,🌊,🌊,🌊,🌊,🌊,🌊,🌊,🌊,🌊,🌊,🌊,🌊,🌊,🌊,🌊,🌊,🌊,🌊,🌊,🌊,🌊,🌊,🌊,🌊,🌊,🌊,🌊,🌊,🌊,🌊,🌊,🌊,🌊,🌊,⛰️
⛰️,🌊,🌊,🌊,🌊,🌊,🌊,🌊,🌊,🌊,🌊,🌊,🌊,🌊,🌊,🌊,🌊,🌊,🌊,🌊,🌊,🌊,🌊,🌊,🌊,🌊,🌊,🌊,🌊,🌊,🌊,🌊,🌊,🌊,🌊,🌊,🌊,🌊,🌊,🌊,🌊,🌊,🌊,🌊,🌊,🌊,🌊,🌊,🌊,🌊,🌊,🌊,🌊,🌊,🌊,🌊,🌊,🌊,🌊,🌊,🌊,🌊,🌊,⛰️
⛰️,🌊,🌊,🌊,🌊,🌊,🌊,🌊,🌊,🌊,🌊,🌊,🌊,🌊,🌊,🌊,🌊,🌊,🌊,🌊,🌊,🌊,🌊,🌊,🌊,🌊,🌊,🌊,🌊,🌊,🌊,🌊,🌊,🌊,🌊,🌊,🌊,🌊,🌊,🌊,🌊,🌊,🌊,🌊,🌊,🌊,🌊,🌊,🌊,🌊,🌊,🌊,🌊,🌊,🌊,🌊,🌊,🌊,🌊,🌊,🌊,🌊,🌊,⛰️
⛰️,🌊,🌊,🌊,🌊,🌊,🌊,🌊,🌊,🌊,🌊,🌊,🌊,🌊,🌊,🌊,🌊,🌊,🌊,🌊,🌊,🌊,🌊,🌊,🌊,🌊,🌊,🌊,🌊,🌊,🌊,🌊,🌊,🌊,🌊,🌊,🌊,🌊,🌊,🌊,🌊,🌊,🌊,🌊,🌊,🌊,🌊,🌊,🌊,🌊,🌊,🌊,🌊,🌊,🌊,🌊,🌊,🌊,🌊,🌊,🌊,🌊,🌊,⛰️
⛰️,🌊,🌊,🌊,🌊,🌊,🌊,🌊,🌊,🌊,🌊,🌊,🌊,🌊,🌊,🌊,🌊,🌊,🌊,🌊,🌊,🌊,🌊,🌊,🌊,🌊,🌊,🌊,🌊,🌊,🌊,🌊,🌊,🌊,🌊,🌊,🌊,🌊,🌊,🌊,🌊,🌊,🌊,🌊,🌊,🌊,🌊,🌊,🌊,🌊,🌊,🌊,🌊,🌊,🌊,🌊,🌊,🌊,🌊,🌊,🌊,🌊,🌊,⛰️
⛰️,🌊,🌊,🌊,🌊,🌊,🌊,🌊,🌊,🌊,🌊,🌊,🌊,🌊,🌊,🌊,🌊,🌊,🌊,🌊,🌊,🌊,🌊,🌊,🌊,🌊,🌊,🌊,🌊,🌊,🌊,🌊,🌊,🌊,🌊,🌊,🌊,🌊,🌊,🌊,🌊,🌊,🌊,🌊,🌊,🌊,🌊,🌊,🌊,🌊,🌊,🌊,🌊,🌊,🌊,🌊,🌊,🌊,🌊,🌊,🌊,🌊,🌊,⛰️
⛰️,🌊,🌊,🌊,🌊,🌊,🌊,🌊,🌊,🌊,🌊,🌊,🌊,🌊,🌊,🌊,🌊,🌊,🌊,🌊,🌊,🌊,🌊,🌊,🌊,🌊,🌊,🌊,🌊,🌊,🌊,🌊,🌊,🌊,🌊,🌊,🌊,🌊,🌊,🌊,🌊,🌊,🌊,🌊,🌊,🌊,🌊,🌊,🌊,🌊,🌊,🌊,🌊,🌊,🌊,🌊,🌊,🌊,🌊,🌊,🌊,🌊,🌊,⛰️
⛰️,🌊,🌊,🌊,🌊,🌊,🌊,🌊,🌊,🌊,🌊,🌊,🌊,🌊,🌊,🌊,🌊,🌊,🌊,🌊,🌊,🌊,🌊,🌊,🌊,🌊,🌊,🌊,🌊,🌊,🌊,🌊,🌊,🌊,🌊,🌊,🌊,🌊,🌊,🌊,🌊,🌊,🌊,🌊,🌊,🌊,🌊,🌊,🌊,🌊,🌊,🌊,🌊,🌊,🌊,🌊,🌊,🌊,🌊,🌊,🌊,🌊,🌊,⛰️
⛰️,🌊,🌊,🌊,🌊,🌊,🌊,🌊,🌊,🌊,🌊,🌊,🌊,🌊,🌊,🌊,🌊,🌊,🌊,🌊,🌊,🌊,🌊,🌊,🌊,🌊,🌊,🌊,🌊,🌊,🌊,🌊,🌊,🌊,🌊,🌊,🌊,🌊,🌊,🌊,🌊,🌊,🌊,🌊,🌊,🌊,🌊,🌊,🌊,🌊,🌊,🌊,🌊,🌊,🌊,🌊,🌊,🌊,🌊,🌊,🌊,🌊,🌊,⛰️
⛰️,⛰️,⛰️,⛰️,⛰️,⛰️,⛰️,⛰️,⛰️,⛰️,⛰️,⛰️,⛰️,⛰️,⛰️,⛰️,⛰️,⛰️,⛰️,⛰️,⛰️,⛰️,⛰️,⛰️,⛰️,⛰️,⛰️,⛰️,⛰️,⛰️,⛰️,⛰️,⛰️,⛰️,⛰️,⛰️,⛰️,⛰️,⛰️,⛰️,⛰️,⛰️,⛰️,⛰️,⛰️,⛰️,⛰️,⛰️,⛰️,⛰️,⛰️,⛰️,⛰️,⛰️,⛰️,⛰️,⛰️,⛰️,⛰️,⛰️,⛰️,⛰️,⛰️,⛰️
