🏔️,⛰️,🗻,🗻,🏔️,🗻,⛰️,🏔️,🗻,🏔️,🗻,🗻,🗻,👣,🏔️,🏔️,🗻,🗻,🏔️,🏔️,🏔️,🗻,🏔️,⛰️,🏔️,🏔️,🗻,⛰️,⛰️,⛰️,🏔️,🗻,🏔️,⛰️,🏔️,🏔️,🏔️,🗻,🏔️,⛰️,🗻,⛰️,🏔️,🗻,🗻,🗻,⛰️,🏔️,⛰️,⛰️,🗻,🏔️,🏔️,🗻,🗻,⛰️,🏔️,🏔️,🗻,⛰️,⛰️,⛰️,🏔️,🗻
🗻,🏔️,⛰️,⛰️,⛰️,⛰️,🏔️,🗻,🏔️,⛰️,⛰️,🏔️,⛰️,🟫,⛰️,⛰️,⛰️,🏔️,⛰️,🗻,🗻,⛰️,⛰️,🗻,⛰️,⛰️,⛰️,🏔️,🗻,🏔️,🗻,⛰️,🗻,🏔️,⛰️,🗻,🗻,⛰️,🗻,🗻,🏔️,🏔️,⛰️,🏔️,🏔️,🏔️,🏔️,🗻,🏔️,🗻,🏔️,⛰️,⛰️,🏔️,🏔️,🗻,🗻,⛰️,🏔️,🗻,🗻,🏔️,⛰️,⛰️
🏔️,⛰️,🏔️,🗻,🗻,🏔️,⛰️,🏔️,🗻,🏔️,🗻,⛰️,🗻,👣,🗻,🗻,🗻,🗻,🏔️,🏔️,🏔️,🏔️,🗻,⛰️,🗻,🏔️,🗻,⛰️,⛰️,🗻,⛰️,🗻,🏔️,🗻,🏔️,🏔️,🏔️,🗻,🏔️,⛰️,🗻,🗻,🏔️,⛰️,⛰️,🗻,⛰️,⛰️,⛰️,🏔️,⛰️,🗻,🏔️,🗻,⛰️,⛰️,⛰️,🏔️,🗻,🏔️,⛰️,⛰️,🗻,🗻
⛰️,🗻,⛰️,,,🗻,,🗻,🏔️,🗻,🏔️,,,🟫,,⛰️,🏔️,🏔️,,,🗻,🗻,,🏔️,⛰️,,🏔️,,🏔️,🏔️,,,,🏔️,🗻,🗻,🗻,🏔️,🗻,🏔️,,⛰️,⛰️,,,🏔️,🗻,🏔️,,⛰️,🗻,⛰️,⛰️,🏔️,🏔️,🏔️,🗻,🗻,⛰️,⛰️,🏔️,🗻,⛰️,🏔️
🗻,🏔️,🗻,,,,,,🗻,,,,,👣,,🗻,🗻,⛰️,,,,,,🗻,,,,,🗻,🗻,,,,,⛰️,,,,🏔️,⛰️,,,,,,🗻,⛰️,🗻,,,⛰️,🏔️,🗻,,⛰️,,🌿,🏔️,,🏔️,🗻,🏔️,🗻,🗻
⛰️,⛰️,🏔️,🗻,,,,,,,,,,🟫,,,,,,,,,,,,,,,,,,,,🌲,,,,,,,,🌿,,,,,,,,,,,,,,,,🌴,🌲,,🌲,⛰️,🏔️,⛰️
🗻,🗻,⛰️,🏔️,⛰️,,🧱,🧱,🧱,🧱,🧱,🧱,🧱,👣,🧱,🧱,🧱,🧱,🧱,🧱,🧱,,,,🌲,,,,,,,,🌳,,,,,,,,,🌳,,🪨,🪨,🪨,🪨,🪨,🪨,🪨,🪨,🪨,🪨,🪨,🪨,🪨,🪨,🪨,,,🏔️,🗻,⛰️,🏔️
⛰️,🏔️,🗻,,,,🧱,,🏘️,🏡,,,,🟫,,,🏠,,,🏠,🧱,,,,,,,,,,,,,,,,,,,,,,,🪨,,,,,,,,,,,,,,🪨,,🗻,⛰️,⛰️,🗻,🗻
🗻,⛰️,🏔️,🗻,⛰️,,🧱,,,,,🏡,,👣,🏡,🏠,,🏡,,,🧱,,,,,,,,,,,,,,,🌾,,,,,,,,🪨,,,,,,,,,,,,,,🪨,,,🗻,🗻,🏔️,⛰️
🏔️,🗻,🗻,,,🍀,🧱,,🏘️,🏘️,,🏡,🏡,🟫,,,🏘️,🏡,,🏚️,🧱,,,,,,,,,,,,,,,,,,,,,,,🪨,,,,,,🌿,,,,,,,,🪨,,,,🏔️,⛰️,🏔️
🗻,⛰️,⛰️,🌴,,,🧱,,,🏠,,,🏚️,👣,,,,🏠,🏠,,🧱,,,,,,,,,,🌲,,,,,,🍀,,,,,🌴,,🪨,,,,,,,💀,,,,,,,🪨,,🏔️,🏔️,🗻,🏔️,⛰️
⛰️,🏔️,🏔️,,,,🧱,🏚️,,,,🏠,🌴,🟫,,,🏚️,,🏠,,🧱,,,,,,,,,,🌳,,,,,🌴,,,,,,,,🪨,,,,,,,,,,,,,,🪨,,,⛰️,⛰️,⛰️,🏔️
🗻,🗻,⛰️,,,,🧱,,,🏘️,,🏠,🏘️,👣,🌾,🏚️,,🏚️,🏡,🏠,🧱,,,,,🌲,,,,,,,,,,,,,,,🌾,,,🪨,,,,,,,,,,,,,,🪨,,🏔️,🗻,🗻,🗻,⛰️
⛰️,🏔️,🏔️,🏔️,⛰️,,🧱,,🏚️,,,🏚️,,🟫,🏠,🏚️,🏘️,,,,🧱,,,,🌳,,,,,,,,,,,,,,,,,,,🪨,,🌳,,,,,,,,,,,🌿,🪨,,,,⛰️,🏔️,🏔️
🗻,⛰️,⛰️,🗻,🏔️,,🧱,🏘️,🏘️,,🏚️,🏘️,,👣,,🏚️,🏡,,,,🧱,,,,🌴,,,,,,,,,,,,,,,,,,,🪨,🌲,🌴,,,,,,,,,,,🌳,🪨,,⛰️,⛰️,🏔️,⛰️,⛰️
⛰️,🗻,🏔️,⛰️,🗻,,🧱,🧱,🧱,🧱,🧱,🧱,🧱,🟫,🧱,🧱,🧱,🧱,🧱,🧱,🧱,,,,,,,,,,,,,,,,,,,,,,,🪨,🪨,🪨,🪨,🪨,🪨,🪨,🪨,🪨,🪨,🪨,🪨,🪨,🪨,🪨,,,🗻,⛰️,🏔️,🗻
🗻,🏔️,🗻,🏔️,🏔️,🌲,,,,,,,,,,,,,,,,🌳,,,,,,,,,,,,,,,,,,,,,,,,,,,,🌳,,,,,,🌿,,,,🗻,⛰️,🏔️,⛰️,🏔️
🏔️,⛰️,🏔️,,,🍀,,,,,,,,,,,,,🍀,,,,,,,,,,🌿,,,🌾,,,,,,,🌴,,,,,,,,,,,,,,,,,,,🌴,,,,⛰️,🗻,🗻
⛰️,🗻,⛰️,,,,,,,,,,,👣,🟫,👣,🟫,👣,🟫,👣,🟫,👣,🟫,👣,🟫,👣,🟫,👣,🟫,👣,🟫,🌉,🌉,👣,🟫,👣,🟫,👣,🟫,👣,🟫,👣,🟫,👣,🟫,👣,🟫,👣,🟫,👣,🟫,,,,,,,,,🗻,🏔️,🏔️,⛰️,🏔️
🗻,⛰️,🏔️,,,,,,,,,,,,,,,,,,,,,,,,,,,,,🌊,🌊,,🌲,,,🍀,,,,,,,,,,,,,,,,🌿,,,,,,,🌳,⛰️,🏔️,🗻
🏔️,🗻,⛰️,🏔️,🏔️,,,,,,,,,,,,,,,,,🌾,,,,,,,,,,🌊,🌊,,,,,,,,,,,,,,,,,,,🌾,,,,,,,🌿,,⛰️,🗻,🗻,🏔️
🗻,🏔️,🏔️,,,,,,,,,,,,,,,,,,,,,,,,,,,,,🌊,🌊,,,,,,,,,,,,🌳,,,,,,,,,,,,🌲,,,,,⛰️,🏔️,⛰️
🏔️,🗻,⛰️,🗻,,,,,,,,,,,,,,,,,,🍀,,,,,,,,,,🌊,🌊,,,,,,,,,,,,,,,,,,,,,,,,,,,,🏔️,🏔️,⛰️,🗻
⛰️,🏔️,🏔️,⛰️,,,,,,,,,,,,,,,,,,,,,,,🌿,,,,,🌊,🌊,,,,,,,🍀,,,,🌴,,,,,,,🌾,,,,,,,,,🏔️,🗻,⛰️,🗻,🏔️
🗻,⛰️,⛰️,🗻,,,,,,,,,,,,,,,,,,,,,,,,,,,,🌊,🌊,,,,,,,🌾,,,,,,,,,,,,🌿,,,,,,,,,⛰️,🗻,🏔️,🗻
🏔️,🗻,🗻,⛰️,,🌿,,,,,,,,,,,,,,,,,🌲,,,,,,,,,🌊,🌊,,,,,,,,,,🌲,,🌾,,,,,,,,,,,,,,,🏔️,🗻,⛰️,⛰️,⛰️
⛰️,⛰️,🏔️,🗻,🏔️,,,,,,,,🌿,,,,,,,,,,,,,,,,,,,🌊,🌊,,,,,,,,,,,,,,,,,,,,,,,,,,,,🏔️,🗻,🗻,🗻
🗻,🏔️,⛰️,🌾,,,,,,,,,,,,,,,,,,,,,🌲,,,,🌲,,,🌊,🌊,,,,,,,,,,,🌿,,,,🌳,,,,,,,,,,,,🍀,,🏔️,⛰️,⛰️
🏔️,🌊,🌊,🌊,🌊,🌊,🌊,🌊,🌊,🌊,🌊,🌊,🌊,🌊,🌊,🌊,🌊,🌊,🌊,🌊,🌊,🌊,🌊,🌊,🌊,🌊,🌊,🌊,🌊,🌊,🌊,🌊,🌊,🌊,🌊,🌊,🌊,🌊,🌊,🌊,🌊,🌊,🌊,🌊,🌊,🌊,🌊,🌊,🌊,🌊,🌊,🌊,🌊,🌊,🌊,🌊,🌊,🌊,🌊,🌊,🌊,🌊,🌊,🏔️
⛰️,🌊,🌊,🌊,🌊,🌊,🌊,🌊,🌊,🌊,🌊,🌊,🌊,🌊,🌊,🌊,🌊,🌊,🌊,🌊,🌊,🌊,🌊,🌊,🌊,🌊,🌊,🌊,🌊,🌊,🌊,🌊,🌊,🌊,🌊,🌊,🌊,🌊,🌊,🌊,🌊,🌊,🌊,🌊,🌊,🌊,🌊,🌊,🌊,🌊,🌊,🌊,🌊,🌊,🌊,🌊,🌊,🌊,🌊,🌊,🌊,🌊,🌊,⛰️
🏔️,🌊,🌊,🌊,🌊,🌊,🌊,🌊,🌊,🌊,🌊,🌊,🌊,🌊,🌊,🌊,🌊,🌊,🌊,🌊,🌊,🌊,🌊,🌊,🌊,🌊,🌊,🌊,🌊,🌊,🌊,🌊,🌊,🌊,🌊,🌊,🌊,🌊,🌊,🌊,🌊,🌊,🌊,🌊,🌊,🌊,🌊,🌊,🌊,🌊,🌊,🌊,🌊,🌊,🌊,🌊,🌊,🌊,🌊,🌊,🌊,🌊,🌊,🏔️
⛰️,🌊,🌊,🌊,🌊,🌊,🌊,🌊,🌊,🌊,🌊,🌊,🌊,🌊,🌊,🌊,🌊,🌊,🌊,🌊,🌊,🌊,🌊,🌊,🌊,🌊,🌊,🌊,🌊,🌊,🌊,🌊,🌊,🌊,🌊,🌊,🌊,🌊,🌊,🌊,🌊,🌊,🌊,🌊,🌊,🌊,🌊,🌊,🌊,🌊,🌊,🌊,🌊,🌊,🌊,🌊,🌊,🌊,🌊,🌊,🌊,🌊,🌊,🗻
🏔️,🌊,🌊,🌊,🌊,🌊,🌊,🌊,🌊,🌊,🌊,🌊,🌊,🌊,🌊,🌊,🌊,🌊,🌊,🌊,🌊,🌊,🌊,🌊,🌊,🌊,🌊,🌊,🌊,🌊,🌊,🌊,🌊,🌊,🌊,🌊,🌊,🌊,🌊,🌊,🌊,🌊,🌊,🌊,🌊,🌊,🌊,🌊,🌊,🌊,🌊,🌊,🌊,🌊,🌊,🌊,🌊,🌊,🌊,🌊,🌊,🌊,🌊,🏔️
⛰️,🌊,🌊,🌊,🌊,🌊,🌊,🌊,🌊,🌊,🌊,🌊,🌊,🌊,🌊,🌊,🌊,🌊,🌊,🌊,🌊,🌊,🌊,🌊,🌊,🌊,🌊,🌊,🌊,🌊,🌊,🌊,🌊,🌊,🌊,🌊,🌊,🌊,🌊,🌊,🌊,🌊,🌊,🌊,🌊,🌊,🌊,🌊,🌊,🌊,🌊,🌊,🌊,🌊,🌊,🌊,🌊,🌊,🌊,🌊,🌊,🌊,🌊,⛰️
🗻,🌊,🌊,🌊,🌊,🌊,🌊,🌊,🌊,🌊,🌊,🌊,🌊,🌊,🌊,🌊,🌊,🌊,🌊,🌊,🌊,🌊,🌊,🌊,🌊,🌊,🌊,🌊,🌊,🌊,🌊,🌊,🌊,🌊,🌊,🌊,🌊,🌊,🌊,🌊,🌊,🌊,🌊,🌊,🌊,🌊,🌊,🌊,🌊,🌊,🌊,🌊,🌊,🌊,🌊,🌊,🌊,🌊,🌊,🌊,🌊,🌊,🌊,🏔️
⛰️,⛰️,🗻,🏔️,🏔️,🗻,⛰️,⛰️,⛰️,🏔️,🗻,🗻,⛰️,🏔️,🏔️,🗻,⛰️,⛰️,⛰️,⛰️,🗻,🗻,🗻,⛰️,🗻,🏔️,🏔️,🗻,⛰️,🗻,🗻,🗻,🏔️,⛰️,⛰️,🗻,🏔️,🏔️,🗻,🏔️,🗻,⛰️,🗻,🗻,⛰️,🗻,🗻,⛰️,⛰️,⛰️,🏔️,🏔️,🗻,🏔️,🗻,🏔️,⛰️,🗻,🗻,🗻,⛰️,🗻,🗻,🗻
