🪨,🪨,🪨,🪨,🪨,🪨,🪨,🪨,🪨,🪨,🪨,🪨,🪨,🪨,🪨,🪨,🪨,🪨,🪨,🪨,🪨,🪨,🪨,🪨,🪨,🪨,🪨,🪨,🪨,🪨,🪨,🪨,🪨,🪨,🪨,🪨,🪨,🪨,🪨,🪨,🪨,🪨,🪨,🪨,🪨,🪨,🪨,🪨,🪨,🪨,🪨,🪨,🪨,🪨,🪨,🪨,🪨,🪨,🪨,🪨,🪨,🪨,🪨,🪨
🪨,,,,,,,,,,,,,,,,,,,,,,,,,,,,,,,,,,,,,,,,,,,,,,,,,,,,,,,,,,,,,,,🪨
🪨,🌲,,,,🌊,🌊,,,,,,,,,,,,,,,,,,,,,,,,,,,,,,,,,,,,,,,,,,,,,,,,,,,,,,,,,🪨
🪨,,,,,,,,,,,,,,,,,,,,,,,,,,,,,,,,,,,,,,,,,,,,,,,,,,,,,,,,,,,,,,,🪨
🪨,,,,,,,,,,,,,,,,,,,,,,,,,,,,,,,,,,,,,,,,,,,,,,,,,,,,,,,,,,,,,,,🪨
🪨,,,,,,,,,,,,,,,,,,,,,,,,,,,,,,,,,,,,,,,,,,,,,,,,,,,,,,,,,,,,,,,🪨
🪨,,,,,,,,,,,,,,,,,,,,,,,,,,,,,,,,,,,,,,,,,,,,,,,,,,,,,,,,,,,,,,,🪨
🪨,,,,,,,,,,,,,,,,,,,,,,,,,,,,,,,,,,,,,,,,,,,,,,,,,,,,,,,,,,,,,,,🪨
🪨,,,,,,,,,,,,,,,,,,,,,,,,,,,,,,,,,,,,,,,,,,,,,,,,,,,,,,,,,,,,,,,🪨
🪨,,,,,,,,,,,,,,,,,,,,,,,,,,,,,,,,,,,,,,,,,,,,,,,,,,,,,,,,,,,,,,,🪨
🪨,,,,,,,,,,,,,,,,,,,,,,,,,,,,,,,,,,,,,,,,,,,,,,,,,,,,,,,,,,,,,,,🪨
🪨,,,,,,,,,,,,,,,,,,,,,,,,,,,,,,,,,,,,,,,,,,,,,,,,,,,,,,,,,,,,,,,🪨
🪨,,,,,,,,,,,,,,,,,,,,,,,,,,,,,,,,,,,,,,,,,,,,,,,,,,,,,,,,,,,,,,,🪨
🪨,,,,,,,,,,,,,,,,,,,,,,,,,,,,,,,,,,,,,,,,,,,,,,,,,,,,,,,,,,,,,,,🪨
🪨,,,,,,,,,,,,,,,,,,,,,,,,,,,,,,,,,,,,,,,,,,,,,,,,,,,,,,,,,,,,,,,🪨
🪨,,,,,,,,,,,,,,,,,,,,,,,,,,,,,,,,,,,,,,,,,,,,,,,,,,,,,,,,,,,,,,,🪨
🪨,,,,,,,,,,,,,,,,,,,,,,,,,,,,,,,,,,,,,,,,,,,,,,,,,,,,,,,,,,,,,,,🪨
🪨,🪨,🪨,🪨,🪨,🪨,🪨,🪨,🪨,🪨,🪨,🪨,🪨,🪨,🪨,,,,,,,,,,,,,,,,,,,,,,,,,,,,,,,,,,🪨,🪨,🪨,🪨,🪨,🪨,🪨,🪨,🪨,🪨,🪨,🪨,🪨,🪨,,🪨
🪨,🪨,🪨,🪨,🪨,🪨,🪨,🪨,🪨,🪨,🪨,🪨,🪨,🪨,🪨,,,,,,,,,,,,,,,,,,,,,,,,,,,,,,,,,,,,,,,,,,,,,,,,,🪨
🪨,,,,,,,,,,,,,,,,,,,,,,,,,,,,,,,,,,,,,,,,,,,,,,,,,,,,,,,,,,,,,,,🪨
🪨,🌲,,,,🌊,🌊,,,,,,,,,,,,,,,,,,,,,,,,,,,,,,,,,,,,,,,,,,,,,,,,,,,,,,,,,🪨
🪨,,,,,,,,,,,,,,,,,,,,,,,,,,,,,,,,,,,,,,,,,,,,,,,,,,,,,,,,,,,,,,,🪨
🪨,,,,,,,,,,,,,,,,,,,,,,,,,,,,,,,,,,,,,,,,,,,,,,,,,,,,,,,,,,,,,,,🪨
🪨,,,,,,,,,,,,,,,,,,,,,,,,,,,,,,,,,,,,,,,,,,,,,,,,,,,,,,,,,,,,,,,🪨
🪨,,,,,,,,,,,,,,,,,,,,,,,,,,,,,,,,,,,,,,,,,,,,,,,,,,,,,,,,,,,,,,,🪨
🪨,,,,,,,,,,,,,,,,,,,,,,,,,,,,,,,,,,,,,,,,,,,,,,,,,,,,,,,,,,,,,,,🪨
🪨,,,,,,,,,,,,,,,,,,,,,,,,,,,,,,,,,,,,,,,,,,,,,,,,,,,,,,,,,,,,,,,🪨
🪨,,,,,,,,,,,,,,,,,,,,,,,,,,,,,,,,,,,,,,,,,,,,,,,,,,,,,,,,,,,,,,,🪨
🪨,,,,,,,,,,,,,,,,,,,,,,,,,,,,,,,,,,,,,,,,,,,,,,,,,,,,,,,,,,,,,,,🪨
🪨,,,,,,,,,,,,,,,,,,,,,,,,,,,,,,,,,,,,,,,,,,,,,,,,,,,,,,,,,,,,,,,🪨
🪨,,,,,,,,,,,,,,,,,,,,,,,,,,,,,,,,,,,,,,,,,,,,,,,,,,,,,,,,,,,,,,,🪨
🪨,,,,,,,,,,,,,,,,,,,,,,,,,,,,,,,,,,,,,,,,,,,,,,,,,,,,,,,,,,,,,,,🪨
🪨,,,,,,,,,,,,,,,,,,,,,,,,,,,,,,,,,,,,,,,,,,,,,,,,,,,,,,,,,,,,,,,🪨
🪨,,,,,,,,,,,,,,,,,,,,,,,,,,,,,,,,,,,,,,,,,,,,,,,,,,,,,,,,,,,,,,,🪨
🪨,,,,,,,,,,,,,,,,,,,,,,,,,,,,,,,,,,,,,,,,,,,,,,,,,,,,,,,,,,,,,,,🪨
🪨,🪨,🪨,🪨,🪨,🪨,🪨,🪨,🪨,🪨,🪨,🪨,🪨,🪨,🪨,🪨,🪨,🪨,🪨,🪨,🪨,🪨,🪨,🪨,🪨,🪨,🪨,🪨,🪨,🪨,🪨,🪨,🪨,🪨,🪨,🪨,🪨,🪨,🪨,🪨,🪨,🪨,🪨,🪨,🪨,🪨,🪨,🪨,🪨,🪨,🪨,🪨,🪨,🪨,🪨,🪨,🪨,🪨,🪨,🪨,🪨,🪨,🪨,🪨