id,emoji,useMP,lifeTime,maxSpeed,damage,InfoText,en,zh-Hans,es,fr,de,pt-BR,ko,ru
FIREBALL,🔥,10,1000,0.5,10,前方に放つ火球が命中時に小さな爆発を起こす基本攻撃魔法,A basic attack magic that shoots a fireball forward and creates a small explosion when it hits.,一种基本攻击魔法，可以向前发射火球并在击中时产生小爆炸。,Un ataque mágico básico que dispara una bola de fuego hacia adelante y crea una pequeña explosión cuando impacta.,Une magie d'attaque de base qui tire une boule de feu vers l'avant et crée une petite explosion lorsqu'elle touche.,"Ein grundlegender Angriffszauber, der einen Feuerball nach vorne schießt und beim Aufprall eine kleine Explosion erzeugt.",Um ataque mágico básico que dispara uma bola de fogo para frente e cria uma pequena explosão ao atingir.,전방에 발하는 화구가 명중시에 작은 폭발을 일으키는 기본 공격 마법,"Базовая магическая атака, которая стреляет огненным шаром вперед и создает небольшой взрыв при попадании."
ICE,❄️,8,1200,0.6,8,氷の矢を飛ばし命中した敵の移動速度を短時間低下させる,Fires ice arrows that briefly slow down the movement speed of enemies hit.,发射冰箭，短暂减缓被击中的敌人的移动速度。,Dispara flechas de hielo que reducen brevemente la velocidad de movimiento de los enemigos alcanzados.,Tire des flèches de glace qui ralentissent brièvement la vitesse de déplacement des ennemis touchés.,"Feuert Eispfeile ab, die die Bewegungsgeschwindigkeit getroffener Feinde kurzzeitig verlangsamen.",Dispara flechas de gelo que reduzem brevemente a velocidade de movimento dos inimigos atingidos.,얼음의 화살을 날려 명중한 적의 이동 속도를 단시간 저하시킨다,"Выстреливает ледяными стрелами, которые ненадолго замедляют скорость передвижения пораженных врагов."
LIGHTNING,⚡,15,800,0.8,15,直線状に稲妻を走らせ即時高ダメージを与える貫通魔法,A piercing magic spell that deals high damage instantly by sending lightning bolts in a straight line.,一种穿透魔法，通过直线发射闪电来立即造成高伤害。,Un hechizo mágico penetrante que causa un gran daño instantáneamente enviando rayos en línea recta.,Un sort magique perçant qui inflige instantanément des dégâts importants en envoyant des éclairs en ligne droite.,"Ein durchdringender Zauberspruch, der durch das Senden von Blitzen in einer geraden Linie sofort großen Schaden verursacht.",Um feitiço mágico penetrante que causa alto dano instantaneamente ao enviar raios em linha reta.,직선상으로 번개를 달리며 즉시 높은 데미지를 주는 관통 마법,"Пронзающее магическое заклинание, которое мгновенно наносит большой урон, посылая молнии по прямой линии."
TORNADO,🌪️,12,1500,0.4,9,渦巻く突風で敵を引き寄せながら持続ダメージを与える,A swirling gust of wind pulls enemies in and deals continuous damage.,一阵旋转的阵风将敌人拉过来并造成持续伤害。,Una ráfaga de viento arremolinada atrae a los enemigos y les inflige daño continuo.,Une rafale de vent tourbillonnante attire les ennemis et leur inflige des dégâts continus.,Ein wirbelnder Windstoß zieht Feinde heran und verursacht kontinuierlich Schaden.,Uma rajada de vento atrai os inimigos e causa dano contínuo.,소용돌이치는 돌풍으로 적을 끌어들이면서 지속 데미지를 준다,Закручивающийся порыв ветра притягивает врагов и наносит им постоянный урон.
METEOR,☄️,25,600,0.9,22,頭上から隕石を呼び出し着弾点で大爆発を起こす,"Summons a meteorite from above, causing a huge explosion at the point of impact.",从上方召唤一颗陨石，在撞击点引起巨大的爆炸。,"Invoca un meteorito desde arriba, provocando una enorme explosión en el punto de impacto.","Invoque une météorite d'en haut, provoquant une énorme explosion au point d'impact.","Beschwört einen Meteoriten von oben herauf, der am Aufprallpunkt eine gewaltige Explosion verursacht.","Invoca um meteorito do alto, causando uma enorme explosão no ponto de impacto.",머리 위에서 운석을 호출 착탄점에서 대폭발을 일으킨다,"Вызывает метеорит сверху, вызывая огромный взрыв в точке падения."
EXPLOSION,💥,18,500,0.3,20,その場で瞬間的に大爆発を起こす広範囲魔法（自分は無傷）,A wide-range magic spell that instantly causes a large explosion on the spot (self unharmed),大范围魔法，瞬间在原地引发大爆炸（自身无伤）,Un hechizo mágico de amplio alcance que provoca instantáneamente una gran explosión en el lugar (sin sufrir daño alguno).,Un sort magique à large portée qui provoque instantanément une grande explosion sur place (sans se blesser),"Ein Zauberspruch mit großer Reichweite, der sofort eine große Explosion an Ort und Stelle verursacht (selbst unverletzt).",Um feitiço mágico de amplo alcance que causa instantaneamente uma grande explosão no local (não se machuca),그 자리에서 순간적으로 대폭발을 일으키는 광범위한 마법(자신은 무상),"Широкомасштабное магическое заклинание, которое мгновенно вызывает большой взрыв на месте (не причиняя вреда самому себе)."
GUST,💨,6,400,1,5,高速突風で一直線に射程を薙ぎ払う,A high-speed gust of wind sweeps across the range in a straight line.,一阵高速的狂风直线席卷山脉。,Una ráfaga de viento de alta velocidad recorre la cordillera en línea recta.,Une rafale de vent à grande vitesse balaie la chaîne en ligne droite.,Eine schnelle Windböe fegt in gerader Linie über die Bergkette.,Uma rajada de vento de alta velocidade varre a cordilheira em linha reta.,고속 돌풍으로 일직선으로 사거리를 얹고,Сильный порыв ветра проносится через хребет по прямой линии.
BUBBLE,🫧,7,1800,0.3,6,泡で敵を包み短時間行動不能にする（ダメージ小）,"Wraps enemies in bubbles, immobilizing them for a short period of time (small damage)",将敌人包裹在气泡中，使其短时间内无法移动（造成小额伤害）,"Envuelve a los enemigos en burbujas, inmovilizándolos por un corto período de tiempo (daño pequeño)","Enveloppe les ennemis dans des bulles, les immobilisant pendant une courte période (petits dégâts)",Hüllt Feinde in Blasen und macht sie für kurze Zeit bewegungsunfähig (geringer Schaden),"Envolve os inimigos em bolhas, imobilizando-os por um curto período de tempo (pequeno dano)",거품으로 적을 감싸 단시간 행동 불능으로 한다(데미지 소),"Окутывает врагов пузырями, обездвиживая их на короткий промежуток времени (небольшой урон)"
RAINBOW,🌈,20,1200,0.5,0,七色の光が味方を回復・バフし敵には微弱ダメージ,Rainbow light heals and buffs allies and deals slight damage to enemies,彩虹光可以治疗并增强盟友，并对敌人造成轻微伤害,La luz del arcoíris cura y mejora a los aliados e inflige un daño leve a los enemigos.,La lumière arc-en-ciel soigne et améliore les alliés et inflige de légers dégâts aux ennemis,Regenbogenlicht heilt und stärkt Verbündete und fügt Feinden leichten Schaden zu,A luz do arco-íris cura e fortalece aliados e causa dano leve aos inimigos,일곱 색의 빛이 아군을 회복 · 버프하고 적에게는 미약 데미지,"Радужный свет исцеляет и усиливает союзников, а также наносит небольшой урон врагам."
WEB,🕸️,9,2000,0.2,4,粘着性の糸を張り巡らせ敵の移動速度を大幅低下,Spreads sticky threads to greatly reduce enemy movement speed.,散布粘性丝线以大幅降低敌人的移动速度。,Extiende hilos pegajosos para reducir en gran medida la velocidad de movimiento del enemigo.,Répand des fils collants pour réduire considérablement la vitesse de déplacement de l'ennemi.,"Verbreitet klebrige Fäden, um die Bewegungsgeschwindigkeit des Gegners erheblich zu verringern.",Espalha fios pegajosos para reduzir bastante a velocidade de movimento do inimigo.,점착성의 실을 휘둘러 적의 이동 속도를 대폭 저하,"Распространяет липкие нити, значительно снижающие скорость передвижения врагов."
POISONSTING,🦂,14,1000,0.7,12,毒針を撃ち込み時間経過で追加ダメージを与える,Shoots poison needles and deals additional damage over time.,射出毒针并随着时间的推移造成额外伤害。,Dispara agujas venenosas y causa daño adicional a lo largo del tiempo.,Tire des aiguilles empoisonnées et inflige des dégâts supplémentaires au fil du temps.,Schießt Giftnadeln und verursacht mit der Zeit zusätzlichen Schaden.,Atira agulhas envenenadas e causa dano adicional ao longo do tempo.,독침을 쏘고 시간 경과로 추가 데미지를 준다,Стреляет отравленными иглами и наносит дополнительный урон с течением времени.
SWORDSLASH,🗡️,4,300,0.3,11,前方を素早く薙ぎ払う近接斬撃。低MPで手数を稼げる,A close-combat slash that quickly sweeps forward. It requires low MP and can be used multiple times.,近战斩击，快速向前挥动。消耗魔法值较低，可多次使用。,Un corte de combate cuerpo a cuerpo que barre rápidamente hacia adelante. Requiere pocos PM y puede usarse varias veces.,Une attaque au corps à corps qui se propage rapidement vers l'avant. Elle nécessite peu de PM et peut être utilisée plusieurs fois.,"Ein Nahkampfhieb, der schnell nach vorne fegt. Er benötigt wenig MP und kann mehrfach verwendet werden.",Um golpe de combate corpo a corpo que avança rapidamente. Requer poucos MP e pode ser usado várias vezes.,전방을 재빠르게 얹어내는 근접 참격.,"Удар ближнего боя, который быстро наносится вперёд. Требует мало маны и может быть использован несколько раз."
GREATAxe,🪓,6,400,0.3,15,重量級の斧で振り下ろし大ダメージ。発生はやや遅い,A heavy axe that deals heavy damage. Startup is somewhat slow.,一把造成巨大伤害的重型斧头。启动速度略慢。,Un hacha pesada que inflige mucho daño. El arranque es algo lento.,Une hache lourde qui inflige d'importants dégâts. Le démarrage est un peu lent.,"Eine schwere Axt, die großen Schaden verursacht. Der Start ist etwas langsam.",Um machado pesado que causa muito dano. O início é um pouco lento.,무게급 도끼로 내려와 대미지.,"Тяжёлый топор, наносящий большой урон. Запуск довольно медленный."
HAMMERCRUSH,🔨,7,500,0.3,18,ハンマーを叩きつけ小範囲をスタンさせる衝撃波を発生,"Slams the hammer down, creating a shock wave that stuns a small area.",用锤子猛击，产生冲击波，震慑小范围区域。,"Golpea el martillo, creando una onda de choque que aturde un área pequeña.","Frappe le marteau, créant une onde de choc qui étourdit une petite zone.","Schlägt mit dem Hammer nach unten und erzeugt eine Schockwelle, die einen kleinen Bereich betäubt.","Bate o martelo no chão, criando uma onda de choque que atordoa uma pequena área.",망치를 두드려 소범위를 스탠 시키는 충격파를 발생,"Ударяет молотом вниз, создавая ударную волну, которая оглушает небольшую область."
TRIDENTTHRUST,🔱,5,350,0.3,13,長槍で一直線を突き刺すリーチ長めの近接攻撃,A long-reaching melee attack that stabs the enemy in a straight line with a long spear.,一种远距离近战攻击，使用长矛沿直线刺杀敌人。,Un ataque cuerpo a cuerpo de largo alcance que apuñala al enemigo en línea recta con una lanza larga.,Une attaque de mêlée à longue portée qui poignarde l'ennemi en ligne droite avec une longue lance.,"Ein weitreichender Nahkampfangriff, bei dem der Feind mit einem langen Speer in gerader Linie erstochen wird.",Um ataque corpo a corpo de longo alcance que apunhala o inimigo em linha reta com uma lança longa.,장창으로 일직선을 찌르는 리치 긴 근접 공격,"Дальнобойная атака ближнего боя, во время которой противник наносится удар длинным копьем по прямой линии."
SHIELDBASH,🛡️,3,250,0.4,8,盾で体当たりしノックバック付与。ガード中でも発動可能,Shield rams into opponent and knocks them back. Can be activated even while guarding.,盾牌撞击对手并将其击退。防守时也可激活。,El escudo embiste al oponente y lo derriba. Se puede activar incluso en defensa.,Le bouclier percute l'adversaire et le repousse. Activable même en défense.,Der Schild rammt den Gegner und stößt ihn zurück. Kann auch während der Verteidigung aktiviert werden.,O escudo atinge o oponente e o repele. Pode ser ativado mesmo durante a defesa.,방패로 몸 당해 녹백 부여. 가드 중에서도 발동 가능,Щит врезается в противника и отбрасывает его назад. Можно активировать даже во время защиты.
DEFAULTENEMYATTACK,💥,3,500,0.2,5,打撃,Strike,罢工,Huelga,Grève,Schlagen,Batida,타격,Ударять