🏔️,⛰️,⛰️,🏔️,,🏔️,,⛰️,🏔️,,🏔️,⛰️,⛰️,⛰️,⛰️,⛰️,🏔️,🏔️,⛰️,🏔️,🏔️,🏔️,🏔️,🏔️,🏔️,🏔️,,⛰️,🏔️,⛰️,,🏔️,,⛰️,🏔️,,⛰️,,🏔️,⛰️,⛰️,🏔️,🏔️,🏔️,🏔️,,🏔️,🏔️,,🏔️,🏔️,⛰️,⛰️,🏔️,,,🏔️,🏔️,,🏔️,🏔️,⛰️,,,⛰️,🏔️,🏔️,🏔️,🏔️,⛰️,,🏔️,🏔️,,🏔️,,🏔️,,,,⛰️,⛰️,,⛰️,🏔️,🏔️,,⛰️,,⛰️,🏔️,,🏔️,,⛰️,⛰️,,,🏔️,⛰️,,🏔️,⛰️,,⛰️,⛰️,⛰️,🏔️,🏔️,⛰️,🏔️,⛰️,🏔️,🏔️,⛰️,,,,🏔️,⛰️,,,⛰️,🗻,⛰️,⛰️,,⛰️,,🏔️,⛰️,🏔️,🏔️,,⛰️,🏔️,🏔️,⛰️,⛰️,,,⛰️,⛰️,⛰️,⛰️,⛰️,🏔️,🏔️,⛰️,🏔️,🏔️,⛰️,,⛰️,🏔️,⛰️,⛰️,🌊,🌊,🌊,🌊,🌊,🌊,🌊,🌊,🌊,🌊,🌊,🌊,🌊,🌊,🌊,🌊,🌊,🌊,🌊,🌊,🌊,🌊,🌊,🌊,🌊,🌊,🌊,🌊,🌊,🌊,🌊,🌊,🌊,🌊,🌊
,🏔️,,🏔️,🏔️,⛰️,,⛰️,,,,🏔️,,,🏔️,,🏔️,,⛰️,,⛰️,🏔️,⛰️,⛰️,🏔️,⛰️,🏔️,⛰️,,,⛰️,⛰️,,⛰️,⛰️,🏔️,,🏔️,🏔️,🏔️,🏔️,⛰️,⛰️,,,,,⛰️,,,,⛰️,🏔️,,,,🏔️,⛰️,,🏔️,⛰️,⛰️,⛰️,🏔️,,⛰️,⛰️,🏔️,🏔️,,🏔️,⛰️,🏔️,⛰️,⛰️,,⛰️,,⛰️,⛰️,🏔️,🏔️,⛰️,,⛰️,🏔️,🏔️,⛰️,⛰️,⛰️,🏔️,⛰️,⛰️,⛰️,⛰️,⛰️,⛰️,⛰️,⛰️,⛰️,⛰️,⛰️,⛰️,⛰️,⛰️,⛰️,⛰️,⛰️,⛰️,⛰️,⛰️,⛰️,⛰️,⛰️,⛰️,⛰️,⛰️,⛰️,⛰️,⛰️,,🏔️,🏔️,⛰️,🏔️,⛰️,,🏔️,🏔️,🏔️,🏔️,,🏔️,,,🏔️,🏔️,⛰️,🏔️,⛰️,🏔️,⛰️,🏔️,🌊,🌊,🌊,🌊,🌊,🌊,🌊,🌊,🌊,🌊,🌊,🌊,🌊,🌊,🌊,🌊,🌊,🌊,🌊,🌊,🌊,🌊,🌊,🌊,🌊,🌊,🌊,🌊,🌊,🌊,🌊,🌊,🌊,🌊,🌊,🌊,🌊,🌊,🌊,🌊,🌊,🌊,🌊,🌊,🌊,🌊,🌊,🌊,🌊
🏔️,🏔️,,⛰️,,,,⛰️,⛰️,⛰️,🏔️,🏔️,,⛰️,🏔️,🏔️,⛰️,🏔️,,🏔️,🏔️,🏔️,🏔️,🏔️,🏔️,⛰️,,🏔️,🏔️,⛰️,🏔️,⛰️,⛰️,⛰️,⛰️,,,🏔️,⛰️,⛰️,🏔️,⛰️,⛰️,🏔️,🏔️,,🏔️,⛰️,,,🏔️,⛰️,,⛰️,,⛰️,🏔️,,🏔️,,⛰️,⛰️,,🏔️,⛰️,⛰️,🏔️,,🏔️,⛰️,⛰️,⛰️,🏔️,,🏔️,⛰️,,⛰️,,,🏔️,⛰️,⛰️,🏔️,,⛰️,,⛰️,⛰️,⛰️,⛰️,⛰️,⛰️,⛰️,⛰️,⛰️,⛰️,⛰️,⛰️,⛰️,⛰️,⛰️,⛰️,⛰️,⛰️,⛰️,⛰️,⛰️,⛰️,⛰️,⛰️,⛰️,⛰️,⛰️,⛰️,⛰️,⛰️,⛰️,⛰️,⛰️,⛰️,⛰️,⛰️,⛰️,🏔️,,⛰️,🏔️,🏔️,,⛰️,🏔️,🏔️,,,⛰️,🏔️,⛰️,,🏔️,,🏔️,🌊,🌊,🌊,🌊,🌊,🌊,🌊,🌊,🌊,🌊,🌊,🌊,🌊,🌊,🌊,🌊,🌊,🌊,🌊,🌊,🌊,🌊,🌊,🌊,🌊,🌊,🌊,🌊,🌊,🌊,🌊,🌊,🌊,🌊,🌊,🌊,🌊,🌊,🌊,🌊,🌊,🌊,🌊,🌊,🌊,🌊,🌊,🌊,🌊,🌊
,,⛰️,,,🏔️,🏔️,,⛰️,,,,,🏔️,⛰️,⛰️,🏔️,🏔️,🏔️,🏔️,🏔️,🏔️,🏔️,,,🏔️,🏔️,⛰️,⛰️,⛰️,,,,,⛰️,,,,,,⛰️,,,,⛰️,,,,,,,,,,,⛰️,🏔️,⛰️,🏔️,🏔️,🏔️,🏔️,⛰️,,,,,,,,,,,,,,,,,,,,,,🏔️,⛰️,⛰️,⛰️,⛰️,⛰️,⛰️,⛰️,⛰️,⛰️,⛰️,⛰️,⛰️,,,,,,,🌲,🌲,🌲,🌲,🌲,🌲,🌲,🌲,🌲,🌲,🌲,🌲,,,,,⛰️,⛰️,⛰️,⛰️,⛰️,⛰️,⛰️,,🏔️,,,⛰️,,,🏔️,⛰️,,,,,,,🌊,🌊,🌊,🌊,🌊,🌊,🌊,🌊,🌊,🌊,🌊,🌊,🌊,🌊,🌊,🌊,🌊,🌊,🌊,🌊,🌊,🌊,🌊,🌊,🌊,🌊,🌊,🌊,🌊,🌊,🌊,🌊,🌊,🌊,🌊,🌊,🌊,🌊,🌊,🌊,🌊,🌊,🌊,🌊,🌊,🌊,🏚️,🌊,🌊,🌊,🌊
🏔️,🏔️,⛰️,,🏔️,🏔️,,⛰️,⛰️,,,,,⛰️,⛰️,⛰️,🏔️,,🏔️,⛰️,🏔️,🏔️,🏔️,⛰️,,,⛰️,,⛰️,🏔️,,⛰️,⛰️,,🏔️,🏔️,,,,,⛰️,🏔️,🏔️,🏔️,🏔️,,,,,,,,,,,,,,,,,,,,,,,,,,,,,,,,,,,,,,,,⛰️,,⛰️,⛰️,⛰️,⛰️,⛰️,⛰️,⛰️,⛰️,⛰️,⛰️,⛰️,,🌲,🌲,🌲,🌲,🌲,🌲,🌲,🌲,🌲,🌲,🌲,🌲,🌲,🌲,🌲,🌲,🌲,🌲,🌲,🌲,🌲,🌲,,,⛰️,⛰️,⛰️,⛰️,⛰️,,,,,,,,,,,,,,🌊,🌊,🌊,🌊,,,,,,,,,,,,🌊,🌊,🌊,🌊,🌊,🌊,🌊,🌊,🌊,🌊,🌊,🌊,🌊,🌊,🌊,🌊,🌊,🌊,🌊,🌊,🌊,🌊,🌊,🌊,🌊,🌊,🌊,🌊,🌊,🌊,🌊,🌊,🌊,🌊,🌊,🌊,🌊
,⛰️,🏔️,,⛰️,,,⛰️,,,,🏠,,🌊,🌊,🌊,🌊,🌊,🌊,🌊,🌊,🌊,🌊,🌊,🌊,🌊,🌊,🌊,🌊,🌊,🌊,🌊,🌊,🌊,🌊,🌊,🌊,,⛰️,🏔️,,🏔️,🏔️,,,🌲,,,,,,,,,,,,,,,,,,,,,,,,,,,,,,,,,,,,,,,,⛰️,⛰️,🏔️,⛰️,⛰️,⛰️,⛰️,⛰️,⛰️,⛰️,⛰️,,,🌲,🌲,🌲,🌲,🌲,🌲,🌲,,,,,,,,,🌲,🌲,🌲,🌲,🌲,🌲,🌲,🌲,🌲,,,⛰️,⛰️,⛰️,,,,🧱,🧱,🧱,🧱,🧱,,,,🌊,🌊,🌊,🌊,🌊,,,,,,,,,,,,,🌊,🌊,🌊,🌊,🌊,🌊,🌊,🌊,🌊,🌊,🌊,🌊,🌊,🌊,🌊,🌊,🌊,🌊,🌊,🌊,🌊,🌊,🌊,🌊,🌊,🌊,🌊,🌊,🌊,🌊,🌊,🌊,🌊,🌊,🌊,🌊,🌊
,,🏔️,,🏔️,⛰️,,🏔️,🏔️,,,,,🌊,🌊,🌊,🌊,🌊,🌊,🌊,🌊,🌊,🌊,🌊,🌊,🌊,🌊,🌊,🌊,🌊,🌊,🌊,🌊,🌊,🌊,🌊,🌊,🌊,⛰️,,,,,⛰️,🏔️,,🌳,🌲,🌳,,,,,,,,,,,,,,,,,,,,,,,,🌾,,,🌾,🌾,🌾,🌾,🌾,,🌾,,,,🏔️,⛰️,⛰️,⛰️,⛰️,⛰️,⛰️,⛰️,⛰️,,,🌲,🌲,🌲,🌲,,,,,,,,,,,,,,,,,,,🌲,🌲,🌲,🌲,🌲,,,⛰️,⛰️,⛰️,,🧱,🧱,,,,🧱,🧱,,,🌊,🌊,🌊,,,,,,,,,,,,,,,,,🌊,🌊,🌊,🌊,🌊,🌊,🌊,🌊,🌊,🌊,🌊,🌊,🌊,🌊,🌊,🌊,🌊,🌊,🌊,🌊,🌊,🌊,🌊,🌊,🌊,🌊,🌊,🌊,🌊,🌊,🌊,🌊,🌊,🌊,🌊
⛰️,🏔️,🏔️,🏔️,⛰️,🏔️,🏔️,,⛰️,,,,,,🏔️,⛰️,⛰️,,🏔️,⛰️,,⛰️,🏔️,⛰️,⛰️,⛰️,⛰️,🏔️,🏔️,🏔️,,,🏔️,,,🌊,🌊,🌊,🌊,,⛰️,🏔️,,🏔️,🏔️,🌲,🌲,,🌳,,,🌳,,,,,,,,,,,,,,,,🌾,🌾,🌾,,🌾,🌾,🌾,🌾,🌾,🌾,🌾,🌾,🌾,🌾,,🌾,,,,⛰️,⛰️,⛰️,⛰️,⛰️,⛰️,⛰️,⛰️,,🌲,🌲,🌲,🌲,🌲,,,,,,,,,,,,,,,,,,,,,🌲,🌲,🌲,🌲,🌲,,⛰️,⛰️,,🧱,,,🏕️,,,🧱,,🌊,🌊,🌊,,,,,,,,,,,,,,,,,,🌊,🌊,🌊,🌊,🌊,🌊,🌊,🌊,🌊,🌊,🌊,🌊,🌊,🌊,🌊,🌊,🌊,🌊,🌊,🌊,🌊,🌊,🌊,🌊,🌊,🌊,🌊,🌊,🌊,🌊,🌊,🌊,🌊,🌊,🌊
🏔️,,⛰️,,⛰️,⛰️,⛰️,,🏔️,,,,,⛰️,⛰️,🏔️,🏔️,,⛰️,⛰️,,⛰️,🏔️,🏔️,⛰️,,⛰️,⛰️,🏔️,,⛰️,🏔️,⛰️,🏔️,,🏔️,🌊,🌊,🌊,🌊,🏔️,,⛰️,⛰️,⛰️,,🌳,🌳,🌳,,,,,,,,,,,,,,,,,,,🌾,,🌾,🌾,🌾,🌾,🌾,🌾,🌾,🌾,🌾,🌾,🌾,🌾,🌾,🌾,,,,🏔️,⛰️,⛰️,⛰️,⛰️,⛰️,,🌲,🌲,🌲,🌲,🌲,,,,,,,,,,,,,,,,,,,,,,,,,🌲,🌲,🌲,,⛰️,⛰️,⛰️,🧱,🏠,,,,🏠,🧱,🌊,🌊,🌊,🌊,,,,,,,,,,,,,,,,,,,,🌊,🌊,🌊,🌊,🌊,🌊,🌊,🌊,🌊,🌊,🌊,🌊,🌊,🌊,🌊,🌊,🌊,🌊,🌊,🌊,🌊,🌊,🌊,🌊,🌊,🌊,🌊,🌊,🌊,🌊,🌊,🌊,🌊
🏔️,,,,⛰️,⛰️,🏔️,🏔️,⛰️,,,🏔️,🏔️,🏔️,,🏔️,🏔️,,🌲,🌳,🌳,🌳,,⛰️,⛰️,⛰️,⛰️,,⛰️,,🏔️,,🏔️,,🏔️,🏔️,⛰️,🌊,🌊,🌊,🌊,⛰️,🏔️,⛰️,🏔️,🌲,,🌳,🌲,🌲,🌲,,,🌳,🌲,🌲,🌳,🌲,🌲,,,,,,,,,🌾,🌾,🌾,🌾,🌾,🌾,🌾,🌾,🌾,🌾,🌾,🌾,🌾,🌾,🌾,🌾,🌾,,,,⛰️,⛰️,⛰️,⛰️,,🌲,🌲,🌲,🌲,,,,,,,,,,,,,,,,,,,,,,,,,,,,🌲,🌲,🌲,⛰️,⛰️,⛰️,🧱,,,,,,🧱,🌊,🌊,🌊,,,,,,,,,,,,,,,,,,,,,🌊,🌊,🌊,🌊,🌊,🌊,🌊,🌊,🌊,🌊,🌊,🌊,🌊,🌊,🌊,🌊,🌊,🌊,🌊,🌊,🌊,🌊,🌊,🌊,🌊,🌊,🌊,🌊,🌊,🌊,🌊,🌊,🌊
,,,,,🏔️,,,,🏔️,,,🏔️,,,🏔️,🌳,🌳,🌳,🌲,🧱,🧱,🧱,🧱,🧱,⛰️,,🏔️,🏔️,,,,🏔️,,,🏔️,🏔️,⛰️,🌊,🌊,🌊,🌊,,🌲,🌳,🌲,,🌲,,🌲,,🌲,🌲,🌲,🌳,🌲,,🌳,🌲,,,,,,,,,,,🌾,🌾,🌾,🌾,🌾,🌾,🌾,🌾,🌾,🌾,🌾,🌾,🌾,,🌾,,,,⛰️,⛰️,⛰️,⛰️,,🌲,🌲,🌲,,,,,,,,,,,,,,,,,,,,,,,,,,,,,🌲,🌲,🌲,,⛰️,⛰️,🧱,🧱,🌳,,🌳,🧱,🌊,🌊,🌊,,,,,,,,,,,,,,,,,,,,,,,,,,🌊,🌊,🌊,🌊,🌊,🌊,🌊,🌊,🌊,🌊,🌊,🌊,🌊,🌊,🌊,🌊,🌊,🌊,🌊,🌊,🌊,🌊,🌊,🌊,🌊,🌊,🌊,🌊,🌊
⛰️,⛰️,⛰️,,⛰️,,,🏔️,⛰️,,⛰️,,🏔️,,🏔️,🏔️,,🌳,,🧱,🧱,,,,🧱,🧱,,,🌲,,,🏔️,⛰️,⛰️,,,,,,🌊,🌊,🌊,🌊,🌊,,,🌳,🌳,,,🌲,🌳,🌲,🌲,🌳,,,,🌳,,,,,,,,,,🌾,🌾,🌾,🌾,🌾,🌾,🌾,🌾,🌾,🌾,🌾,🌾,🌾,🌾,🌾,🌾,,,,⛰️,⛰️,⛰️,,🌲,🌲,🌲,,,,,,,,,,,,,,,,,,,,,,,,,,,,,,,🌲,🌲,,⛰️,⛰️,,🟫,,,,🟫,🌊,🌊,🌊,,,,,,,,,,,,,,,,,,,,,,,,,,🌊,🌊,🌊,🌊,🌊,🌊,🌊,🌊,🌊,🌊,🌊,🌊,🌊,🌊,🌊,🌊,🌊,🌊,🌊,🌊,🌊,🌊,🌊,🌊,🌊,🌊,🌊,🌊,🌊
🏔️,🏔️,🏔️,🏔️,,,,,,🏔️,,,🏔️,⛰️,,,,,🌲,🧱,,,🏠,,,🧱,,,,🏔️,🏔️,⛰️,⛰️,⛰️,🏔️,⛰️,,,🏔️,🌲,🌲,🌊,🌊,🌊,🌊,🌊,🌲,,🌳,🌲,,🌲,🌲,,🌳,🌲,🌳,🌲,🌳,,,,,,,,,🌾,🌾,🌾,🌾,🌾,🌾,🌾,🌾,🌾,🌾,🌾,🌾,🌾,🌾,🌾,,🌾,,,,⛰️,⛰️,,,🌲,🌲,🌲,,,,,,,,,,,,,,,,,,,,,,,,,,,,,,,🌲,🌲,🌲,⛰️,⛰️,⛰️,🟫,🟫,🟫,🟫,🟫,🌊,🌊,,,,,,,,,,,,,,,,,,,,,,,,,,,,🌊,🌊,🌊,🌊,🌊,🌊,🌊,🌊,🌊,🌊,🌊,🌊,🌊,🌊,🌊,🌊,🌊,🌊,🌊,🌊,🌊,🌊,🌊,🌊,🌊,🌊,🌊,🌊
🏔️,,⛰️,🏔️,,🏔️,🏔️,🏔️,,,⛰️,⛰️,⛰️,,,🌳,,,🌲,🧱,🏕️,,,,🏡,🧱,,,,🏔️,⛰️,,,🏔️,🏔️,⛰️,⛰️,,🏔️,,,🌲,🌊,🌊,🌊,🌊,🌊,🌲,,🌳,🌲,,🌲,,🌲,🌲,,🌳,🌳,,,,,,,,,,🌾,🌾,🌾,🌾,🌾,🌾,🌾,🌾,🌾,🌾,🌾,🌾,🌾,🌾,🌾,,,,,,⛰️,⛰️,,,🌲,🌲,,,,,,,,,,,,,,,,,,,,,,,,,,,,,,,🌲,🌲,🌲,⛰️,⛰️,⛰️,,,,,,🌊,🌊,,,,,,,,,,,,,,,,,,,,,,,,,,,,,,,🌊,🌊,🌊,🌊,🌊,🌊,🌊,🌊,🌊,🌊,🌊,🌊,🌊,🌊,🌊,🌊,🌊,🌊,🌊,🌊,🌊,🌊,🌊,🌊,🌊
🏔️,🏔️,⛰️,,,⛰️,🏔️,,🏔️,,,,🏔️,⛰️,🏔️,,,,🌳,🧱,,,,,,🧱,,,,🏔️,🏔️,⛰️,,,,🏔️,🏔️,🏔️,⛰️,,,🌲,🌲,🌳,🌊,🌊,🌊,🌊,🌳,🌳,,🌲,🌳,🌳,,,,🌳,🌳,,🌳,,,,,,,,🌾,🌾,🌾,🌾,🌾,🌾,🌾,🌾,🌾,🌾,🌾,🌾,🌾,🌾,,,,,,🏔️,⛰️,⛰️,🏔️,,🌲,🌲,,,,,,,,,,,,,,,,,,,,,,,,,,,,,,,,🌲,🌲,,⛰️,⛰️,,,,,🌊,🌊,🌊,,,,,,,,,,,,,,,,,,,,,,,,,,,,,,,,,,🌊,🌊,🌊,🌊,🌊,🌊,🌊,🌊,🌊,🌊,🌊,🌊,🌊,🌊,🌊,🌊,🌊,🌊,🌊,🌊,🌊,🌊
🏔️,,⛰️,⛰️,⛰️,⛰️,⛰️,🏔️,⛰️,🏔️,🏔️,🏔️,🏔️,,,,,,🌳,🧱,🧱,,🏠,,🧱,🧱,,,,🏔️,🏔️,⛰️,⛰️,🏔️,⛰️,⛰️,🏔️,,🏔️,,,🌲,,,,🌊,🌊,🌊,🌊,🌳,,,,🌲,,🌲,,🌳,🌳,🌲,,,🌳,,,,,🌾,🌾,🌾,🌾,🌾,🌾,🌾,🌾,🌾,🌾,🌾,🌾,🌾,🌾,🌾,,🌾,,,,,🏔️,🏔️,⛰️,,🌲,🌲,,,,,,,,,,,,,,,,,,,,,,,,,,,,,,,,🌲,🌲,,⛰️,⛰️,,,,,🌊,🌊,🌊,,,,,,,,,,,,,,,,,,,,,,,,,,,,,,,,,,,,,🌊,🌊,🌊,🌊,🌊,🌊,🌊,🌊,🌊,🌊,🌊,🌊,🌊,🌊,🌊,🌊,🌊,🌊,🌊
,🏔️,🏔️,🏔️,⛰️,,🏔️,⛰️,🏔️,🏔️,,⛰️,,⛰️,⛰️,⛰️,,,,,🟫,,,,🟫,,,,,,,🏔️,,🏔️,🏔️,⛰️,🏔️,,,,🌳,🌲,🌲,🌲,🌳,🌲,🌊,🌊,🌊,🌊,🌳,,🌲,🌲,🌳,🌲,🌲,🌲,🌲,,🌳,,,,,,,,🌾,🌾,🌾,🌾,🌾,🌾,🌾,🌾,🌾,🌾,🌾,🌾,🌾,🌾,🌾,,,,,,,🏔️,⛰️,,🌲,🌲,,,,,,,,,,,,,,,,,,,,,,,,,,,,,,,,🌲,🌲,⛰️,⛰️,⛰️,,,,,🌊,🌊,,,,,,,,,,,,,,,,,,,,,,,,,,,,,,,,,,,,,,,,🌊,🌊,🌊,🌊,🌊,🌊,🌊,🌊,🌊,🌊,🌊,🌊,🌊,🌊,🌊,🌊,🌊
,🏔️,⛰️,🏔️,,🏔️,⛰️,,⛰️,,,🏔️,,🏔️,⛰️,,,,,,🟫,🟫,🟫,🟫,🟫,,,,,,,⛰️,🏔️,⛰️,🏔️,🏔️,🏔️,🏔️,🏔️,,,,🌲,🌲,🌳,,🌳,🌊,🌊,🌊,🌊,🌊,🌳,,🌳,,🌲,🌲,🌲,🌳,🌲,🌳,🌳,,,,🌾,,🌾,🌾,🌾,🌾,🌾,🌾,🌾,🌾,🌾,🌾,🌾,🌾,🌾,🌾,🌾,🌾,🌾,,,,⛰️,⛰️,,,🌲,🌲,,,,,,,,,,,,,,,,,,,,,,,,,,,,,,,,🌲,🌲,⛰️,⛰️,⛰️,,,,,🌊,🌊,,,,,,,,,,,,,,,,,,,,,,,,,,,,,,,,,,,,,,,,,🌊,🌊,🌊,🌊,🌊,🌊,🌊,🌊,🌊,🌊,🌊,🌊,🌊,🌊,🌊,🌊
,🏔️,,🏔️,,⛰️,,⛰️,,⛰️,,⛰️,,,⛰️,,🌲,,,,,,,,,,,,🌳,,⛰️,🏔️,🏔️,⛰️,,🏔️,🌲,🌲,🌲,,,,,🌲,🌳,,,🌳,🌊,🌊,🌊,🌊,🌊,🌲,,,,,🌲,,,🌲,🌳,,,,,🌾,🌾,🌾,🌾,🌾,🌾,🌾,🌾,🌾,🌾,🌾,🌾,🌾,🌾,🌾,🌾,🌾,,,,,,🏔️,⛰️,,🌲,🌲,,,,,,,,,,,,,,,,,,,,,,,,,,,,,,,🌲,🌲,🌲,⛰️,⛰️,,,,,🌊,🌊,🌊,,,,,,,,,,,,,,,,,,,,,,,,,,,,,,,,,,,,,,,,,,,🌊,🌊,🌊,🌊,🌊,🌊,🌊,🌊,🌊,🌊,🌊,🌊,🌊,🌊
,🏔️,,🏔️,,,,,🏔️,🏔️,🏔️,,⛰️,🏔️,,🏔️,🏔️,,,,,,,,,,,,🌳,,🏔️,🏔️,⛰️,,⛰️,🏔️,,,🌲,🌲,,,,🌲,🌳,,🌳,🌳,🌳,,🌊,🌊,🌊,🌊,🌊,🌲,🌳,,🌲,🌲,,,🌲,,,,🌾,,🌾,🌾,🌾,🌾,🌾,🌾,🌾,🌾,🌾,🌾,🌾,🌾,🌾,🌾,🌾,🌾,🌾,,,,🏔️,🏔️,🏔️,,🌲,🌲,🌲,,,,,,,,,,,,,,,,,,,,,,,,,,,,,,🌲,🌲,🌲,⛰️,⛰️,,,,,🌊,🌊,🌊,,,,,,,,,,,,,,,,,,,,,,,,,,,,,,,,,,,,,,,,,,,,,🌊,🌊,🌊,🌊,🌊,🌊,🌊,🌊,🌊,🌊,🌊,🌊
⛰️,🏔️,⛰️,⛰️,🏔️,,⛰️,🏔️,⛰️,,⛰️,,⛰️,🏔️,⛰️,🏔️,🏔️,,,,,,,,,🌲,🌳,,,🌳,,🏔️,🏔️,⛰️,🏔️,🏔️,🌲,,,,🌲,🌲,,🌳,🌲,🌲,🌳,,,🌲,🌳,🌊,🌊,🌊,🌊,🌊,🌊,🌳,,,🌳,,,,,,,🌾,🌾,🌾,🌾,🌾,🌾,🌾,🌾,🌾,🌾,🌾,🌾,🌾,🌾,🌾,🌾,,,,,,⛰️,⛰️,🏔️,,🌲,🌲,🌲,,,,,,,,,,,,,,,,,,,,,,,,,,,,,,🌲,🌲,,⛰️,⛰️,,,,🌊,🌊,🌊,,,,,,,,,,,,,,,,,,,,,,,,,,,,,,,,,,,,,,,,,,,,,,,,🌊,🌊,🌊,🌊,🌊,🌊,🌊,🌊,🌊,🌊
,⛰️,🏔️,,🏔️,⛰️,🏔️,🏔️,🏔️,🏔️,,⛰️,⛰️,🏔️,,🏔️,⛰️,,⛰️,🌲,🌲,🌳,,🌲,🌲,,🌲,,🌲,🌳,⛰️,⛰️,⛰️,,,,🌲,🌳,,🌳,🌲,,🌳,🌳,🌲,🌳,,🌲,,🌳,🌲,🌲,🌳,🌊,🌊,🌊,🌊,🌊,🌊,🌲,🌲,,,,,,,,🌾,🌾,🌾,🌾,🌾,🌾,🌾,🌾,🌾,🌾,🌾,🌾,🌾,🌾,🌾,🌾,,,,,⛰️,⛰️,⛰️,,,🌲,🌲,,,,,,,,,,,,,,,,,,,,,,,,,,,,,,🌲,🌲,,⛰️,⛰️,,,,🌊,🌊,🌊,,,,,,,,,,,,,,,,,,,,,,,,,,,,,,,,,,,,,,,,,,,,,,,,,,🌊,🌊,🌊,🌊,🌊,🌊,🌊,🌊
,🏔️,🏔️,⛰️,🏔️,⛰️,⛰️,🏔️,⛰️,,⛰️,,⛰️,⛰️,,⛰️,⛰️,🏔️,⛰️,🌲,,🌳,🌳,🌲,,,🌳,🌳,,🌳,,⛰️,⛰️,⛰️,🏔️,🏔️,🌳,🌳,🌳,🌳,,🌳,,🌳,🌲,,,🌳,,,,🌳,🌳,,🌳,🌊,🌊,🌊,🌊,🌊,🌊,🌳,,,,,,🌾,,🌾,🌾,🌾,🌾,🌾,🌾,🌾,🌾,🌾,🌾,🌾,🌾,🌾,🌾,,🌾,,,,,⛰️,⛰️,🏔️,,🌲,🌲,,,,,,,,,,,,,,,,,,,,,,,,,,,,,🌲,🌲,🌲,,⛰️,⛰️,,,🌊,🌊,🌊,,,,,,,,,,,,,,,,,,,,,,,,,,,,,,,,,,,,,,,,,,,,,,,,,,,🌊,🌊,🌊,🌊,🌊,🌊,🌊,🌊
⛰️,🏔️,⛰️,,🏔️,⛰️,,,,⛰️,🏔️,,,⛰️,⛰️,🏔️,🏔️,,⛰️,,🌳,🌲,🌳,,🌲,🌲,🌲,🌳,🌲,🌳,🏔️,,🏔️,🏔️,🏔️,🏔️,🌳,,,🌲,🌲,,,🌲,🌲,🌳,🌳,,🌳,🌳,,,,,🌳,🌳,🌲,🌊,🌊,🌊,🌊,🌊,🌊,,,,🌾,🌾,🌾,🌾,🌾,🌾,🌾,🌾,🌾,🌾,🌾,🌾,🌾,🌾,🌾,🌾,🌾,,,,,,,⛰️,⛰️,⛰️,,🌲,🌲,🌲,,,,,,,,,,,,,,,,,,,,,,,,,,,,🌲,🌲,🌲,,⛰️,⛰️,,,🌊,🌊,🌊,,,,,,,,,,,,,,,,,,,,,,,,,,,,,,,,,,,,,,,,,,,,,,,,,,,,🌊,🌊,🌊,🌊,🌊,🌊,🌊
⛰️,🏔️,,⛰️,,🏔️,🏔️,,,⛰️,,,⛰️,🏔️,🏔️,⛰️,🏔️,🏔️,,🌲,,🌳,,,🌲,🌲,🌳,🌲,,🌳,,🏔️,🏔️,,⛰️,⛰️,🌳,🌳,🌳,,,🌳,,,,🌳,,🌲,🌲,,,,,,,,,,,🌊,🌊,🌊,🌊,🌊,,,🌾,,🌾,🌾,🌾,🌾,🌾,🌾,🌾,🌾,🌾,🌾,🌾,🌾,🌾,🌾,🌾,,,,,,,⛰️,⛰️,🏔️,,🌲,🌲,🌲,,,,,,,,,,,,,,,,,,,,,,,,,,,🌲,🌲,🌲,,,⛰️,⛰️,,🌊,🌊,🌊,,,,,,,,,,,,,,,,,,,,,,,,,,,,,,,,,,,,,,,,,,,,,,,,,,,,,🌊,🌊,🌊,🌊,🌊,🌊,🌊
🏔️,⛰️,,⛰️,,,⛰️,⛰️,,⛰️,🏔️,🏔️,🏔️,⛰️,,🏔️,⛰️,,🌳,,🌳,,🌲,,🌳,🌲,,🌳,🌳,,⛰️,⛰️,⛰️,🏔️,⛰️,🏔️,🌳,🌳,🌲,🌲,🌲,🌲,🌲,🌲,🌳,🌳,🌳,🌲,,,,,,,,,,,,,,,🌊,🌊,🌊,,🌾,🌾,🌾,🌾,🌾,🌾,🌾,🌾,🌾,🌾,🌾,🌾,🌾,🌾,🌾,🌾,🌾,🌾,🌾,,,,,🏔️,🏔️,🏔️,,,🌲,🌲,🌲,,,,,,,,,,,,,,,,,,,,,,,,,,🌲,🌊,🌊,🌊,🌊,⛰️,⛰️,⛰️,🌊,🌊,🌊,,,,,,,,,,,,,,,,,,,,,,,,,,,,,,,,,,,,,,,,,,,,,,,,,,,,,,🌊,🌊,🌊,🌊,🌊,🌊
🏔️,🏔️,,🏔️,⛰️,⛰️,⛰️,,🏔️,,🏔️,,⛰️,⛰️,⛰️,⛰️,⛰️,,🌲,,🌳,,,,,🌲,🌳,🌲,🌲,🌳,🏔️,⛰️,⛰️,🏔️,,,🌲,🌲,🌲,🌳,🌲,🌳,🌲,🌳,,,,,,,,,,,,,,,,,,,🌊,🌊,🌊,,,,🌾,🌾,🌾,🌾,🌾,🌾,🌾,🌾,🌾,🌾,🌾,🌾,🌾,🌾,🌾,🌾,,,,,,,⛰️,⛰️,,,🌲,🌲,🌲,🌲,,,,,,,,,,,,,,,,,,,,🌲,🌲,🌲,🌲,🌲,🌊,🌊,🌊,🌊,🌊,⛰️,⛰️,🌊,🌊,🌊,,,,,,,,,,,,,,,,,,,,,,,,,,,,,,,,,,,,,,,,,,,,,,,,,,,,,,,🌊,🌊,🌊,🌊,🌊,🌊
,⛰️,🏔️,,,🌳,🌳,,🌳,,,🌲,🌲,🌲,,🌲,🌳,🌳,🌲,🌲,,🌳,🌳,,🌲,🌳,🌳,🌲,🌳,⛰️,,,🏔️,🏔️,,🌳,🌲,🌲,🌳,🌳,🌳,🌲,🌳,🌲,,,,,,,,,🟫,🟫,🟫,🟫,,,,,,,,🌊,🌊,,,🌾,🌾,🌾,🌾,🌾,🌾,🌾,🌾,🌾,🌾,🌾,🌾,🌾,🌾,🌾,🌾,,🌾,,,,,🏔️,🏔️,🏔️,,🌊,🌊,🌊,🌲,🌲,🌲,🌲,,🌲,🌲,🌲,🌲,🌲,🌲,🌲,🌲,🌲,🌲,🌲,🌲,🌲,🌲,🌲,🌲,🌲,🌲,🌲,🌲,🌲,🌊,🌊,🌊,🌊,⛰️,⛰️,⛰️,🌊,🌊,🌊,,,,,,,,,,,,,,,,,,,,,,,,,,,,,,,,,,,,,,,,,,,,,,,,,,,,,,,,🌊,🌊,🌊,🌊,🌊
🏔️,⛰️,🏔️,,🌳,🌳,,🌳,🌳,,🌳,,🌲,,🌲,,🌳,🌳,🌳,🌳,🌲,🌲,,,,🌲,,🌳,,🏔️,⛰️,⛰️,🏔️,,,🌳,🌲,🌳,,,,🌳,🌲,🌲,🌲,,,,,,,🟫,🟫,,,🟫,🟫,,,,,,,🌊,🌊,🌊,🌾,,🌾,🌾,🌾,🌾,🌾,🌾,🌾,🌾,🌾,🌾,🌾,🌾,🌾,🌾,🌾,🌾,🌾,,,,,⛰️,⛰️,⛰️,,🌊,🌊,🌊,🌊,🌊,🌲,🌲,🌲,🌲,🌲,🌲,🌲,🌲,🌲,🌲,🌲,🌲,🌲,🌲,🌲,🌲,🌲,🌲,🌲,🌲,🌲,,,,⛰️,⛰️,⛰️,⛰️,⛰️,⛰️,⛰️,,,,,,,,,,,,,,,,,,,,,,,,,,,,,,,,,,,,,,,,,,,,,,,,,,,,,,,,,,,🌊,🌊,🌊,🌊,🌊
,⛰️,🏔️,🏔️,🌳,,,🌳,🌲,🌳,🌲,🌲,,🌳,,🌳,,🌲,🌲,,🌲,,,🌳,🌲,🌲,🌲,🌲,🌳,,🏔️,,,⛰️,🌲,🌳,,,,🌳,🌲,,🌲,🌲,,,,,,,,🟫,,,,,🟫,,,,,,,🌊,🌊,🌊,🌊,,🌾,🌾,🌾,🌾,🌾,🌾,🌾,🌾,🌾,🌾,🌾,🌾,🌾,🌾,,,🌾,,,,,,⛰️,,🌊,🌊,🌊,🌊,🌊,🌊,🌲,🌲,🌲,🌲,🌲,,⛰️,⛰️,⛰️,⛰️,⛰️,⛰️,⛰️,⛰️,⛰️,⛰️,⛰️,⛰️,⛰️,⛰️,⛰️,⛰️,⛰️,⛰️,⛰️,⛰️,⛰️,⛰️,⛰️,⛰️,,,,,,,,,,,,,,,,,,,,,,,,,,,,,,,,,,,,,,,,,,,,,,,,,,,,,,,,,,,,🌊,🌊,🌊,🌊,🌊
,🏔️,⛰️,,,,,🌳,🌲,,🌲,,🌳,🌲,,🌳,,,🌲,🌲,🌲,,🌳,🌲,,🌲,,,🌲,🌳,🏔️,⛰️,⛰️,🏔️,🌲,🌲,🌲,🌳,🌲,🌳,🌳,🌳,🌲,,,,,,🧱,🧱,🧱,🧱,🧱,,,🧱,🧱,🧱,🧱,🧱,,,,,🌊,🌊,🌊,,🌾,🌾,🌾,🌾,🌾,🌾,🌾,🌾,🌾,🌾,🌾,🌾,🌾,🌾,,🌾,,,,,,⛰️,⛰️,⛰️,🌊,🌊,🌊,,⛰️,⛰️,⛰️,⛰️,⛰️,⛰️,⛰️,⛰️,⛰️,⛰️,⛰️,⛰️,⛰️,⛰️,⛰️,⛰️,⛰️,⛰️,⛰️,⛰️,⛰️,⛰️,⛰️,⛰️,⛰️,⛰️,⛰️,⛰️,,,,,,,,,,,,,,,,,,,,,,,,,,,,,,,,,,,,,,,,,,,,,,,,,,,,,,,,,,,,,,,,🌊,🌊,🌊,🌊,🌊
🏔️,🏔️,🏔️,,,🌳,🌳,,🌳,,🌲,🌳,,,,,🌳,🌳,🌳,,🌲,🌲,,🌲,🌲,🌳,🌳,🌲,🌲,🌲,⛰️,🏔️,,,,🌳,🌳,,🌳,🌳,🌲,,,,,,,,🧱,🌳,,,,,,,,,🌳,🧱,,,,,,🌊,🌊,🌾,🌾,🌾,🌾,🌾,🌾,🌾,🌾,🌾,🌾,🌾,🌾,🌾,🌾,🌾,🌾,🌾,🌾,,,,,⛰️,⛰️,🏔️,🌊,🌊,🌊,⛰️,⛰️,⛰️,⛰️,⛰️,⛰️,⛰️,⛰️,⛰️,⛰️,,,,,,,,,,,,,,,,,,,,,,,,,,,,,,,,,,,,,,,,,,,,,,,,,,,,,,,,,,,,,,,,,,,,,,,,,,,,,,,,,,,🌊,🌊,🌊,🌊,🌊
⛰️,🏔️,⛰️,,,,,,,🌲,,,🌲,🌲,🌲,🌳,,,,,,,🌳,🌲,🌳,🌳,,🌳,,🌲,🌲,🌳,🌲,,🌳,,🌲,🌲,🌲,🌳,🌲,,,,,,,,🧱,,,,,,,🏡,,,,🧱,,,,,,🌊,🌊,🌾,🌾,🌾,🌾,🌾,🌾,🌾,🌾,🌾,🌾,🌾,🌾,🌾,🌾,🌾,🌾,🌾,🌾,,,,🏔️,⛰️,⛰️,,🌊,🌊,🌊,⛰️,⛰️,⛰️,,,,,,,,,,,,,,,,,,,,,,,,,,,,,,,,,,,,,,,,,,,,,,,,,,,,,,,,,,,,,,,,,,,,,,,,,,,,,,,,,,,,,,,,,,,,🌊,🌊,🌊
🏔️,,,,,,,,,🌳,🌳,🌳,🌳,🌳,🌳,🌲,🌳,,,🌳,🌳,,🌲,🌲,🌲,🌳,,🌳,🌳,,🌲,🌳,🌲,,🌲,,,,,🌲,,,,,,,🟫,🟫,🧱,,,,,,,,,🏡,,🧱,🟫,🟫,,,,🌊,🌊,🌾,🌾,🌾,🌾,🌾,🌾,🌾,🌾,🌾,🌾,🌾,🌾,🌾,🌾,🌾,🌾,,,,,,🏔️,⛰️,⛰️,,🌊,🌊,🌊,⛰️,⛰️,⛰️,,,,,,,,,,,,,,,,,,,,,,,,,,,,,,,,,,,,,,,,,,,,,,,,,,,,,,,,,,,,,,,,,,,,,,,,,,,,,,,,,,,,,,,,,,,,🌊,🌊,🌊
⛰️,🏔️,🏔️,,,,,,🌳,🌳,,,🌲,🌳,🌲,🌲,🌲,🌳,,🌲,,🌲,🌳,🌳,🌲,,🌲,🌲,🌳,,,,,,,🌳,🌲,,🌲,🌳,🌲,,,,,🟫,🟫,,🧱,,,,🏠,,,🏡,,,,🧱,,🟫,🟫,,,🌊,🌊,🌾,🌾,🌾,🌾,🌾,🌾,🌾,🌾,🌾,🌾,🌾,🌾,🌾,🌾,🌾,🌾,🌾,🌾,,,⛰️,🏔️,⛰️,⛰️,⛰️,🌊,🌊,🌊,,⛰️,⛰️,,,,,,,,,,,,,,,,,,,,,,,,,,,,,,,,,,,,,,,,,,,,,,,,,,,,,,,,,,,,,,,,,,,,,,,,,,,,,,,,,,,,,,,,,,,,,🌊,🌊
,🏔️,,🏔️,,,,🌳,🌳,,🌳,🌳,🌳,🌳,🌲,🌳,🌲,🌳,,🌳,🌳,🌳,🌲,,🌳,,,,,,🌲,,🌳,🌲,,,🌲,🌲,🌳,,,,,,,🟫,,,,,🏠,,,,,,,🏡,,,,,🟫,,,,,🌾,🌾,🌾,🌾,🌾,🌾,🌾,🌾,🌾,🌾,🌾,🌾,🌾,🌾,🌾,🌾,🌾,,,,,,⛰️,🏔️,,🌊,🌊,,,⛰️,⛰️,,,,,,,,,,,,,,,,,,,,,,,,,,,,,,,,,,,,,,,,,,,,,,,,,,,,,,,,,,,,,,,,,,,,,,,,,,,,,,,,,,,,,,,,,,,,⛰️,🌊,🌊
🏔️,,⛰️,,,,,,🌲,🌲,,,🌳,,,🌲,🌲,🌲,,🌲,🌲,,🌳,🌳,🌲,,🌳,🌲,🌳,🌲,,,🌳,,🌳,🌳,,,🌲,🌳,,,,,,🟫,,,,,,,🏠,,,🏡,,,,,,,🟫,,,,,,🌾,🌾,🌾,🌾,🌾,🌾,🌾,🌾,🌾,🌾,🌾,🌾,🌾,🌾,🌾,,,,,,🏔️,⛰️,🏔️,🌊,🌊,🌊,,⛰️,⛰️,⛰️,,,,,,,,,,,,,,,,,,,,,,,,,,,,,,,,,,,,,,,,,,,,,,,,,,,,,,,,,,,,,,,,,,,,,,,,,,,,,,,,,,,,,,,,,,,,⛰️,🏔️,
🏔️,,,,,,🌲,🌳,🌲,🌲,,🌳,🌳,,,,,🌲,🌳,🌲,🌳,,🌲,,🌳,,,🌲,,🌳,🌲,🌳,🌲,🌳,,🌲,🌳,🌳,🌳,🌳,,,,,,🟫,🟫,,🧱,,🏠,,,,,,,🏡,,🧱,,🟫,🟫,,,🌊,🌊,🌾,,🌾,🌾,🌾,🌾,🌾,🌾,🌾,🌾,🌾,🌾,🌾,🌾,🌾,,🌾,,,,,🏔️,⛰️,,🌊,🌊,🌊,,⛰️,⛰️,⛰️,,,,,,,,,,,,,,,,,,,,,,,,,,,,,,,,,,,,,,,,,,,,,,,,,,,,,,,,,,,,,,,,,,,,,,,,,,,,,,,,,,,,,,,,,,,,,🏔️,🏔️
⛰️,🏔️,⛰️,,,,🌳,🌳,🌳,,,,,🌳,,,🌲,🌲,,🌳,,,🌳,🌲,🌲,,,🌲,🌳,🌳,,🌲,,🌲,🌳,🌲,🌳,🌲,🌳,🌳,,,,,,,🟫,🟫,🧱,,,,,,,🏡,,,,🧱,🟫,🟫,,,,🌊,🌊,,,🌾,🌾,🌾,🌾,🌾,🌾,🌾,🌾,🌾,🌾,🌾,🌾,,🌾,🌾,,,,🏔️,🏔️,⛰️,🏔️,🌊,🌊,,,⛰️,⛰️,,,,,,,,,,,,,,,,,,,,,,,,,,,,,,,,,,,,,,,,,,,,,,,,,,,,,,,,,,,,,,,,,,,,,,,,,,,,,,,,,,,,,,,,,,,,,,🏔️,⛰️
🏔️,,🏔️,,,,🌲,🌳,🌲,🌳,,🌳,🌲,🌲,🌳,🌲,🌲,,🌲,,,🌳,🌲,🌳,🌳,,🌳,,🌲,🌲,,🌲,,,,🌳,,,,,,,,,,,,,🧱,,,,,,,,,,,🧱,,,,,,🌊,🌊,🌾,,🌾,🌾,🌾,🌾,🌾,🌾,🌾,🌾,🌾,🌾,🌾,🌾,,🌾,,,,,,⛰️,⛰️,,🌊,🌊,,,⛰️,⛰️,,,,,,,,,,,,,,,,,,,,,,,,,,,,,,,,,,,,,,,,,,,,,,,,,,,,,,,,,,,,,,,,,,,,,,,,,,,,,,,,,,,,,,,,,,,,,,🏔️,⛰️
🏔️,🏔️,⛰️,,,,🌳,,,🌳,🌳,,,,,,🌲,,🌲,,,,,,,,,,🌳,🌲,🌳,,🌳,🌲,🌲,🌲,🌳,🌲,🌲,,,,,,,,,,🧱,🌳,,,,,,,,,🌳,🧱,,,,,,🌊,🌊,🌾,🌾,🌾,🌾,🌾,🌾,🌾,🌾,🌾,🌾,🌾,🌾,🌾,🌾,,🌾,🌾,,,,🏔️,⛰️,⛰️,,🌊,🌊,,⛰️,⛰️,⛰️,,,,,,,,,,,,,,,,,,,,,,,,,,,,,,,,,,,,,,,,,,,,,,,,,,,,,,,,,,,,,,,,,,,,,,,,,,,,,,,,,,,,,,,,,,,,,,⛰️,
,🏔️,,,,,🌲,🌳,,🌲,,,,,,,,🌲,,,,🌳,🌲,🌲,🌳,🌳,🌳,🌲,,,🌲,🌳,🌲,🌳,,,,🌲,🌳,🌳,,,,,,,,,🧱,🧱,🧱,🧱,🧱,,,🧱,🧱,🧱,🧱,🧱,,,,,,🌊,🌊,🌾,,🌾,🌾,🌾,🌾,🌾,🌾,🌾,🌾,🌾,🌾,🌾,🌾,🌾,,,,,,⛰️,⛰️,🏔️,🌊,🌊,🌊,,⛰️,⛰️,⛰️,,,,,,,,,,,,,,,,,,,,,,,,,,,,,,,,,,,,,,,,,,,,,,,,,,,,,,,,,,,,,,,,,,,,,,,,,,,,,,,,,,,,,,,,,,,,⛰️,⛰️,⛰️,
,⛰️,🏔️,,,,,,🌳,,,,,,,,,🌳,🌲,,,,,,,🌳,🌲,🌲,,,🌳,,,,,🌳,🌳,🌳,🌳,🌲,,,,,,,,,,,,🟫,,,,,🟫,,,,,,,,,🌊,🌊,,,🌾,🌾,🌾,🌾,🌾,🌾,🌾,🌾,🌾,🌾,🌾,🌾,🌾,🌾,,,,🏔️,🏔️,⛰️,,🌊,🌊,🌊,,⛰️,⛰️,,,,,,,,,,,,,,,,,,,,,,,,,,,,,,,,,,,,,,,,,,,,,,,,,,,,,,,,,,,,,,,,,,,,,,,,,,,,,,,,,,,,,,,,,,,,,,,,⛰️
⛰️,,,,,,🌳,,🌳,🌲,,,,,,,,🌲,,🌲,,🌳,,🌲,🌳,🌲,🌳,🌳,,,🌲,,,,🌳,🌲,,🌳,,🌳,,,,,,,,,,,,🟫,🟫,,,🟫,🟫,,,,,,,,,🌊,🌊,🌾,🌾,🌾,🌾,🌾,🌾,🌾,🌾,🌾,🌾,🌾,🌾,🌾,🌾,,,,,,,🏔️,⛰️,🌊,🌊,🌊,,,⛰️,⛰️,,,,,,,,,,,,,,,,,,,,,,,,,,,,,,,,,,,,,,,,,,,,,,,,,,,,,,,,,,,,,,,,,,,,,,,,,,,,,,,,,,,,,,,,,,,,,🏔️,⛰️,⛰️,🪨
,,⛰️,,,,,🌳,,🌳,,,,,,,,🌳,,🌲,🌲,🌲,🌲,,,,,,,,🌳,,🌳,🌲,🌳,🌲,,,,,,,,,,,,,,,,,🟫,🟫,🟫,🟫,,,,,,,,,🌊,🌊,🌊,🌾,🌾,🌾,🌾,🌾,🌾,🌾,🌾,🌾,🌾,🌾,🌾,🌾,🌾,,,,,,⛰️,⛰️,⛰️,🌊,🌊,🌊,,⛰️,⛰️,⛰️,,,,,,,,,,,,,,,,,,,,,,,,,,,,,,,,,,,,,,,,,,,,,,,,,,,,,,,,,,,,,,,,,,,,,,,,,,,,,,,,,,,,,,,,,,,,,⛰️,⛰️,⛰️,🏔️
⛰️,,⛰️,,,,,🌲,🌲,,,,,,,,🌳,🌲,,,🌳,🌲,🌲,🌲,,,,,,,🌲,🌲,,🌲,,,🌳,🌳,,🌳,,,,,,,,,,,,,,,,,,,,,,,,🌊,🌊,🌊,🌾,🌾,🌾,🌾,🌾,🌾,🌾,🌾,🌾,🌾,🌾,🌾,🌾,🌾,🌾,,,,,,⛰️,⛰️,🌊,🌊,🌊,,,⛰️,⛰️,,,,,,,,,,,,,,,,,,,,,,,,,,,,,,,,,,,,,,,,,,,,,,,,,,,,,,,,,,,,,,,,,,,,,,,,,,,,,,,,,,,,,,,,,,,,,,,⛰️,🏔️,
⛰️,🏔️,⛰️,⛰️,⛰️,,,🌳,,,🌲,,,,,,,,,,,,,,,,,,,,,🌳,🌳,,🌲,,,,🌳,🌳,,,,,,,,,,,,,,,,,,,,,,,,🌊,🌊,🌊,,,🌾,🌾,🌾,🌾,🌾,🌾,🌾,🌾,🌾,🌾,🌾,🌾,🌾,,,,,🏔️,⛰️,,🌊,🌊,🌊,,⛰️,⛰️,⛰️,,,,,,,,,,,,,,,,,,,,,,,,,,,,,,,,,,,,,,,,,,,,,,,,,,,,,,,,,,,,,,,,,,,,,,,,,,,,,,,,,,,,,,,,,,,,,,⛰️,⛰️,🏔️,🏔️
⛰️,⛰️,⛰️,⛰️,,,,🌲,🌲,🌲,🌲,🌲,🌳,🌳,🌳,🌲,🌲,🌳,,🌲,🌳,🌲,🌳,,🌲,🌲,🌳,,,,,🌳,🌲,🌳,,🌲,🌲,🌲,🌲,,,,,,,,,,,,,,,,,,,,,,,,,🌊,🌊,,,,🌾,🌾,🌾,🌾,🌾,🌾,🌾,🌾,🌾,🌾,🌾,🌾,,🌾,,,⛰️,,⛰️,🌊,🌊,🌊,,⛰️,⛰️,⛰️,,,,,,,,,,,,,,,,,,,,,,,,,,,,,,,,,,,,,,,,,,,,,,,,,,,,,,,,,,,,,,,,,,,,,,,,,,,,,,,,,,,,,,,,,,,,,,,,🏔️,🏔️,
🏔️,⛰️,⛰️,⛰️,,🏔️,,,,🌳,🌲,,🌲,,,🌲,,🌳,🌲,,,🌳,🌳,,,🌳,🌳,🌲,🌲,🌳,🌲,,🌲,🌳,🌳,,🌲,,,,,,,,,,,,,,,,,,,,,,,,,,,🌊,🌊,,,,🌾,🌾,🌾,🌾,🌾,🌾,🌾,🌾,🌾,🌾,🌾,🌾,,,,🏔️,⛰️,⛰️,🌊,🌊,🌊,🌊,,⛰️,⛰️,⛰️,,,,,,,,,,,,,,,,,,,,,,,,,,,,,,,,,,,,,,,,,,,,,,,,,,,,,,,,,,,,,,,,,,,,,,,,,,,,,,,,,,,,,,,,,,,,,,,,⛰️,🏔️,
🏔️,⛰️,🏔️,,🏔️,⛰️,⛰️,⛰️,,,,,,,🌳,🌳,,🌳,,🌳,🌲,🌳,,🌳,🌲,🌲,🌲,🌲,🌳,🌲,🌲,,🌳,🌳,🌳,🌳,🌳,,,,,,,,,,,,,,,,,,,,,,,,,,,🌊,🌊,,🌾,,🌾,🌾,🌾,🌾,🌾,🌾,🌾,🌾,🌾,🌾,🌾,,🌾,,,⛰️,⛰️,⛰️,🌊,🌊,🌊,,⛰️,⛰️,⛰️,,,,,,,,,,,,,,,,,,,,,,,,,,,,,,,,,,,,,,,,,,,,,,,,,,,,,,,,,,,,,,,,,,,,,,,,,,,,,,,,,,,,,,,,,,,,,,,,,,⛰️,
,,,,🏔️,,🏔️,,,,,,,,,,,,,,,,,,,🌲,🌳,🌲,,🌳,🌲,🌲,🌳,🌲,🌲,🌳,🌲,,🌲,🌲,🌲,🌲,🌲,,,,,,,,,,,,,,,,,,,,,🌊,🌊,,,🌾,🌾,🌾,,🌾,🌾,,🌾,🌾,,🌾,,,,,,⛰️,⛰️,🌊,🌊,🌊,,⛰️,⛰️,⛰️,⛰️,,,,,,,,,,,,,,,,,,,,,,,,,,,,,,,,,,,,,,,,,,,,,,,,,,,,,,,,,,,,,,,,,,,,,,,,,,,,,,,,,,,,,,,,,,,,,,,,,🏔️,⛰️,
⛰️,,⛰️,🏔️,⛰️,,⛰️,⛰️,,🏔️,⛰️,,,,,,,,,,,,,,,,,,,,🌲,🌲,,🌳,🌳,🌳,,🌳,🌳,🌳,🌳,🌲,🌳,🌳,,,,,,,,,,,,,,,,,,,,🌊,🌊,,,,🌾,,🌾,🌾,,,,,,,🌾,,,⛰️,⛰️,🏔️,🌊,🌊,🌊,🌊,⛰️,⛰️,⛰️,⛰️,,,,,,,,,,,,,,,,,,,,,,,,,,,,,,,,,,,,,,,,,,,,,,,,,,,,,,,,,,,,,,,,,,,,,,,,,,,,,,,,,,,,,,,,,,,,,,,,,,,⛰️,⛰️
,🏔️,⛰️,,,🏔️,🏔️,⛰️,⛰️,🏔️,🏔️,,,🏔️,,,,🏔️,🏔️,🏔️,⛰️,,,,,,,,,,,,,,🌳,,,,🌳,🌲,🌲,,,🌳,,,,,,,,,,,,,,,,,,,,🌊,🌊,,,,,,,,,,,,,,,⛰️,🏔️,🏔️,🏔️,🌊,🌊,🌊,🌊,⛰️,⛰️,⛰️,⛰️,,,,,,,,,,,,,,,,,,,,,,,,,,,,,,,,,,,,,,,,,,,,,,,,,,,,,,,,,,,,,,,,,,,,,,,,,,,,,,,,,,,,,,,,,,,,,,,,,,,,🏔️,🏔️
⛰️,,🏔️,⛰️,,,,⛰️,⛰️,🏔️,⛰️,⛰️,🏔️,🏔️,,⛰️,,⛰️,🏔️,🏔️,🏔️,,,🏔️,,⛰️,,,,,,,,,,,,,,🌳,🌳,🌲,🌳,,,,,,,,,,,,,,,,,,,,,🌊,🌊,🌊,🌊,,,,,,,,,,,,🏔️,⛰️,⛰️,,🌊,🌊,🌊,🌊,,⛰️,🏔️,⛰️,,🏔️,,,,,,,,,,,,,,,,,,,,,,,,,,,,,,,,,,,,,,,,,,,,,,,,,,,,,,,,,,,,,,,,,,,,,,,,,,,,,,,,,,,,,,,,,,,,,,,,,,⛰️,🏔️,
🏔️,,,⛰️,,,,,⛰️,⛰️,⛰️,⛰️,⛰️,⛰️,⛰️,⛰️,⛰️,⛰️,🏔️,🏔️,⛰️,🏔️,⛰️,⛰️,⛰️,⛰️,⛰️,🏔️,,,🏔️,🏔️,🏔️,,,,,,,,,,,,,,,,,,,,,,,,,,,,,,,,🌊,🌊,🌊,🌊,🌊,🌊,,,,,,,,,⛰️,🏔️,,🌊,🌊,🌊,🌊,⛰️,⛰️,⛰️,⛰️,⛰️,🏔️,,⛰️,🏔️,🏔️,,,,,,,,,,,,,,,,,,,,,,,,,,,,,,,,,,,,,,,,,,,,,,,,,,,,,,,,,,,,,,,,,,,,,,,,,,,,,,,,,,,,,,,,,,,,,,,🏔️,🏔️,⛰️
🏔️,⛰️,🏔️,⛰️,,,,,,,,,,,,,,,,⛰️,⛰️,,⛰️,🏔️,⛰️,,⛰️,⛰️,⛰️,⛰️,⛰️,🏔️,⛰️,,,⛰️,🏔️,,🏔️,,,,,,,,,,,,,,,,,,,,,,,,,,,🌊,🌊,🌊,🌊,🌊,🌊,🌊,🌊,🌊,🌊,🌊,🌊,🌊,🌊,🌊,🌊,🌊,🌊,🌊,⛰️,⛰️,⛰️,⛰️,,,,⛰️,🏔️,⛰️,⛰️,,⛰️,,,,,,,,,,,,,,,,,,,,,,,,,,,,,,,,,,,,,,,,,,,,,,,,,,,,,,,,,,,,,,,,,,,,,,,,,,,,,,,,,,,,,,,,,,,,,,⛰️,🏔️
,⛰️,⛰️,⛰️,,,,,,,,,,,,,,,,,,,,,⛰️,,,,🏔️,,⛰️,,⛰️,🏔️,🏔️,,,🏔️,⛰️,⛰️,,⛰️,⛰️,,⛰️,⛰️,🏔️,,,,,,,,,,,,,,,,,,,,,,🌊,🌊,🌊,🌊,🌊,🌊,🌊,🌊,🌊,🌊,🌊,🌊,🌊,🌊,⛰️,⛰️,⛰️,⛰️,⛰️,,,⛰️,,,,,🏔️,⛰️,⛰️,,🏔️,,⛰️,,,,,,,,,,,,,,,,,,,,,,,,,,,,,,,,,,,,,,,,,,,,,,,,,,,,,,,,,,,,,,,,,,,,,,,,,,,,,,,,,,,,,,,,,,⛰️,⛰️
🏔️,🏔️,🏔️,,,,,,,,,,,,,,,,,,,,,,,,,,,,🏔️,⛰️,🏔️,,,🏔️,⛰️,,🏔️,🏔️,⛰️,,🏔️,⛰️,🏔️,,,⛰️,,⛰️,,🏔️,,,,,,,,,,,,,,,,⛰️,,,⛰️,🏔️,,⛰️,⛰️,⛰️,⛰️,⛰️,⛰️,⛰️,⛰️,⛰️,⛰️,⛰️,⛰️,⛰️,,,,,,🏔️,🏔️,🏔️,🏔️,⛰️,,🏔️,⛰️,🏔️,,⛰️,,,,,,,,,,,,,,,,,,,,,,,,,,,,,,,,,,,,,,,,,,,,,,,,,,,,,,,,,,,,,,,,,,,,,,,,,,,,,,,,,,,,,,,,,⛰️,🏔️
🏔️,,🏔️,,,,,,,,,,,,,,,,,,,,,,,,,,,,,,,,,,,🏔️,⛰️,🏔️,🏔️,,🏔️,,⛰️,⛰️,⛰️,⛰️,⛰️,⛰️,⛰️,⛰️,🏔️,⛰️,🏔️,⛰️,🏔️,⛰️,🏔️,⛰️,🏔️,⛰️,,🏔️,,🏔️,,🏔️,🏔️,⛰️,⛰️,⛰️,⛰️,⛰️,⛰️,⛰️,⛰️,⛰️,⛰️,⛰️,⛰️,⛰️,⛰️,⛰️,,,,,,,,,,,,⛰️,🏔️,,⛰️,🗻,🗻,🏔️,🏔️,🏔️,⛰️,⛰️,🏔️,,,,,,,,,,,,,,,,,,,,,,,,,,,,,,,,,,,,,,,,,,,,,,,,,,,,,,,,,,,,,,,,,,,,,,,,,,,,,,,,,,⛰️,,🏔️,⛰️
⛰️,,⛰️,,,,,,,,,,,,,,,,,,,,,,,,,,,,,,,,,,,,,,,,,⛰️,,⛰️,,,,🏔️,⛰️,🏔️,🏔️,,🏔️,⛰️,⛰️,⛰️,,⛰️,⛰️,⛰️,⛰️,⛰️,⛰️,⛰️,⛰️,⛰️,⛰️,⛰️,⛰️,⛰️,⛰️,⛰️,⛰️,,,,,,,,,,,,,,,,,,,,,,⛰️,⛰️,🏔️,🗻,🗻,🗻,🏔️,⛰️,,⛰️,,⛰️,🏔️,🏔️,🏔️,,,,,,,,,,,,,,,,,,,,,,,,,,,,,,,,,,,,,,,,,,,,,,,,,,,,,,,,,,,,,,,,,,,,,,,,,,,,,,🏔️,,,⛰️
⛰️,🏔️,,,,,,,,,,,,,,,,,,,,,,,,,,,,,,,,,,,,,,,,,,,,,,,,,,,,,🏔️,,⛰️,🏔️,🏔️,⛰️,,🏔️,🏔️,,⛰️,⛰️,🏔️,⛰️,⛰️,,,,,,,,,,,,,,,,,,,,,,,,,,,,,,⛰️,🗻,🗻,🗻,⛰️,⛰️,,⛰️,⛰️,⛰️,⛰️,🏔️,🏔️,⛰️,,,,,,,,,,,,,,,,,,,,,,,,,,,,,,,,,,,,,,,,,,,,,,,,,,,,,,,,,,,,,,,,,,,,,,,,,,,,,⛰️,,,⛰️
,,,,,,,,,,,,,,,,,,,,,,,,,,,,,,,,,,,,,,,,,,,,,,,,,,,,,,,,,,,,,,,,,,,,,,,,,,,,,,,,,,,,,,,,,,,,,,,,,,,⛰️,⛰️,,,,🏔️,🏔️,,⛰️,🏔️,⛰️,🏔️,⛰️,,,⛰️,,,,,,,,,,,,,,,,,,,,,,,,,,,,,,,,,,,,,,,,,,,,,,,,,,,,,,,,,,,,,,,,,,,,,,,,,,,⛰️,🏔️,🏔️
,,🏔️,,,,,,,,,,,,,,,,,,,,,,,,,,,,,,,,,,,,,,,,,,,,,,,,,,,,,,,,,,,,,,,,,,,,,,,,,,,,,,,,,,,,,,,,,,,,,,,,,,,,,,,,,⛰️,⛰️,⛰️,,⛰️,🏔️,⛰️,⛰️,⛰️,⛰️,⛰️,⛰️,🏔️,⛰️,,,,,,,,,,,,,,,,,,,,,,,,,,,,,,,,,,,,,,,,,,,,,,,,,,,,,,,,,,,,,,,,,,,,🏔️,,🏔️,⛰️
🏔️,,,,,,,,,,,,,,,,,,,,,,,,,,,,,,,,,,,,,,,,,,,,,,,,,,,,,,,,,,,,,,,,,,,,,,,,,,,,,,,,,,,,,,,,,,,,,,,,,,,,,,,,,,,,,⛰️,⛰️,⛰️,🏔️,⛰️,⛰️,🏔️,🏔️,🏔️,🏔️,⛰️,,⛰️,,,,,,,,,,,,,,,,,,,,,,,,,,,,,,,,,,,,,,,,,,,,,,,,,,,,,,,,,,,,,,,,,,,,,🏔️,
⛰️,,,,,,,,,,,,,,,,,,,,,,,,,,,,,,,,,,,,,,,,,,,,,,,,,,,,,,,,,,,,,,,,,,,,,,,,,,,,,,,,,,,,,,,,,,,,,,,,,,,,,,,,,,,,,,,,,,⛰️,🏔️,🏔️,⛰️,⛰️,⛰️,⛰️,🏔️,⛰️,⛰️,,,,,,,,,,,,,,,,,,,,,,,,,,,,,,,,,,,,,,,,,,,,,,,,,,,,,,,,,,,,,,,,,,🏔️,,⛰️
,⛰️,⛰️,,,,,,,,,,,,,,,,,,,,,,,,,,,,,,,,,,,,,,,,,,,,,,,,,,,,,,,,,,,,,,,,,,,,,,,,,,,,,,,,,,,,,,,,,,,,,,,,,,,,,,,,,,,,,,,,,,,⛰️,,,🏔️,,🏔️,⛰️,⛰️,⛰️,🏔️,,,,,,,,,,,,,,,,,,,,,,,,,,,,,,,,,,,,,,,,,,,,,,,,,,,,,,,,,,,,,,,🏔️,⛰️,
⛰️,⛰️,🏔️,,,,,,,,,,,,,,,,,,,,,,,,,,,,,,,,,,,,,,,,,,,,,,,,,,,,,,,,,,,,,,,,,,,,,,,,,,,,,,,,,,,,,,,,,,,,,,,,,,,,,,,,,,,,,,,,,,,,,🏔️,⛰️,,,🏔️,🏔️,⛰️,,,🏔️,,,,,,,,,,,,,,,,,,,,,,,,,,,,,,,,,,,,,,,,,,,,,,,,,,,,,,,,,,,,,⛰️,⛰️,🏔️
⛰️,🏔️,🏔️,,,,,,,,,,,,,,,,,,,,,,,,,,,,,,,,,,,,,,,,,,,,,,,,,,,,,,,,,,,,,,,,,,,,,,,,,,,,,,,,,,,,,,,,,,,,,,,,,,,,,,,,,,,,,,,,,,,,,,,🏔️,⛰️,⛰️,🏔️,🏔️,,⛰️,⛰️,⛰️,⛰️,⛰️,,,,,,,,,,,,,,,,,,,,,,,,,,,,,,,,,,,,,,,,,,,,,,,,,,,,,,,,,,🏔️,🏔️,🏔️
,🏔️,🏔️,,,,,,,,,,,,,,,,,,,,,,,,,,,,,,,,,,,,,,,,,,,,,,,,,,,,,,,,,,,,,,,,,,,,,,,,,,,,,,,,,,,,,,,,,,,,,,,,,,,,,,,,,,,,,,,,,,,,,,,,🏔️,🏔️,,🏔️,⛰️,,,🏔️,⛰️,,🏔️,⛰️,🏔️,🏔️,,,,,,,,,,,,,,,,,,,,,,,,,,,,,,,,,,,,,,,,,,,,,,,,,,,,,,⛰️,⛰️,⛰️
⛰️,🏔️,🏔️,,,,,,,,,,,,,,,,,,,,,,,,,,,,,,,,,,,,,,,,,,,,,,,,,,,,,,,,,,,,,,,,,,,,,,,,,,,,,,,,,,,,,,,,,,,,,,,,,,,,,,,,,,,,,,,,,,,,,,,,,,,,,,⛰️,⛰️,🏔️,,⛰️,🏔️,⛰️,,,⛰️,⛰️,,,,,,,,,,,,,,,,,,,,,,,,,,,,,,,,,,,,,,,,,,,,,,,,,,⛰️,🏔️,⛰️,🏔️
,⛰️,,,,,,,,,,,,,,,,,,,,,,,,,,,,,,,,,,,,,,,,,,,,,,,,,,,,,,,,,,,,,,,,,,,,,,,,,,,,,,,,,,,,,,,,,,,,,,,,,,,,,,,,,,,,,,,,,,,,,,,,,,,,,,,,,🏔️,🏔️,,🏔️,,⛰️,🏔️,🏔️,🏔️,,,⛰️,🏔️,,,,,,,,,🏔️,🏔️,🏔️,,,,,,,,,,,,,,,,,,,,,,,,,,,,,,,,,,,⛰️,⛰️,,
,🏔️,🏔️,,,,,,,,,,,,,,,,,,,,,,,,,,,,,,,,,,,,,,,,,,,,,,,,,,,,,,,,,,,,,,,,,,,,,,,,,,,,,,,,,,,,,,,,,,,,,,,,,,,,,,,,,,,,,,,,,,,,,,,,,,,,,,,,,,,🏔️,🏔️,⛰️,,🏔️,⛰️,🏔️,🏔️,⛰️,🏔️,🏔️,⛰️,⛰️,,,,,,🏔️,🏔️,🏔️,,,,,,,,,,,,,,,,,,,,,,,,,,,,,,,,,,,,⛰️,⛰️,🏔️
🏔️,🏔️,,,,,,,,,,,,,,,,,,,,,,,,,,,,,,,,,,,,,,,,,,,,,,,,,,,,,,,,,,,,,,,,,,,,,,,,,,,,,,,,,,,,,,,,,,,,,,,,,,,,,,,,,,,,,,,,,,,,,,,,,,,,,,,,,,,,,,,,,,,🏔️,⛰️,🏔️,🏔️,,🏔️,⛰️,⛰️,⛰️,⛰️,⛰️,⛰️,,⛰️,,,,,,,,,,,,,,,,,,,,,,,,,,,,,,,,,,,,🏔️,⛰️,⛰️
🏔️,🏔️,⛰️,,,,,,,,,,,,,,,,,,,,,,,,,,,,,,,,,,,,,,,,,,,,,,,,,,,,,,,,,,,,,,,,,,,,,,,,,,,,,,,,,,,,,,,,,,,,,,,,,,,,,,,,,,,,,,,,,,,,,,,,,,,,,,,,,,,,,,,,,⛰️,⛰️,,,,,,,🏔️,,⛰️,,🏔️,,🏔️,⛰️,⛰️,🏔️,,,⛰️,,,,,,,,,,,,,,,,,,,,,,,,,,,,,🏔️,,,⛰️
🏔️,🏔️,🏔️,,,,,,,,,,,,,,,,,,,,,,,,,,,,,,,,,,,,,,,,,,,,,,,,,,,,,,,,,,,,,,,,,,,,,,,,,,,,,,,,,,,,,,,,,,,,,,,,,,,,,,,,,,,,,,,,,,,,,,,,,,,,,,,,,,,,,,,,,,,,,,,,,,🏔️,,,,,,🏔️,,,🏔️,🏔️,🏔️,🏔️,⛰️,⛰️,⛰️,,⛰️,,🏔️,⛰️,,,,,🗻,🗻,🗻,🗻,🗻,,🗻,🗻,🗻,,,,,,,,,⛰️,⛰️
🏔️,,🏔️,⛰️,,,,,,,,,,,,,,,,,,,,,,,,,,,,,,,,,,,,,,,,,,,,,,,,,,,,,,,,,,,,,,,,,,,,,,,,,,,,,,,,,,,,,,,,,,,,,,,,,,,,,,,,,,,,,,,,,,,,,,,,,,,,,,,,,,,,,,,,,,,,,,,,,,,⛰️,,⛰️,🏔️,,⛰️,⛰️,🏔️,🏔️,,,🏔️,🏔️,⛰️,⛰️,⛰️,🏔️,🗻,🗻,🗻,⛰️,🗻,🗻,🗻,🗻,🗻,🗻,🗻,🗻,🗻,🗻,🗻,🗻,🗻,🗻,🗻,,,,,⛰️,
,,⛰️,,,,,,,,,,,,,,,,,,,,,,,,,,,,,,,,,,,,,,,,,,,,,,,,,,,,,,,,,,,,,,,,,,,,,,,,,,,,,,,,,,,,,,,,,,,,,,,,,,,,,,,,,,,,,,,,,,,,,,,,,,,,,,,,,,,,,,,,,,,,,,,,,,,,🏔️,🏔️,⛰️,⛰️,🏔️,🏔️,,,🏔️,,,⛰️,🏔️,🏔️,⛰️,🏔️,⛰️,🏔️,⛰️,⛰️,⛰️,🗻,🗻,🗻,🗻,🗻,🗻,🗻,🗻,🗻,🗻,🗻,🗻,🗻,🗻,🗻,⛰️,,🏔️,🏔️,🏔️,🏔️
,🏔️,⛰️,🏔️,,,,,,,,,,,,,,,,,,,,,,,,,,,,,,,,,,,,,,,,,,,,,,,,,,,,,,,,,,,,,,,,,,,,,,,,,,,,,,,,,,,,,,,,,,,,,,,,,,,,,,,,,,,,,,,,,,,,,,,,,,,,,,,,,,,,,,,,,,,,,,,,,,,,,,,,,,,,,,,,,,,🏔️,🗻,🏔️,,⛰️,🗻,🗻,🗻,🗻,🗻,🗻,🗻,🗻,🗻,🗻,🗻,🗻,🗻,🗻,🗻,,🗻,,🗻,🏔️,⛰️
,🏔️,🏔️,⛰️,,,,,,,,,,,,,,,,,,,,,,,,,,,,,,,,,,,,,,,,,,,,,,,,,,,,,,,,,,,,,,,,,,,,,,,,,,,,,,,,,,,,,,,,,,,,,,,,,,,,,,,,,,,,,,,,,,,,,,,,,,,,,,,,,,,,,,,,,,,,,,,,,,,,,,,,,,,,,,,,,,,,,,,,,,,🗻,🗻,🗻,🗻,🗻,🗻,🗻,🗻,🗻,🗻,🗻,⛰️,⛰️,🗻,🗻,🗻,🗻,
,,,🏔️,,,,,,,,,,,,,,,,,,,,,,,,,,,,,,,,,,,,,,,,,,,,,,,,,,,,,,,,,,,,,,,,,,,,,,,,,,,,,,,,,,,,,,,,,,,,,,,,,,,,,,,,,,,,,,,,,,,,,,,,,,,,,,,,,,,,,,,,,,,,,,,,,,,,,,,,,,,,,,,,,,,,,,,,,,,🗻,🗻,🗻,🗻,🗻,🗻,🗻,,,,,,,,,,🏔️,⛰️
,⛰️,,,,,,,,,,,,,,,,,,,,,,,,,,,,,,,,,,,,,,,,,,,,,,,,,,,,,,,,,,,,,,,,,,,,,,,,,,,,,,,,,,,,,,,,,,,,,,,,,,,,,,,,,,,,,,,,,,,,,,,,,,,,,,,,,,,,,,,,,,,,,,,,,,,,,,,,,,,,,,,,,,,,,,,,,,,,,,,,🗻,🗻,🗻,,,,,,,,,⛰️,🏔️,⛰️,⛰️
🏔️,⛰️,🏔️,⛰️,,,,,,,,,,,,,,,,,,,,,,,,,,,,,,,,,,,,,,,,,,,,,,,,,,,,,,,,,,,,,,,,,,,,,,,,,,,,,,,,,,,,,,,,,,,,,,,,,,,,,,,,,,,,,,,,,,,,,,,,,,,,,,,,,,,,,,,,,,,,,,,,,,,,,,,,,,,,,,,,,,,,,,,,,,,,,,,,,,,,,,,,,🏔️,⛰️,🏔️,
,🏔️,⛰️,,,,,,,,,,,,,,,,,,,,,,,,,,,,,,,,,,,,,,,,,,,,,,,,,,,,,,,,,,,,,,,,,,,,,,,,,,,,,,,,,,,,,,,,,,,,,,,,,,,,,,,,,,,,,,,,,,,,,,,,,,,,,,,,,,,,,,,,,,,,,,,,,,,,,,,,,,,,,,,,,,,,,,,,,,,,,,,,,,,,,,,,,,🏔️,,🏔️,
🏔️,,⛰️,,,,,,,,,,,,,,,,,,,,,,,,,,,,,,,,,,,,,,,,,,,,,,,,,,,,,,,,,,,,,,,,,,,,,,,,,,,,,,,,,,,,,,,,,,,,,,,,,,,,,,,,,,,,,,,,,,,,,,,,,,,,,,,,,,,,,,,,,,,,,,,,,,,,,,,,,,,,,,,,,,,,,,,,,,,,,,,,,,,,,,,,,,,,⛰️,🏔️
🏔️,,🏔️,,,,,,,,,,,,,,,,,,,,,,,,,,,,,,,,,,,,,,,,,,,,,,,,,,,,,,,,,,,,,,,,,,,,,,,,,,,,,,,,,,,,,,,,,,,,,,,,,,,,,,,,,,,,,,,,,,,,,,,,,,,,,,,,,,,,,,,,,,,,,,,,,,,,,,,,,,,,,,,,,,,,,,,,,,,,,,,,,,,,,,,,,,,⛰️,,
,⛰️,,,,,,,,,,,,,,,,,,,,,,,,,,,,,,,,,,,,,,,,,,,,,,,,,,,,,,,,,,,,,,,,,,,,,,,,,,,,,,,,,,,,,,,,,,,,,,,,,,,,,,,,,,,,,,,,,,,,,,,,,,,,,,,,,,,,,,,,,,,,,,,,,,,,,,,,,,,,,,,,,,,,,,,,,,,,,,,,,,,,,,,,,,,⛰️,🏔️,,🏔️
,⛰️,,,,,,,,,,,,,,,,,,,,,,,,,,,,,,,,,,,,,,,,,,,,,,,,,,,,,,,,,,,,,,,,,,,,,,,,,,,,,,,,,,,,,,,,,,,,,,,,,,,,,,,,,,,,,,,,,,,,,,,,,,,,,,,,,,,,,,,,,,,,,,,,,,,,,,,,,,,,,,,,,,,,,,,,,,,,,,,,,,,,,,,,,,,⛰️,⛰️,🏔️,⛰️
⛰️,⛰️,🏔️,,,,,,,,,,,,,,,,,,,,,,,,,,,,,,,,,,,,,,,,,,,,,,,,,,,,,,,,,,,,,,,,,,,,,,,,,,,,,,,,,,,,,,,,,,,,,,,,,,,,,,,,,,,,,,,,,,,,,,,,,,,,,,,,,,,,,,,,,,,,,,,,,,,,,,,,,,,,,,,,,,,,,,,,,,,,,,,,,,,,,,,,,,🏔️,🏔️,,
⛰️,,⛰️,,,,,,,,,,,,,,,,,,,,,,,,,,,,,,,,,,,,,,,,,,,,,,,,,,,,,,,,,,,,,,,,,,,,,,,,,,,,,,,,,,,,,,,,,,,,,,,,,,,,,,,,,,,,,,,,,,,,,,,,,,,,,,,,,,,,,,,,,,,,,,,,,,,,,,,,,,,,,,,,,,,,,,,,,,,,,,,,,,,,,,,,,,⛰️,,⛰️,🏔️
,⛰️,⛰️,,,,,,,,,,,,,,,,,,,,,,,,,,,,,,,,,,,,,,,,,,,,,,,,,,,,,,,,,,,,,,,,,,,,,,,,,,,,,,,,,,,,,,,,,,,,,,,,,,,,,,,,,,,,,,,,,,,,,,,,,,,,,,,,,,,,,,,,,,,,,,,,,,,,,,,,,,,,,,,,,,,,,,,,,,,,,,,,,,,,,,,,,,,,⛰️,⛰️
,,⛰️,,,,,,,,,,,,,,,,,,,,,,,,,,,,,,,,,,,,,,,,,,,,,,,,,,,,,,,,,,,,,,,,,,,,,,,,,,,,,,,,,,,,,,,,,,,,,,,,,,,,,,,,,,,,,,,,,,,,,,,,,,,,,,,,,,,,,,,,,,,,,,,,,,,,,,,,,,,,,,,,,,,,,,,,,,,,,,,,,,,,,,,,,,,🏔️,🏔️,⛰️
,,⛰️,,,,,,,,,,,,,,,,,,,,,,,,,,,,,,,,,,,,,,,,,,,,,,,,,,,,,,,,,,,,,,,,,,,,,,,,,,,,,,,,,,,,,,,,,,,,,,,,,,,,,,,,,,,,,,,,,,,,,,,,,,,,,,,,,,,,,,,,,,,,,,,,,,,,,,,,,,,,,,,,,,,,,,,,,,,,,,,,,,,,,,,,,,,⛰️,🏔️,⛰️
,,⛰️,,,,,,,,,,,,,,,,,,,,,,,,,,,,,,,,,,,,,,,,,,,,,,,,,,,,,,,,,,,,,,,,,,,,,,,,,,,,,,,,,,,,,,,,,,,,,,,,,,,,,,,,,,,,,,,,,,,,,,,,,,,,,,,,,,,,,,,,,,,,,,,,,,,,,,,,,,,,,,,,,,,,,,,,,,,,,,,,,,,,,,,,,,,⛰️,,🏔️
⛰️,🏔️,⛰️,,,,,,,,,,,,,,,,,,,,,,,,,,,,,,,,,,,,,,,,,,,,,,,,,,,,,,,,,,,,,,,,,,,,,,,,,,,,,,,,,,,,,,,,,,,,,,,,,,,,,,,,,,,,,,,,,,,,,,,,,,,,,,,,,,,,,,,,,,,,,,,,,,,,,,,,,,,,,,,,,,,,,,,,,,,,,,,,,,,,,,,,,,,🏔️,,🏔️
🏔️,🏔️,⛰️,,,,,,,,,,,,,,,,,,,,,,,,,,,,,,,,,,,,,,,,,,,,,,,,,,,,,,,,,,,,,,,,,,,,,,,,,,,,,,,,,,,,,,,,,,,,,,,,,,,,,,,,,,,,,,,,,,,,,,,,,,,,,,,,,,,,,,,,,,,,,,,,,,,,,,,,,,,,,,,,,,,,,,,,,,,,,,,,,,,,,,,,,,⛰️,,🏔️,⛰️
⛰️,⛰️,🏔️,,,,,,,,,,,,,,,,,,,,,,,,,,,,,,,,,,,,,,,,,,,,,,,,,,,,,,,,,,,,,,,,,,,,,,,,,,,,,,,,,,,,,,,,,,,,,,,,,,,,,,,,,,,,,,,,,,,,,,,,,,,,,,,,,,,,,,,,,,,,,,,,,,,,,,,,,,,,,,,,,,,,,,,,,,,,,,,,,,,,,,,,,,,🏔️,,
,⛰️,,,,,,,,,,,,,,,,,,,,,,,,,,,,,,,,,,,,,,,,,,,,,,,,,,,,,,,,,,,,,,,,,,,,,,,,,,,,,,,,,,,,,,,,,,,,,,,,,,,,,,,,,,,,,,,,,,,,,,,,,,,,,,,,,,,,,,,,,,,,,,,,,,,,,,,,,,,,,,,,,,,,,,,,,,,,,,,,,,,,,,,,,,,,🏔️,,🏔️
,🏔️,⛰️,,,,,,,,,,,,,,,,,,,,,,,,,,,,,,,,,,,,,,,,,,,,,,,,,,,,,,,,,,,,,,,,,,,,,,,,,,,,,,,,,,,,,,,,,,,,,,,,,,,,,,,,,,,,,,,,,,,,,,,,,,,,,,,,,,,,,,,,,,,,,,,,,,,,,,,,,,,,,,,,,,,,,,,,,,,,,,,,,,,,,,,,,,⛰️,⛰️,,
🏔️,,⛰️,,,,,,,,,,,,,,,,,,,,,,,,,,,,,,,,,,,,,,,,,,,,,,,,,,,,,,,,,,,,,,,,,,,,,,,,,,,,,,,,,,,,,,,,,,,,,,,,,,,,,,,,,,,,,,,,,,,,,,,,,,,,,,,,,,,,,,,,,,,,,,,,,,,,,,,,,,,,,,,,,,,,,,,,,,,,,,,,,,,,,,,,,,,,⛰️,⛰️
🏔️,,,,,,,,,,,,,,,,,,,,,,,,,,,,,,,,,,,,,,,,,,,,,,,,,,,,,,,,,,,,,,,,,,,,,,,,,,,,,,,,,,,,,,,,,,,,,,,,,,,,,,,,,,,,,,,,,,,,,,,,,,,,,,,,,,,,,,,,,,,,,,,,,,,,,,,,,,,,,,,,,,,,,,,,,,,,,,,,,,,,,,,,,,,,,,⛰️,⛰️
,⛰️,⛰️,,,,,,,,,,,,,,,,,,,,,,,,,,,,,,,,,,,,,,,,,,,,,,,,,,,,,,,,,,,,,,,,,,,,,,,,,,,,,,,,,,,,,,,,,,,,,,,,,,,,,,,,,,,,,,,,,,,,,,,,,,,,,,,,,,,,,,,,,,,,,,,,,,,,,,,,,,,,,,,,,,,,,,,,,,,,,,,,,,,,,,,,,,,🏔️,,⛰️
⛰️,,🏔️,,,,,,,,,,,,,,,,,,,,,,,,,,,,,,,,,,,,,,,,,,,,,,,,,,,,,,,,,,,,,,,,,,,,,,,,,,,,,,,,,,,,,,,,,,,,,,,,,,,,,,,,,,,,,,,,,,,,,,,,,,,,,,,,,,,,,,,,,,,,,,,,,,,,,,,,,,,,,,,,,,,,,,,,,,,,,,,,,,,,,,,,,,,,⛰️,🏔️
⛰️,,⛰️,,,,,,,,,,,,,,,,,,,,,,,,,,,,,,,,,,,,,,,,,,,,,,,,,,,,,,,,,,,,,,,,,,,,,,,,,,,,,,,,,,,,,,,,,,,,,,,,,,,,,,,,,,,,,,,,,,,,,,,,,,,,,,,,,,,,,,,,,,,,,,,,,,,,,,,,,,,,,,,,,,,,,,,,,,,,,,,,,,,,,,,,,,,⛰️,⛰️,⛰️
⛰️,⛰️,🏔️,,,,,,,,,,,,,,,,,,,,,,,,,,,,,,,,,,,,,,,,,,,,,,,,,,,,,,,,,,,,,,,,,,,,,,,,,,,,,,,,,,,,,,,,,,,,,,,,,,,,,,,,,,,,,,,,,,,,,,,,,,,,,,,,,,,,,,,,,,,,,,,,,,,,,,,,,,,,,,,,,,,,,,,,,,,,,,,,,,,,,,,,,,,🏔️,⛰️,🏔️
🏔️,⛰️,,⛰️,,,,,,,,,,,,,,,,,,,,,,,,,,,,,,,,,,,,,,,,,🏔️,,⛰️,,,,,,,,,,,,,,,,,,,,,,,,,,,,,,,,,,,,,,,,,,,,,,,,,,,,,🏔️,,🏔️,⛰️,,,⛰️,🏔️,,,,,,,,,,,,,,,,,,,,,,,,,,,,,,,,,,,,,,,,,,⛰️,🏔️,,,🏔️,⛰️,,⛰️,⛰️,⛰️,🏔️,⛰️,,,,,,,,,,,,,,,,,,,,,,,,,,,,,,⛰️,🏔️,
⛰️,⛰️,🏔️,,🏔️,,,,⛰️,⛰️,,⛰️,⛰️,,🏔️,⛰️,,⛰️,🏔️,⛰️,🏔️,⛰️,,,⛰️,,⛰️,⛰️,🏔️,🏔️,⛰️,🏔️,,,,🏔️,,,⛰️,,,,🗻,🗻,,🏔️,🏔️,🏔️,,🏔️,⛰️,🏔️,,,🏔️,⛰️,,,,,⛰️,🏔️,,,🏔️,,🏔️,⛰️,🏔️,🏔️,⛰️,,,🏔️,⛰️,⛰️,🏔️,,⛰️,🏔️,⛰️,⛰️,🏔️,⛰️,,⛰️,🏔️,🏔️,🏔️,⛰️,🏔️,🏔️,⛰️,⛰️,🏔️,🏔️,⛰️,🏔️,⛰️,,🏔️,,🏔️,⛰️,🏔️,,,🏔️,🏔️,,🏔️,🏔️,⛰️,,⛰️,,⛰️,⛰️,,⛰️,⛰️,🏔️,,,⛰️,🏔️,,,,🏔️,🏔️,⛰️,🏔️,,⛰️,,⛰️,🏔️,,⛰️,⛰️,,⛰️,⛰️,🏔️,🏔️,🏔️,,🏔️,🏔️,,🏔️,,⛰️,⛰️,⛰️,⛰️,,,🏔️,,,🏔️,🏔️,,,,🏔️,,,🏔️,🏔️,⛰️,,⛰️,,,,,,,⛰️,🏔️,⛰️,⛰️,⛰️,⛰️,,,🏔️,,⛰️
⛰️,🏔️,🏔️,🏔️,,,⛰️,,,⛰️,⛰️,,⛰️,🏔️,,🏔️,,🏔️,🏔️,🏔️,🏔️,,🏔️,,⛰️,⛰️,⛰️,🏔️,🏔️,⛰️,🏔️,,⛰️,,,,⛰️,,🏔️,🏔️,⛰️,,,,⛰️,🏔️,⛰️,,⛰️,⛰️,⛰️,,🏔️,,🏔️,⛰️,⛰️,⛰️,🏔️,🏔️,⛰️,⛰️,⛰️,,🏔️,,⛰️,🏔️,⛰️,🏔️,⛰️,,🏔️,⛰️,,⛰️,🏔️,⛰️,🏔️,,🏔️,⛰️,🏔️,🏔️,,,,,,⛰️,,⛰️,⛰️,🏔️,🏔️,🏔️,⛰️,🏔️,,🏔️,,,🏔️,,⛰️,⛰️,⛰️,,,⛰️,🏔️,⛰️,,,,⛰️,🏔️,⛰️,⛰️,⛰️,,🏔️,⛰️,⛰️,🏔️,🏔️,⛰️,⛰️,🏔️,⛰️,⛰️,⛰️,⛰️,⛰️,🏔️,🏔️,,⛰️,🏔️,⛰️,🏔️,⛰️,🏔️,,🏔️,🏔️,🏔️,,⛰️,,🏔️,⛰️,🏔️,,🏔️,,⛰️,,🏔️,🏔️,⛰️,,⛰️,🏔️,⛰️,⛰️,,⛰️,,,,⛰️,,🏔️,🏔️,🏔️,🏔️,,🏔️,⛰️,⛰️,🏔️,⛰️,,🏔️,,⛰️,,,,🏔️,⛰️
🏔️,⛰️,⛰️,🏔️,⛰️,🏔️,,⛰️,,⛰️,⛰️,⛰️,⛰️,⛰️,,⛰️,,⛰️,🏔️,,,,🏔️,,,⛰️,🏔️,,🏔️,🏔️,,🏔️,,🏔️,,🏔️,🏔️,⛰️,⛰️,⛰️,🏔️,⛰️,,⛰️,🏔️,,⛰️,⛰️,⛰️,⛰️,,🏔️,🏔️,⛰️,🏔️,,⛰️,🏔️,,,🏔️,🏔️,,🏔️,🏔️,🏔️,🏔️,🏔️,🏔️,,⛰️,🏔️,⛰️,,🏔️,,⛰️,,,⛰️,,🏔️,⛰️,,⛰️,🏔️,⛰️,⛰️,🏔️,,⛰️,⛰️,⛰️,⛰️,⛰️,,,🏔️,,,⛰️,🪨,⛰️,🏔️,⛰️,⛰️,,,⛰️,⛰️,⛰️,🏔️,,,⛰️,⛰️,,,🏔️,⛰️,🏔️,🏔️,,,⛰️,⛰️,,⛰️,⛰️,,⛰️,,⛰️,,🏔️,,⛰️,🏔️,,🏔️,⛰️,,🏔️,🏔️,,,⛰️,,🏔️,,🏔️,🏔️,,🏔️,,🏔️,,⛰️,,⛰️,,🏔️,⛰️,,,,🏔️,,⛰️,,⛰️,⛰️,,🏔️,,,,,🏔️,,,⛰️,⛰️,,⛰️,🏔️,,🏔️,⛰️,⛰️,,🏔️