,,,,,,,,,,,,,,,,,,,,,,,,,,,,,,,,,,,,,,,,,,,,,,,,,,,,,,,,,,,,,,,,,,,,,,,,,,,,,,,,,,
,,,,,,,,,,,,,,,,,,,,,,,,,,,,,,,,,,,,,,,,,,,,,,,,,,,,,,,,,,,,,,,,,,,,,,,,,,,,,,,,,,
,,,,,,,,,,,,,,,,,,,,,,,,,,,,,,,,,,,,,,,,,,,,,,,,,,,,,,,,,,,,,,,,,,,,,,,,,,,,,,,,,,
,,,,,,,,,,,,,,,,,,,,,,,,,,,,,,,,,,,,,,,,,,,,,,,,,,,,,,,,,,,,,,,,,,,,,,,,,,,,,,,,,,
,,,,,,,,,,,,,,,,,,,,,,,,,,,,,,,,,,,,,,,,,,,,,,,,,,,,,,,,,,,,,,,,,,,,,,,,,,,,,,,,,,
,,,,,,,,,,,,,,,,,,,,,,,,,,,,,,,,,,,,,,,,,,,,,,,,,,,,,,,,,,,,,,,,,,,,,,,,,,,,,,,,,,
,,,,,,,,,,,,,,,,,,,,,,,,,,,,,,,,,,,,,,,,,,,,,,,,,,,,,,,,,,,,,,,,,,,,,,,,,,🌾,🌾,🌾,🌾,,,,,
,,,,,,,,,,,,,,,,,,,,,,,,,,,,,,,,,,,,,,,,,,,,,,,,,,,,,,,,,,,,,,,,,,,,,,,🌾,🌾,🌾,🌾,🌾,🌾,🌾,🌾,🌾,,,
,,,,,,,,,,,,,,,,,,,,,,,,,,,,,,,,,,,,,,,,,,,,,,,,,,,,,,,,,,,,,,,,,,,,,🌾,🌾,🌾,🌾,🌾,🌾,🌾,🌾,🌾,🌾,🌾,🌾,,
,,,,,,,,,,,,,,,,,,,,,,,,,,,,,,,,,,,,,,,,,,,,,,,,,,,,,,,,,,,,,,,,,,,,,🌾,🌾,🌾,🌾,🌾,🌾,🌾,🌾,🌾,🌾,🌾,🌾,,
,,,,,,,,,,,,,,,,,,,,,,,,,,,,,,,,,,,,,,,,,,,,,,,,,,,,,,,,,,,,,,,,,,,,🌾,🌾,🌾,🌾,🌾,🌾,🌾,🌾,🌾,🌾,🌾,🌾,🌾,🌾,
,,,,,,,,,,,,,,,,,,,,,,,,,,,,,,,,,,,,,,,,,,,,,,,,,,,,,,,,,,,,,,,,,,,,,🌾,🌾,🌾,🌾,🌾,🌾,🌾,🌾,🌾,🌾,🌾,🌾,,
,,,,,,,,,,,,,,,,,,,,,,,,,,,,,,,,,,,,,,,,,,,,,,,,,,,,,,,,,,,,,,,,,,,,,🌾,🌾,🌾,🌾,🌾,🌾,🌾,🌾,🌾,🌾,🌾,🌾,,
,,,,,,,,,,,,,,,,,,,,,,,,,,,,,,,,,,,,,,,,,,,,,,,,,,,,,,,,,,,,,,,,,,,,🌾,🌾,🌾,🌾,🌾,🌾,🌾,🌾,🌾,🌾,🌾,🌾,🌾,🌾,
,,,,,,,,,,,,,,,,,,,,,,,,,,,,,,,,,,,,,,,,,,,,,,,,,,,,,,,,,,,,,,,,,,,,🌾,🌾,🌾,🌾,🌾,🌾,🌾,🌾,🌾,🌾,🌾,🌾,🌾,🌾,
,,,,,,,,,,,,,,,,,,,,,,,,,,,,,,,,,,,,,,,,,,,,,,,,,,,,,,,,,,,,,,,,,,,,,🌾,🌾,🌾,🌾,🌾,🌾,🌾,🌾,🌾,🌾,🌾,🌾,🌾,
,,,,,,,,,,,,,,,,,,,,,,,,,,,,,,,,,,,,,,,,,,,,,,,,,,,,,,,,,,,,,,,,,,,,🌾,🌾,🌾,🌾,🌾,🌾,🌾,🌾,🌾,🌾,🌾,🌾,🌾,,
,,,,,,,,,,,,,,,,,,,,,,,,,,,,,,,,,,,,,,,,,,,,,,,,,,,,,,,,,,,,,,,,,,,,🌾,🌾,🌾,🌾,🌾,🌾,🌾,🌾,🌾,🌾,🌾,🌾,🌾,🌾,
,,,,,,,,,,,,,,,,,,,,,,,,,,,,,,,,,,,,,,,,,,,,,,,,,,,,,,,,,,,,,,,,,,,,,🌾,🌾,🌾,🌾,🌾,🌾,🌾,🌾,🌾,🌾,🌾,🌾,🌾,
,,,,,,,,,,,,,,,,,,,,,,,,,,,,,,,,,,,,,,,,,🍎,🍗,,,,,,,,,,,,,,,,,,,,,,,,,,🌾,🌾,🌾,🌾,🌾,🌾,🌾,🌾,🌾,🌾,🌾,🌾,🌾,🌾,
,,,,,,,,,,,,,,,,,,,,,,,,,,,,,,,,,,,,,,,,,🍗,🍎,,,,,,,,,,,,,,,,,,,,,,,,,,🌾,🌾,🌾,🌾,🌾,🌾,🌾,🌾,🌾,🌾,🌾,🌾,🌾,🌾,
,,,,,,,,,,,,,,,,,,,,,,,,,,,,,,,,,,,,,,,,,,,,,,,,,,,,,,,,,,,,,,,,,,,,,🌾,🌾,🌾,🌾,🌾,🌾,🌾,🌾,🌾,🌾,🌾,🌾,🌾,
,,,,,,,,,,,,,,,,,,,,,,,,,,,,,,,,,,,,,,,,,,,,,,,,,,,,,,,,,,,,,,,,,,,🌾,,🌾,🌾,🌾,🌾,🌾,🌾,🌾,🌾,🌾,🌾,🌾,🌾,🌾,
,,,,,,,,,,,,,,,,,,,,,,,,,,,,,,,,,,,,,,,,,,,,,,,,,,,,,,,,,,,,,,,,,,,🌾,🌾,🌾,🌾,🌾,🌾,🌾,🌾,🌾,🌾,🌾,🌾,🌾,🌾,🌾,
,,,,,,,,,,,,,,,,,,,,,,,,,,,,,,,,,,,,,,,,,,,,,,,,,,,,,,,,,,,,,,,,,,,,🌾,🌾,🌾,🌾,🌾,🌾,🌾,🌾,🌾,🌾,🌾,🌾,🌾,🌾,
,,,,,,,,,,,,,,,,,,,,,,,,,,,,,,,,,,,,,,,,,,,,,,,,,,,,,,,,,,,,,,,,,,,🌾,🌾,🌾,🌾,🌾,🌾,🌾,🌾,🌾,🌾,🌾,🌾,🌾,🌾,🌾,
,,,,,,,,,,,,,,,,,,,,,,,,,,,,,,,,,,,,,,,,,,,,,,,,,,,,,,,,,,,,,,,,,,,,🌾,🌾,🌾,🌾,🌾,🌾,🌾,🌾,🌾,🌾,🌾,🌾,🌾,🌾,
,,,,,,,,,,,,,,,,,,,,,,,,,,,,,,,,,,,,,,,,,,,,,,,,,,,,,,,,,,,,,,,,,,,🌾,🌾,🌾,🌾,🌾,🌾,🌾,🌾,🌾,🌾,🌾,🌾,🌾,🌾,🌾,🌾
,,,,,,,,,,,,,,,,,,,,,,,,,,,,,,,,,,,,,,,,,,,,,,,,,,,,,,,,,,,,,,,,,,,🌾,🌾,🌾,🌾,🌾,🌾,🌾,🌾,🌾,🌾,🌾,🌾,🌾,🌾,🌾,🌾
,,,,,,,,,🍗,🍗,🍗,🍗,,,,,,,🍄,🍄,🍄,🍄,🍄,🍄,🍄,🍄,🍄,🍄,,,,,,,,,,,,,,,,,,,,,,,,,,,,,,,,,,,,,,,🌾,🌾,🌾,🌾,🌾,🌾,🌾,🌾,🌾,🌾,🌾,🌾,🌾,🌾,🌾,🌾
,,,,,,,,🍗,🍗,🍗,🍗,🍗,,,,🍄,🍄,🍄,🍄,🍄,🍄,🍄,🍄,🍄,🍄,🍄,🍄,🍄,🍄,,,,,,,,,,,,,,,,,,,,,,,,,,,,,,,,,,,,,,🌾,🌾,🌾,🌾,🌾,🌾,🌾,🌾,🌾,🌾,🌾,🌾,🌾,🌾,,
,,,,,,,🍗,🍗,🍗,🍗,🍗,,,,,🍄,🍄,🍄,🍄,🍄,🍄,🍄,🍄,🍄,🍄,🍄,🍄,,,,,,,,,,,,,,,,,,,,,,,,,,,,,,,,,,,,,,,,🌾,🌾,🌾,🌾,🌾,🌾,🌾,🌾,🌾,🌾,🌾,🌾,🌾,🌾,🌾,
,,,,,,,,🍗,🍗,🍄,🍄,🍄,🍄,🍄,🍄,🍄,🍄,🍄,🍄,🍄,🍄,🍄,🍄,🍄,🍄,🍄,🍄,🍄,,🍄,,,,,,,,,,,,,,,,,,,,,,,,,,,,,,,,,,,,,🌾,🌾,🌾,🌾,🌾,🌾,🌾,🌾,🌾,🌾,🌾,🌾,🌾,🌾,🌾,
,,,,,,,,,🍄,🍄,🍄,🍄,🍄,🍄,🍄,🍄,🍄,🍄,🍄,🍄,🍄,🍄,🍄,🍄,🍄,🍄,🍄,🍄,🍄,🍄,🍄,,,,,,,,,,,,,,,,,,,,,,,,,,,,,,,,,,,,,🌾,🌾,🌾,🌾,🌾,🌾,🌾,🌾,🌾,🌾,🌾,🌾,🌾,,🌾
,,,,,,,,,,🍄,🍄,🍄,🍄,🍄,🍄,🍄,🍄,🍄,🍄,🍄,🍄,🍄,🍄,🍄,🍄,,🍄,🍄,🍄,🍄,,,,,,,,,,,,,,,,,,,,,,,,,,,,,,,,,,,,,,🌾,🌾,🌾,🌾,🌾,🌾,🌾,🌾,🌾,🌾,🌾,🌾,🌾,,
,,,,,,,,,,,🍄,🍄,🍄,🍄,🍄,🍄,🍄,🍄,🍄,🍄,🍄,🍄,🍄,🍄,🍄,🍄,🍄,🍄,,🍄,,,,,,,,,,,,,,,,,,,,,,,,,,,,,,,,,,,,,,🌾,🌾,🌾,🌾,🌾,🌾,🌾,🌾,🌾,🌾,🌾,🌾,🌾,🌾,
,,,,,,,,,🍄,🍄,🍄,🍄,🍄,🍄,🍄,🍄,🍄,🍄,🍄,🍄,🍄,🍄,🍄,🍄,🍄,🍄,🍄,🍄,🍄,🍄,,,,,,,,,,,,,,,,,,,,,,,,,,,,,,,,,,,,,,🌾,🌾,🌾,🌾,🌾,🌾,🌾,🌾,🌾,🌾,🌾,🌾,🌾,,🌾
,,,,,,,,,,,,,,,,,,,,,🍄,🍄,🍄,🍄,🍄,🍄,🍄,🍄,🍄,🍄,,,,,,,,,,,,,,,,,,,,,,,,,,,,,,,,,,,,,,🌾,🌾,🌾,🌾,🌾,🌾,🌾,🌾,🌾,🌾,🌾,🌾,🌾,🌾,
,,,,,,,,,,,,,,,,,,,,,🍄,🍄,🍄,🍄,🍄,🍄,🍄,🍄,🍄,,,,,,,,,,,,,,,,,,,,,,,,,,,,,,,,,,,,,,,🌾,🌾,🌾,🌾,🌾,🌾,🌾,🌾,🌾,🌾,🌾,🌾,🌾,,
,,,,,,,,,,,,,,,,,,,,,🍄,🍄,🍄,🍄,🍄,🍄,🍄,🍄,🍄,,,,,,,,,,,,,,,,,,,,,,,,,,,,,,,,,,,,,,🌾,🌾,🌾,🌾,🌾,🌾,🌾,🌾,🌾,🌾,🌾,🌾,🌾,🌾,,
,,,,,,,,,,,,,,,,,,,,,🍄,🍄,🍄,🍄,🍄,🍄,🍄,🍄,🍄,,,,,,,,,,,,,,,,,,,,,,,,,,,,,,,,,,,,,,🌾,🌾,🌾,🌾,🌾,🌾,🌾,🌾,🌾,🌾,🌾,🌾,🌾,🌾,,
,,,,,,,,,,,,,,,,,,,,,🍄,🍄,🍄,🍄,🍄,🍄,🍄,🍄,🍄,,,,,,,,,,,,,,,,,,,,,,,,,,,,,,,,,,,,,,,🌾,🌾,🌾,🌾,🌾,🌾,🌾,🌾,🌾,🌾,🌾,🌾,🌾,,
,,,,,,,,,,,,🍎,🥛,🍗,,,,,,,🍄,🍄,🍄,🍄,🍄,🍄,🍄,,🍄,,,,,,,,,,,,,,,,,,,,,,,,,,,,,,,,,,,,,,,🌾,🌾,🌾,🌾,🌾,🌾,🌾,🌾,🌾,🌾,🌾,🌾,🌾,,
,,,,,,,,,,,,🧀,🍞,🍗,,,,,,,🍄,🍄,🍄,🍄,🍄,,🍄,🍄,🍄,,,,,,,,,,,,,,,,,,,,,,,,,,,,,,,,,,,,,,,🌾,🌾,🌾,🌾,🌾,🌾,🌾,🌾,🌾,🌾,🌾,🌾,,,
,,,,,,,,,,,,🌾,🥛,🍄,,,,,,,,,🍄,🍄,🍄,,🍄,🍄,,,,,,,,,,,,,,,,,,,,,,,,,,,,,,,,,,,,,,,,🌾,🌾,🌾,🌾,🌾,🌾,🌾,🌾,🌾,🌾,🌾,🌾,,,
,,,,,,,,,,,,,,,,,,,,,,🍄,🍄,🍄,🍄,🍄,,🍄,,,,,,,,,,,,,,,,,,,,,,,,,,,,,,,,,,,,,,,,🌾,🌾,🌾,🌾,🌾,🌾,🌾,🌾,🌾,🌾,🌾,🌾,,,
,,,,,,,,,,,,,,,,,,,,,,,🍄,🍄,🍄,🍄,🍄,🍄,,,,,,,,,,,,,,,,,,,,,,,,,,,,,,,,,,,,,,,,🌾,🌾,🌾,🌾,🌾,🌾,🌾,🌾,🌾,🌾,🌾,🌾,,,
,,,,,,,,,,,,,,,,,,,,,,,🍄,🍄,,,🍄,🍄,,,,,,,,,,,,,,,,,,,,,,🍗,🍗,🍗,🍗,🍗,🍗,🍗,🍗,🍗,,,,,,,,,,🌾,🌾,🌾,🌾,🌾,🌾,🌾,🌾,🌾,🌾,🌾,,,,
,,,,,,,,,,,,,,,,,,,,,,,,🍄,,🍄,🍄,🍄,,,,,,,,,,,,,,,,,,,,,,,,,,,,,,,,,,,,,,,,🌾,🌾,🌾,🌾,🌾,🌾,🌾,🌾,🌾,🌾,🌾,,,,
,,,,,,,,,,,,,,,,,,,,,,,,,,,,,,,,,,,,,,,,,,,,,,,,,,,🥛,🥛,🥛,🥛,🥛,🥛,🥛,,,,,,,,,,,,🌾,🌾,🌾,🌾,🌾,🌾,🌾,🌾,🌾,,,,,
,,,,,,,,,,,,,,,,,,,,,,,,,,,,,,,,,,,,,,,,,,,,,,,,,,,🥛,🥛,🥛,🥛,🥛,🥛,🥛,,,,,,,,,,,,🌾,🌾,🌾,🌾,🌾,🌾,🌾,,,,,,,
,,,,,,,,,,,,,,,,,,,,,,,,,,,,,,,,,,,,,,,,,,,,,,,,,🍗,,🥛,🥛,🥛,🥛,🥛,🥛,🥛,,🍗,,,,,,,,,,,,,,,,,,,,,,,
,,,,,,,,,,,,,,,,,,,,,,,,,,,,,,,,,,,,,,,,,,,,,,,,,🍗,,🥛,🥛,🥛,🥛,🥛,🥛,🥛,,🍗,,,,,,,,,,,,,,,,,,,,,,,
,,,,,,,,,,,,,,,,,,,,,,,,,,,,,,,,,,,,,,,,,,,,,,,,,🍗,,,,,,,,,,🍗,,,,,,,,,,,,,,,,,,,,,,,
,,,,,,,,,,,,,,,,,,,,,,,,,,,,,,,,,,,,,,,,,,,,,,,,,,,,,🍗,🍗,🍗,🍗,,,,,,,,,,,,,,,,,,,,,,,,,,