,,,,,,,,,,,,,,,,,,,,,,,,,,,,,,,,,,,,,,,,,,,,,,,,,,,,,,,,,,,,,,,,,,,,,,,,,,,,,,,,,,,,,,,,,,,,,,,,,,,,,,,,,,,,,,,,,,,,,,,,,,
,,,,,,,,,,,,,,,,,,,,,,,,,,,,,,,,,,,,,,,,,,,,,,,,,,,,,,,,,,,,,,,,,,,,,,,,,,,,,,,,,,,,,,,,,,,,,,,,,,,,,,,,,,,,,,,,,,,,,,,,,,
,,,,,,,,,,,,,,,,,,,,,,,,,,,,,,,,,,,,,,,,,,,,,,,,,,,,,,,,,,,,,,,,,,,,,,,,,,,,,,,,,,,,,,,,,,,,,,,,,,,,,,,,,,,,,,,,,,,,,,,,,,
,,,,,,,,,,,,,,,,,,,,,,,,,,,,,,,,,,,,,,,,,,,,,,,,,,,,,,,,,,,,,,,,,,,,,,,,,,,,,,,,,,,,,,,,,,,,,,,,,,,,,,,,,,,,,,,,,,,,,,,,,,
,,,,,,,,,,,,,,,,,,,,,,,,,,,,,,,,,,,,,,,,,,,,,,,,,,,,,,,,,,,,,,,,,,,,,,,,,,,,,,,,,,,,,,,,,,,,,,,,,,,,,,,,,,,,,,,,,,,,,,,,,,
,,,,,,,,,,,,,,,,,,,,,,,,,,,,,,,,,,,,,,,,,,,,,,,,,,,,,,,,,,,,,,,,,,,,,,,🐀,🐀,🐀,🐀,🐀,🐀,🐀,🐀,🐀,🐀,🐀,🐀,🐀,,,,,,,,,,,,,,,,,,,,,,,,👹,,👹,👹,👹,,,,,,,,,,,
,,,,,,,,,,,,,,,,,,,,,,,,,,,,,,,,,,,,,,,,,,,,,,,,👾,👾,👾,👾,👾,👾,👾,👾,,,,,,,,,,,🐀,🐀,🐀,🐀,🐀,🐀,🐀,🐀,🐀,🐀,🐀,🐀,🐀,🐀,🐀,🐀,🐀,🐀,,,,,,,,,,,,,,,,,,,,👹,👹,👹,👹,👹,👹,👹,👹,👹,👹,👹,👹,,,,,,,,
,,,,,,,,,,,,,,,,,,,,,,,,,,,,,,,,,,,,,,,,,,,,,,,,👾,👾,👾,👾,👾,👾,👾,,,,,,,,,,,,🐀,🐀,🐀,🐀,🐀,🐀,🐀,🐀,🐀,🐀,🐀,🐀,🐀,🐀,🐀,🐀,🐀,🐀,,,,,,,,,,,,,,,,,,👹,👹,👹,👹,👹,👹,👹,👹,👹,👹,👹,👹,👹,👹,👹,👹,👹,👹,,,,
,,,,,,,,,,,,,,,,,,,,,,,,,,,,,,,,,,,,,,,,,,,,,,,👾,👾,👾,👾,👾,👾,👾,👾,👾,👾,👾,👾,,,,,,,,🐀,🐀,🐀,🐀,🐀,🐀,🐀,🐀,🐀,🐀,🐀,🐀,🐀,🐀,🐀,🐀,🐀,🐀,,,,,,,,,,,,,,,,,👹,👹,👹,👹,👹,👹,👹,👹,👹,👹,👹,👹,👹,👹,👹,👹,👹,👹,👹,👹,,,
,,,,,,,,,,,,,,,,,,,,,,,,,,,,,,,,,,,,,,,,,,,,,,👾,👾,👾,👾,👾,👾,👾,👾,👾,👾,👾,👾,👾,👾,,,,,,,🐀,🐀,🐀,🐀,🐀,🐀,🐀,🐀,🐀,🐀,🐀,🐀,🐀,🐀,🐀,🐀,🐀,🐀,,,,,,,,,,,,,,,,👹,👹,👹,👹,👹,👹,👹,👹,👹,👹,👹,👹,👹,👹,👹,👹,👹,👹,👹,👹,👹,👹,,
,,,,,,,,,,,,,,,,,,,,,,,,,,,,,,,,,,,,,,,,,,,👾,👾,👾,👾,👾,👾,👾,👾,👾,👾,👾,👾,👾,👾,👾,👾,👾,👾,,,,,,🐀,🐀,🐀,🐀,🐀,🐀,🐀,🐀,🐀,🐀,🐀,🐀,🐀,🐀,🐀,🐀,🐀,🐀,,,,,,,,,,,👹,👹,,👹,👹,👹,👹,👹,👹,👹,👹,👹,👹,👹,👹,👹,👹,👹,👹,👹,👹,👹,👹,👹,👹,👹,👹,👹,
,,,,,,,,,,,,,,,,,,,,,,,,,,,,,,,,,,,,,,,,,,,,👾,👾,👾,👾,👾,👾,👾,👾,👾,👾,👾,👾,👾,👾,👾,👾,👾,,,,,,🐀,🐀,🐀,🐀,🐀,🐀,🐀,🐀,🐀,🐀,🐀,🐀,🐀,🐀,🐀,🐀,🐀,🐀,,,,,,,,,,,👹,👹,👹,👹,👹,👹,👹,👹,👹,👹,👹,👹,👹,👹,👹,👹,👹,👹,👹,👹,👹,👹,👹,👹,👹,👹,👹,👹,
,,,,,,,,,,,,,,,,,,,,,,,,,,,,,,,,,,,,,,,,,,,,,,👾,👾,👾,👾,👾,👾,👾,👾,👾,👾,👾,👾,👾,👾,👾,👾,,,,,🐀,🐀,🐀,🐀,🐀,🐀,🐀,🐀,🐀,🐀,🐀,🐀,🐀,🐀,🐀,🐀,🐀,🐀,,,,,,,,,,,👹,,👹,👹,👹,👹,👹,👹,👹,👹,👹,👹,👹,👹,👹,👹,👹,👹,👹,👹,👹,👹,👹,👹,👹,👹,👹,👹,
,,,,,,,,,,,,,,,,,,,,,,,,,,,,,,,,,,,,,,,,,,,,,,,,👾,👾,👾,👾,👾,👾,👾,👾,👾,👾,👾,👾,👾,👾,,,,,🐀,🐀,🐀,🐀,🐀,🐀,🐀,🐀,🐀,🐀,🐀,🐀,🐀,🐀,🐀,🐀,🐀,🐀,,,,,,,,,,,👹,👹,👹,👹,👹,👹,👹,👹,👹,👹,👹,👹,👹,👹,👹,👹,👹,👹,👹,👹,👹,👹,👹,👹,👹,👹,👹,👹,
,,,,,,,,,,,,,,,,,,,,,,,,,,,,,,,,,,,,,,,,👾,,,,,,,,👾,👾,👾,👾,👾,👾,👾,👾,👾,👾,👾,👾,👾,👾,,,,,🐀,🐀,🐀,🐀,🐀,🐀,🐀,🐀,🐀,🐀,🐀,🐀,🐀,🐀,🐀,🐀,🐀,🐀,,,,,,,,,,👹,👹,👹,👹,👹,👹,👹,👹,👹,👹,👹,👹,👹,👹,👹,👹,👹,👹,👹,👹,👹,👹,👹,👹,👹,👹,👹,👹,👹,
,,,,,,,,,,,,,,,,,,,,,,,,,,,,,,,,,,,,,,,,👾,👾,,,,,,,,👾,👾,👾,👾,👾,👾,👾,👾,👾,👾,👾,👾,👾,,,,,🐀,🐀,🐀,🐀,🐀,🐀,🐀,🐀,🐀,🐀,🐀,🐀,🐀,🐀,🐀,🐀,🐀,🐀,,,,,,,,,,👹,👹,👹,👹,👹,👹,👹,👹,👹,👹,👹,👹,👹,👹,👹,👹,👹,👹,👹,👹,👹,👹,👹,👹,👹,👹,👹,👹,👹,
,,,,,,,,,,,,,,,,,,,,,,,,,,,,,,,,,,,,,,,,👾,👾,👾,,,,,,,,👾,👾,👾,👾,👾,👾,👾,👾,👾,👾,👾,👾,,,,,🐀,🐀,🐀,🐀,🐀,🐀,🐀,🐀,🐀,🐀,🐀,🐀,🐀,🐀,🐀,🐀,🐀,🐀,,,,,,,,,,👹,👹,👹,👹,👹,👹,👹,👹,👹,👹,👹,👹,👹,👹,👹,👹,👹,👹,👹,👹,👹,👹,👹,👹,👹,👹,👹,👹,👹,
,,,,,,,,,,,,,,,,,,,,,,,,,,,,,,,,,,,,,,,👾,👾,👾,👾,👾,,,,,,,,,👾,👾,👾,👾,👾,👾,👾,👾,👾,👾,,,,🐀,🐀,🐀,🐀,🐀,🐀,🐀,🐀,🐀,🐀,🐀,🐀,🐀,🐀,🐀,🐀,🐀,🐀,🐀,,,,,,,,,,👹,👹,👹,👹,👹,👹,👹,👹,👹,👹,👹,👹,👹,👹,👹,👹,👹,👹,👹,👹,👹,👹,👹,👹,👹,👹,👹,👹,👹,👹
,,,,,,,,,,,,,,,,,,,,,,,,,,,,,,,,,,,,,,,,👾,👾,👾,👾,👾,,,,,,,,,👾,👾,👾,👾,👾,👾,👾,👾,👾,,,,🐀,🐀,🐀,🐀,🐀,🐀,🐀,🐀,🐀,🐀,🐀,🐀,🐀,🐀,🐀,🐀,🐀,🐀,🐀,,,,,,,,,,,,👹,👹,👹,👹,👹,👹,👹,👹,👹,👹,👹,👹,👹,👹,👹,👹,👹,👹,👹,👹,👹,👹,👹,👹,👹,👹,👹,👹
,,,,,,,,,,,,,,,,,,,,,,,,,,,,,,,,,,,,,,,👾,👾,🐺,🐺,👾,👾,,,,,,,,,,,,👾,👾,👾,👾,👾,👾,,,,🐀,🐀,🐀,🐀,🐀,🐀,🐀,🐀,🐀,🐀,🐀,🐀,🐀,🐀,🐀,🐀,🐀,🐀,🐀,🐀,,,,,,,,,,,👹,👹,👹,👹,👹,👹,👹,👹,👹,👹,👹,👹,👹,👹,👹,👹,👹,👹,👹,👹,👹,👹,👹,👹,👹,👹,👹,👹
,,,,,,,,,,,,,,,,,,,,,,,,,,,,,,,,,,,,,,,👾,👾,🐺,🐺,👾,👾,,,,,,,,,,,,,,,,👾,👾,,,,🐀,🐀,🐀,🐀,🐀,🐀,🐀,🐀,🐀,🐀,🐀,🐀,🐀,🐀,🐀,🐀,🐀,🐀,🐀,🐀,,,,,,,,,,,👹,👹,👹,👹,👹,👹,👹,👹,👹,👹,👹,👹,👹,👹,👹,👹,👹,👹,👹,👹,👹,👹,👹,👹,👹,👹,👹,
,,,,,,,,,,,,,,,,,,,,,,,,,,,,,,,,,,,,,,👾,👾,👾,👾,👾,👾,👾,👾,,,,,,,,,,,,,,,,👾,,,,🐀,🐀,🐀,🐀,🐀,🐀,🐀,🐀,🐀,🐀,🐀,🐀,🐀,🐀,🐀,🐀,🐀,🐀,🐀,🐀,,,,,,,,,,,,👹,👹,👹,👹,👹,👹,👹,👹,👹,👹,👹,👹,👹,👹,👹,👹,👹,👹,👹,👹,👹,👹,👹,👹,👹,👹,
,,,,,,,,,,,,,,,,,,,,,,,,,,,,,,,,,,,,,,👾,👾,👾,👾,👾,👾,👾,👾,👾,👾,,,,,,,,,,,,,,,,,,🐀,🐀,🐀,🐀,🐀,🐀,🐀,🐀,🐀,🐀,🐀,🐀,🐀,🐀,🐀,🐀,🐀,🐀,🐀,🐀,,,,,,,,,,,,👹,👹,👹,👹,👹,👹,👹,👹,👹,👹,👹,👹,👹,👹,👹,👹,👹,👹,👹,👹,,👹,👹,👹,👹,👹,
,,,,,,,,,,,,,,,,,,,,,,,,,,,,,,,,,,,,,,👾,👾,👾,👾,👾,👾,👾,👾,👾,👾,,,,,,,,,,,,,,,,,,🐀,🐀,🐀,🐀,🐀,🐀,🐀,🐀,🐀,🐀,🐀,🐀,🐀,🐀,🐀,🐀,🐀,🐀,🐀,🐀,,,,,,,,,,,,,👹,👹,👹,👹,👹,👹,👹,👹,👹,👹,👹,👹,👹,👹,👹,👹,👹,👹,👹,👹,👹,👹,👹,,👹,
,,,,,,,,,,,,,,,,,,,,,,,,,,,,,,,,,,,,,,👾,👾,👾,👾,👾,👾,👾,👾,👾,,,,,,,,,,,,,,,,,,,🐀,🐀,🐀,🐀,🐀,🐀,🐀,🐀,🐀,🐀,🐀,🐀,🐀,🐀,🐀,🐀,🐀,🐀,🐀,🐀,,,,,,,,,,,,,👹,👹,👹,👹,👹,👹,👹,👹,👹,👹,👹,👹,👹,👹,👹,👹,👹,👹,👹,👹,👹,,👹,👹,,
,,,,,,,,,,,,,,,,,,,,,,,,,,,,,,,,,,,,,👾,👾,👾,👾,👾,👾,👾,👾,👾,,,,,,,,,,,,,,,,,,,,🐀,🐀,🐀,🐀,🐀,🐀,🐀,🐀,🐀,🐀,🐀,🐀,🐀,🐀,🐀,🐀,🐀,🐀,🐀,🐀,,,,,,,,,,,,,,,👹,👹,👹,👹,👹,👹,👹,👹,👹,👹,👹,👹,👹,,👹,👹,👹,👹,👹,,,,,
,,,,,,,,,,,,,,,,,,,,,,,,,,,,,,,,,,,,👾,👾,👾,👾,👾,👾,👾,👾,👾,,,,,,,,,,,,,,,,,,,,,,🐀,🐀,🐀,🐀,🐀,🐀,🐀,🐀,🐀,🐀,🐀,🐀,🐀,🐀,🐀,🐀,🐀,🐀,🐀,,,,,,,,,,,,,,,,👹,👹,👹,👹,👹,👹,👹,👹,👹,👹,👹,👹,👹,,👹,👹,👹,,,,,,
,,,,,,,,,,,,,,,,,,,,,,,,,,,,,,,,,,👾,👾,👾,👾,👾,👾,👾,👾,👾,👾,,,,,,,,,,,,,,,,,,,,,,,🐀,🐀,🐀,🐀,🐀,🐀,🐀,🐀,🐀,🐀,🐀,🐀,🐀,🐀,🐀,🐀,🐀,🐀,🐀,,,,,,,,,,,,,,,,,👹,👹,👹,👹,👹,👹,,,,,,,,,,,,,,,,
,,,,,,,,,,🦊,🦊,🦊,🦊,🦊,,,👾,👾,👾,👾,👾,👾,👾,👾,👾,👾,👾,👾,,,,,,👾,👾,👾,👾,👾,👾,👾,👾,👾,,,,,,,,,,,,,,,,,,,,,,,,🐀,🐀,🐀,🐀,🐀,🐀,🐀,🐀,🐀,🐀,🐀,🐀,🐀,🐀,🐀,🐀,🐀,🐀,🐀,,,,,,,,,,,,,,,,,,,,,,,,,,,,,,,,,,,,,,
,,,,,,,,,🦊,🦊,🦊,🦊,🦊,🦊,👾,👾,👾,👾,👾,👾,👾,👾,👾,👾,👾,👾,👾,👾,,,,,,👾,👾,👾,👾,👾,👾,👾,👾,,,,,,,,,,,,,,,,,,,,,,,,,🐀,🐀,🐀,🐀,🐀,🐀,🐀,🐀,🐀,🐀,🐀,🐀,🐀,🐀,🐀,🐀,🐀,🐀,🐀,,,,,,,,,,,,,,,,,,,,,,,,,,,,,,,,,,,,,,
,,,,,,,,🦊,🦊,🦊,🦊,🦊,🦊,🦊,👾,👾,👾,👾,👾,👾,👾,👾,👾,👾,👾,👾,👾,👾,👾,,,,,👾,👾,👾,👾,,,,,,,,,,,,,,,,,,,,,,,,,,,,,🐀,🐀,🐀,🐀,🐀,🐀,🐀,🐀,🐀,🐀,🐀,🐀,🐀,🐀,🐀,🐀,🐀,🐀,🐀,,,,,,,,,,,,,,,,,,,,,,,,,,,,,,,,,,,,,,
,,,,,,👾,🦊,🦊,🦊,🦊,🦊,🦊,🦊,👾,👾,👾,👾,👾,👾,👾,👾,👾,👾,👾,👾,👾,👾,👾,👾,,,,👾,👾,👾,👾,👾,,,,,,,,,,,,,,,,,,,,,,,,,,,,,🐀,🐀,🐀,🐀,🐀,🐀,🐀,🐀,🐀,🐀,🐀,🐀,🐀,🐀,🐀,🐀,🐀,🐀,🐀,,,,,,,,,,,,,,,,,,,,,,,,,,,,,,,,,,,,,,
,,,,,,🦊,🦊,🦊,🦊,🦊,🦊,🦊,👾,👾,👾,👾,👾,👾,👾,👾,👾,👾,👾,👾,👾,👾,👾,👾,👾,,,👾,👾,👾,👾,👾,👾,,,,,,,,,,,,,,,,,,,,,,,,,,,,,🐀,🐀,🐀,🐀,🐀,🐀,🐀,🐀,🐀,🐀,🐀,🐀,🐀,🐀,🐀,🐀,🐀,🐀,🐀,🐀,,,,,,,,,,,,,,,,,,,,,,,,,,,,,,,,,,,,,
,,,,,,🦊,🦊,🦊,🦊,🦊,🦊,👾,👾,👾,👾,👾,👾,👾,👾,👾,👾,👾,👾,👾,👾,👾,👾,👾,👾,👾,👾,👾,👾,👾,👾,👾,👾,,,,,,,,,,,,,,,,,,,,,,,,,,,,,🐀,🐀,🐀,🐀,🐀,🐀,🐀,🐀,🐀,🐀,🐀,🐀,🐀,🐀,🐀,🐀,🐀,🐀,🐀,🐀,,,,,,,,,,,,,,,,,,,,,,,,,,,,,,,,,,,,,
,,,,,,🦊,🦊,🦊,👾,👾,👾,👾,👾,👾,👾,👾,👾,👾,👾,👾,👾,👾,👾,👾,👾,👾,👾,👾,👾,👾,👾,👾,👾,👾,👾,👾,👾,,,,,,,,,,,,,,,,,,,,,,,,,,,,,🐀,🐀,🐀,🐀,🐀,🐀,🐀,🐀,🐀,🐀,🐀,🐀,🐀,🐀,🐀,🐀,🐀,🐀,🐀,🐀,,,,,,,,,,,,,,,,,,,,,,,,,,,,,,,,,,,,,
,,,,,,👾,👾,👾,👾,👾,👾,👾,👾,👾,👾,👾,👾,👾,👾,👾,👾,👾,👾,👾,👾,👾,👾,👾,👾,👾,👾,👾,👾,👾,👾,👾,👾,,,,,,,,,,,,,,,,,,,,,,,,,,,,,🐀,🐀,🐀,🐀,🐀,🐀,🐀,🐀,🐀,🐀,🐀,🐀,🐀,🐀,🐀,🐀,🐀,🐀,🐀,🐀,,,,,,,,,,,,,,,,,,,,,,,,,,,,,,,,,,,,,
,,,,,,👾,👾,👾,👾,👾,👾,👾,👾,👾,👾,👾,👾,👾,👾,👾,👾,👾,👾,👾,👾,👾,👾,👾,👾,👾,👾,👾,👾,👾,👾,👾,👾,,,,,,,,,,,,,,,,,,,,,,,,,,,,,🐀,🐀,🐀,🐀,🐀,🐀,🐀,🐀,🐀,🐀,🐀,🐀,🐀,🐀,🐀,🐀,🐀,🐀,🐀,🐀,,,,,,,,,,,,,,,,,,,,,,,,,,,,,,,,,,,,,
,,,,,,👾,👾,👾,👾,👾,👾,👾,👾,👾,👾,👾,👾,👾,👾,👾,👾,👾,👾,👾,👾,👾,👾,👾,👾,👾,👾,👾,👾,👾,👾,👾,👾,,,,,,,,,,,,,,,,,,,,,,,,,,,,,🐀,🐀,🐀,🐀,🐀,🐀,🐀,🐀,🐀,🐀,🐀,🐀,🐀,🐀,🐀,🐀,🐀,🐀,🐀,🐀,,,,,,,,,,,,,,,,,,,,,,,,,,,,,,,,,,,,,
,,,,,,👾,👾,👾,👾,👹,👾,👾,👹,👾,👹,👾,👹,👾,👾,👾,👾,👾,👾,👾,👾,👾,👾,👾,👾,👾,👾,👾,👾,👾,👾,,,,,,,,,,,,,,,,,,,,,,,,,,,,,,,🐀,🐀,🐀,🐀,🐀,🐀,🐀,🐀,🐀,🐀,🐀,🐀,🐀,🐀,🐀,🐀,🐀,🐀,🐀,🐀,,,,,,,,,,,,,,,,,,,,,,,,,,,,,,,,,,,,,
,,,,,,👾,👾,👹,👹,👹,👹,👹,👹,👾,👹,👾,👹,👹,👾,👾,👾,👾,👾,👾,👾,👾,👾,👾,👾,👾,👾,👾,👾,👾,,,,,,,,,,,,,,,,,,,,,,,,,,,,,,,,🐀,🐀,🐀,🐀,🐀,🐀,🐀,🐀,🐀,🐀,🐀,🐀,🐀,🐀,🐀,🐀,🐀,🐀,🐀,🐀,,,,,,,,,,,,,,,,,,,,,,,,,,,,,,,,,,,,,
,,,,,,👾,👾,👹,👹,👾,👾,👾,👹,👹,👹,👹,👾,👹,,👾,👾,👾,👾,👾,👾,👾,👾,👾,👾,👾,👾,👾,👾,👾,,,,,,,,,,,,,,,,,,,,,,,,,,,,,,,,🐀,🐀,🐀,🐀,🐀,🐀,🐀,🐀,🐀,🐀,🐀,🐀,🐀,🐀,🐀,🐀,🐀,🐀,🐀,🐀,,,,,,,,,,,,,,,,,,,,,,,,,,,,,,,,,,,,,
,,,,,,👾,👾,👾,👾,👾,👾,👾,👹,👹,👹,👹,👹,👾,,👾,👾,👾,👾,👾,👾,👾,👾,👾,👾,👾,👾,👾,👾,👾,,,,,,,,,,,,,,,,,,,,,,,,,,,,,,,,🐀,🐀,🐀,🐀,🐀,🐀,🐀,🐀,🐀,🐀,🐀,🐀,🐀,🐀,🐀,🐀,🐀,🐀,🐀,🐀,,,,,,,,,,,,,,,,,,,,,,,,,,,,,,,,,,,,,
,,,,,,👾,👾,👹,👾,👾,👾,👹,👹,👹,👾,👹,👾,👹,,👾,👾,👾,👾,👾,👾,👾,👾,👾,👾,👾,👾,👾,👾,👾,,,,,,,,,,,,,,,,,,,,,,,,,,,,,,,,🐀,🐀,🐀,🐀,🐀,🐀,🐀,🐀,🐀,🐀,🐀,🐀,🐀,🐀,🐀,🐀,🐀,🐀,🐀,,,,,,,,,,,,,,,,,,,,,,,,,,,,,,,,,,,,,,
,,,,,,,,👾,👹,👹,👾,👹,👹,👹,👹,👾,👹,👾,,👾,👾,👾,👾,👾,👾,👾,👾,👾,👾,👾,👾,👾,👾,👾,,,,,,,,,,,,,,,,,,,,,,,,,,,,,,,,🐀,🐀,🐀,🐀,🐀,🐀,🐀,🐀,🐀,🐀,🐀,🐀,🐀,🐀,🐀,🐀,🐀,,,,,,,,,,,,,,,,,,,,,,,,,,,,,,,,,,,,,,,,
,,,,,,👾,👾,👹,👾,👹,👹,👹,👹,👹,👾,👾,👾,👹,,👾,👾,👾,👾,👾,👾,👾,👾,👾,👾,👾,👾,👾,,,,,,,,,,,,,,,,,,,,,,,,,,,,,,,,,,🐀,🐀,🐀,🐀,🐀,🐀,🐀,🐀,🐀,🐀,🐀,🐀,🐀,🐀,🐀,🐀,,,,,,,,,,,,,,,,,,,,,,,,,,,,,,,,,,,,,,,,,
,,,,,,👾,👾,👹,👹,👹,👾,👹,👾,👹,👹,👾,👾,👹,,👾,👾,👾,👾,👾,👾,👾,👾,👾,👾,👾,👾,👾,,,,,,,,,,,,,,,,,,,,,,,,,,,,,,,,,,🐀,🐀,🐀,🐀,🐀,🐀,🐀,🐀,🐀,🐀,🐀,🐀,🐀,🐀,🐀,🐀,,,,,,,,,,,,,,,,,,,,,,,,,,,,,,,,,,,,,,,,,
,,,,,,👾,👾,👹,👾,👹,👾,👹,👹,👾,👾,👹,👹,👹,,👾,👾,👾,👾,👾,👾,👾,👾,👾,👾,👾,👾,👾,,,,,,,,,,,,,,,,🐄,🐄,🐄,🐄,🐄,🐄,🐄,🐄,🐄,🐄,🐄,🐄,🐄,,,,,,🐀,🐀,🐀,🐀,🐀,🐀,🐀,🐀,🐀,🐀,🐀,🐀,🐀,🐀,🐀,🐀,,,,,,,,,,,,,,,,,,,,,,,,,,,,,,,,,,,,,,,,,
,,,,,,👾,👾,👾,👾,👹,👾,👹,👾,👾,👹,👾,👾,👹,,👾,👾,👾,👾,👾,👾,👾,👾,👾,👾,👾,👾,👾,,,,,,,,,,,,,,,,🐄,🐃,🐃,🐃,🐃,🐃,🐃,🐃,🐃,🐃,🐃,🐃,🐄,,,,,,🐀,🐀,🐀,🐀,🐀,🐀,🐀,🐀,🐀,🐀,🐀,🐀,🐀,🐀,🐀,🐀,,,,,,,,,,,,,,,,,,,,,,,,,,,,,,,,,,,,,,,,,
,,,,,,,👾,👾,👾,👾,👹,👹,👹,👾,👾,👾,👾,👾,👾,👾,👾,👾,👾,👾,👾,👾,👾,👾,👾,👾,👾,,,,,,,,,,,,,,,,,🐄,🐃,🐄,🐄,🐄,🐄,🐄,🐄,🐄,🐄,🐄,🐃,🐄,,,,,,🐀,🐀,🐀,🐀,🐀,🐀,🐀,🐀,🐀,🐀,🐀,🐀,🐀,🐀,🐀,🐀,,,,,,,,,,,,,,,,,,,,,,,,,,,,,,,,,,,,,,,,,
,,,,,,,,,,,👾,👾,👾,👾,👾,👾,👾,👾,👾,,,👾,👾,👾,👾,👾,👾,👾,👾,👾,👾,,,,,,,,,,,,,,,,,🐄,🐃,🐄,🐄,🐄,🐄,🐄,🐄,🐄,🐄,🐄,🐃,🐄,,,,,,🐀,🐀,🐀,🐀,🐀,🐀,🐀,🐀,🐀,🐀,🐀,🐀,🐀,🐀,🐀,🐀,,,,,,,,,,,,,,,,,,,,,,,,,,,,,,,,,,,,,,,,,
,,,,,,,,,,,👾,👾,👾,👾,👾,👾,👾,👾,👾,,,👾,👾,👾,👾,👾,👾,👾,👾,👾,👾,,,,,,,,,,,,,,,,,🐄,🐃,🐄,🐄,🐄,🐄,🐄,🐄,🐄,🐄,🐄,🐃,🐄,,,,,,🐀,🐀,🐀,🐀,🐀,🐀,🐀,🐀,🐀,🐀,🐀,🐀,🐀,🐀,🐀,,,,,,,,,,,,,,,,,,,,,,,,,,,,,,,,,,,,,,,,,,
,,,,,,,,,,,,,,,,,,,,,,👾,👾,👾,👾,👾,👾,👾,👾,👾,👾,,,,,,,,,,,,,,,,,🐄,🐃,🐄,🐄,🐄,🐄,🐄,🐄,🐄,🐄,🐄,🐃,🐄,,,,,,,🐀,🐀,🐀,🐀,🐀,🐀,🐀,🐀,🐀,🐀,🐀,🐀,🐀,,,,,,,,,,,,,,,,,,,,,,,,,,,,,,,,,,,,,,,,,,,
,,,,,,,,,,,,,,,,,,,,,,,,,,,,,,,,,,,,,,,,,,,,,,,,🐄,🐃,🐄,🐄,🐄,🐄,🐄,🐄,🐄,🐄,🐄,🐃,🐄,,,,,,,,,,,,,,,,,,,,,,,,,,,,,,,,,,,,,,,,,,,,,,,,,,,,,,,,,,,,,,
,,,,,,,,,,,,,,,,,,,,,,,,,,,,,,,,,,,,,,,,,,,,,,,,🐄,🐃,🐄,🐄,🐄,🐄,🐄,🐄,🐄,🐄,🐄,🐃,🐄,,,,,,,,,,,,,,,,,,,,,,,,,,,,,,,,,,,,,,,,,,,,,,,,,,,,,,,,,,,,,,
,,,,,,,,,,,,,,,,,,,,,,,,,,,,,,,,,,,,,,,,,,,,,,,,🐄,🐃,🐃,🐃,🐃,🐃,🐃,🐃,🐃,🐃,🐃,🐃,🐄,,,,,,,,,,,,,,,,,,,,,,,,,,,,,,,,,,,,,,,,,,,,,,,,,,,,,,,,,,,,,,
,,,,,,,,,,,,,,,,,,,,,,,,,,,,,,,,,,,,,,,,,,,,,,,,🐄,🐄,🐄,🐄,🐄,🐄,🐄,🐄,🐄,🐄,🐄,🐄,🐄,,,,,,,,,,,,,,,,,,,,,,,,,,,,,,,,,,,,,,,,,,,,,,,,,,,,,,,,,,,,,,